toi,tid,tfopwg_disp,pl_orbper,pl_trandep,pl_trandurh,st_tmag
1048.01,384549882,FP,0.30412,1330.0,0.748,8.802
1049.01,16288184,KP,2.1805333,16399.8584641,2.9443745,11.0657
105.01,144065872,KP,2.1846669,11535.5475157,2.6989102,9.4995
1050.01,66818296,KP,3.7354838,17030.0,4.142,11.0261
1051.01,259863352,FA,21.701669,211.6567325,8.2676424,7.1278
1052.01,317060587,CP,9.139804,358.4157801,3.0912936,9.0197
1053.01,112395568,FP,5.742625,1105.760867,2.860293,8.8849
1054.01,366989877,CP,15.5077855,513.0,4.565,8.4362
1055.01,320004517,CP,17.4713078,1199.7541483,4.4284819,8.0888
1056.01,421894914,PC,5.3079507,391.3830934,3.2158594,9.6663
1057.01,323132914,PC,51.1701501,851.4547808,6.6641048,9.4091
1058.01,31553893,FP,11.1296406,974.0000876,7.0531336,9.3781
1059.01,380783252,PC,9.4496542,25387.7438512,2.2611055,9.7825
106.01,38846515,KP,2.8493827,7740.4889995,3.548888,10.3157
1060.01,101230735,APC,2.0685633,502.0,0.373,9.6652
1061.01,253990973,FP,0.5407427,583.9693007,1.0271289,9.7345
1062.01,299799658,CP,4.1150527,538.9646334,1.0584261,9.478
1063.01,406976746,PC,10.0665517,862.6763733,2.0209131,9.0689
1064.01,79748331,CP,6.4438657,1121.9512275,1.9309449,10.0059
1064.02,79748331,CP,12.2265595,1206.3693293,2.1904379,10.0059
1065.01,7088246,KP,2.1605155,13774.8794619,1.4806956,13.2851
1066.01,201604954,KP,4.606184,13793.034867,3.121643,11.9707
1067.01,201642601,KP,3.1316735,14915.6943722,2.4579197,13.1686
1068.01,6663331,KP,3.180362,21192.463324,2.111521,13.2887
1069.01,31858843,KP,2.9776446,13022.0,2.962,10.4293
107.01,92352620,KP,3.9502008,13914.0,4.444,9.6433
1070.01,31858844,FP,2.9776152,43218.111683,3.25697,15.7114
1071.01,120247528,KP,3.5544026,10164.8753396,2.0550535,11.5803
1072.01,140830390,FP,12.8379689,10539.0192794,9.8464123,11.7106
1073.01,158297421,CP,3.9228016,31510.9004906,1.8736007,13.6699
1074.01,327301957,PC,13.9428705,1015.395543,3.7522756,10.6339
1075.01,351601843,CP,0.6047392,1027.6833479,1.0403847,11.1186
1000.01,50365310,FP,2.1713484,656.8860989,2.0172196,9.604
1001.01,88863718,PC,1.9316462,1286.0,3.166,9.42344
1002.01,124709665,FP,1.8675574,1500.0,1.408,9.299501
1003.01,106997505,FP,2.74323,383.41,3.167,9.3003
1004.01,238597883,FP,3.5730141,755.0,3.37,9.1355
1005.01,169904935,FP,4.5505945,3731.0,2.654,9.1309
1006.01,156115721,FP,2.5047918,2270.5402194,4.3797563,9.2386
1007.01,65212867,PC,6.9989206,2840.0,3.953,8.87759
1008.01,440801822,FP,2.0483755,483.0,2.767,8.9362
1009.01,107782586,PC,1.9600277,1707.6272693,2.0065257,8.4331
101.01,231663901,KP,1.4303699,18960.7122944,1.6165994,12.4069
1010.01,139853601,FP,0.6808702,1507.8006889,2.4634563,8.45086
1011.01,114018671,PC,2.4705036,273.0272045,2.3513472,8.2388
1012.01,427508467,APC,0.884182,1890.0,1.621,8.12718
1013.01,97700520,FP,5.4255548,14939.6342222,3.9637474,7.6095
1014.01,96246348,FP,1.4095184,2841.5103258,0.9484999,7.678
1015.01,155044736,FP,1.3730466,1301.5065338,2.5708515,10.7069
1016.01,175310067,FP,12.6889415,3232.8527885,7.9201001,10.6257
1017.01,182943944,FP,1.10422,14177.7,2.37,10.6019
1018.01,291555748,FP,4.95912,7440.0,2.509,10.6254
1019.01,341420329,PC,5.2341008,20796.9416293,3.7078139,10.6348
102.01,149603524,KP,4.4119372,14711.8810303,3.6321285,9.7109
1020.01,140706664,FP,3.28892,10518.9,3.793,10.7173
1021.01,143994283,FP,1.90879,618.482,1.909,10.5551
1022.01,47384844,FA,3.09574,380.0,4.475,8.72924
1023.01,238374636,FP,1.3214483,2180.0,3.435,9.697
1024.01,141482386,FP,18.0157,610.0,2.524,10.0814
1025.01,297967252,FP,9.6837908,4965.2496516,1.6988586,5.5324
1026.01,388624270,FP,14.2628757,913.2067174,6.9350494,9.9138
1027.01,20318757,PC,3.2834565,1558.0,1.537,10.2103
1027.02,20318757,PC,11.02875,1694.0,2.715,10.2103
1027.03,20318757,PC,5.0113292,1210.0,1.024,10.2103
1028.01,447283466,FP,1.01606,240.0,2.843,7.9059
1029.01,374908020,FP,36.22214,7170.0,5.107,6.841
103.01,336732616,KP,3.547854,10424.3718,3.494333,11.5232
1030.01,464296022,FP,12.1246519,7279.0,4.612,9.5706
1031.01,304021498,FP,5.652623,1250.0,3.434,9.7318
1032.01,146589986,PC,5.6643704,3491.8232968,3.8087395,9.7611
1033.01,149601557,FP,29.0161646,1238.3381592,5.345,10.0163
1034.01,400595342,FP,3.6404389,476.3077321,2.5339234,9.8174
1035.01,361413119,PC,6.0744477,5982.5212406,2.4954821,10.1126
1036.01,146172354,PC,3.7795212,2761.0,2.952,10.2855
1037.01,363260203,FP,1.2025238,390.0,1.991,9.0211
1038.01,90544017,FP,3.2235985,680.0,2.159,8.7157
1039.01,461867584,APC,4.420125,2466.0,3.956,8.5483
104.01,231670397,KP,4.0872956,3572.1712499,5.586113,9.8638
1040.01,310483807,FP,2.55555,397.9246747,1.566,8.3854
1041.01,385624852,FP,8.30792,8350.0,3.228,8.0981
1042.01,360286627,FP,0.758082,583.93181,1.8184632,9.718
1043.01,90448944,FP,1.4415577,507.0,2.349,9.5719
1044.01,463402815,PC,1.0085089,3051.0,1.642,10.0031
1045.01,54044474,FP,3.7039994,7590.0,4.277,9.6306
1046.01,309787037,FP,1.3042553,914.0,1.706,10.0119
1047.01,370745311,FP,0.62627,1880.0,0.666,10.2355
1105.01,274151135,PC,10.8679798,1646.8377504,2.4656675,10.2809
1106.01,384513078,PC,11.1149,900.0,2.26,10.0717
1107.01,394561119,CP,4.0782388,6667.6920161,4.9104136,10.0068
1108.01,295599256,FP,7.1439527,11592.5273803,1.7937093,9.941
1109.01,50309953,FP,7.04083,1580.0,2.979,9.7906
111.01,355703913,KP,2.1061569,12142.2238514,1.4688934,13.183
1110.01,446549905,FP,2.4545635,4248.0,2.321,9.6789
1111.01,412014494,FP,11.4756978,8341.0,0.808,9.3871
1112.01,369864738,FP,2.7817956,637.6922029,2.2489868,9.5162
1113.01,290348382,FP,6.4410082,7076.0,1.798,9.66865
1114.01,409934330,APC,2.4887717,4840.6796243,2.632,8.1129
1115.01,379286801,APC,4.45199,8483.38,2.109,10.526
1116.01,304100538,PC,5.0100708,409.4812214,2.0644756,9.5268
1117.01,295541511,PC,2.2281625,630.0,2.015,10.4055
1118.01,90919952,FP,4.13812,5560.0,3.911,10.5084
1119.01,261369656,APC,10.95663,3830.0,3.588,10.5024
112.01,388104525,KP,2.4997996,14621.2059647,2.865171,11.6035
1120.01,143257766,FP,1.66226,6030.0,3.321,10.4063
1121.01,24094603,FP,4.07611,1454.18,2.062,11.0605
1122.01,304774444,FP,3.6245513,1299.0,3.042,10.2934
1123.01,469782185,APC,1.20928,11883.8,1.886,10.2398
1124.01,128790976,APC,3.5187707,5634.0,2.408,7.2235
1125.01,80166433,PC,0.7724825,211.3168519,1.3744974,8.0465
1126.01,405862830,FP,1.6268695,1502.0,3.231,10.3579
1127.01,269450900,FP,2.32439,2704.18,4.453,7.3163
1128.01,425721385,FP,13.5499,1180.0,1.795,9.7298
1129.01,91576611,FP,4.43651,1520.0,3.365,8.7823
113.01,97409519,KP,3.372877,17163.60419,2.63426,12.1893
1130.01,254113311,CP,8.34998,16680.0,1.836,10.1429
1130.02,254113311,CP,4.0686405,2650.0950013,1.8373729,10.1429
1131.01,198213332,PC,0.5860366,410.5241553,0.8098934,9.2872
1132.01,267489265,FP,1.5502952,411.0,2.938,9.2293
1133.01,69997672,FP,1.80709,450.0,3.297,9.11458
1134.01,122220263,FP,18.6922101,11126.0,7.765,9.03609
1135.01,154872375,CP,8.0277326,5705.0,4.284,9.02855
1076.01,360742636,KP,2.5495611,14921.4021936,2.6173308,11.2474
1077.01,369960846,PC,1.6062693,16725.3019333,1.9561305,13.461
1078.01,370133522,CP,0.5182425,831.8920424,0.8565249,10.1165
1079.01,379240073,PC,3.1644075,5603.4635466,2.0576293,13.1284
108.01,289793076,KP,3.0440495,22807.0101774,2.6523472,13.163
1080.01,161032923,CP,3.9652485,3680.7544436,1.0112593,12.7067
1081.01,253728991,PC,2.9840866,6014.0780197,2.9051285,11.5247
1082.01,261108236,PC,16.3469053,2212.4257252,3.5865698,11.8835
1083.01,322270620,PC,12.9802953,2407.2608671,2.5034417,12.0936
1084.01,380589029,KP,1.3484961,18463.7636682,2.4074261,12.2851
1085.01,381979901,APC,3.2541181,13620.0,4.341,11.6577
1086.01,468148930,PC,3.7178828,4864.8405125,5.5277827,12.2303
1087.01,426077080,FP,9.30992,2220.0,3.464,9.4142
1088.01,343648136,FA,1.15395,1550.0,2.236,10.4613
1089.01,129319156,FP,4.73703,2410.0,3.902,10.3918
109.01,29344935,KP,2.76676,14947.4387827,2.6872178,13.2366
1090.01,361034196,FP,2.19296,4933.74,4.586,10.0196
1091.01,193413306,PC,1.725841,2710.0,3.674,9.3529
1092.01,387079085,FP,1.1923,3730.0,3.119,9.0039
1093.01,382331352,FP,11.47606,3050.0,6.083,10.0067
1094.01,136274063,APC,0.5971314,910.0,0.468,9.9806
1095.01,375223080,PC,1.482138,2102.6568299,2.1867078,10.4291
1096.01,375225453,FP,0.9209526,360.8801529,1.8602735,10.11
1097.01,360630575,CP,9.188506,460.0,2.492,8.7215
1097.02,360630575,CP,13.9028391,647.2701039,2.1264429,8.7215
1098.01,383390264,CP,10.1826983,667.4752458,2.8275109,8.7581
1099.01,290348383,CP,6.441006,914.0,1.812,7.3661
110.01,281459670,KP,3.1743504,15457.3247576,2.751086,11.6714
1100.01,318608749,FP,20.0731588,1152.9645461,3.8449215,10.5135
1101.01,271581073,FP,2.66903,3110.0,1.548,10.5891
1102.01,311890977,FP,6.63371,1555.34,2.122,10.5652
1103.01,351603103,PC,2.94308,4490.0,4.073,10.5598
1104.01,451599528,FP,341.2791676,8583.5584652,7.0132492,7.5622
1167.01,232967666,FP,15.196,1970.0,1.792,10.3874
1168.01,41330864,FP,2.1358631,10325.0,1.559,10.381
1169.01,302518439,PC,6.7075429,11920.0,2.125,10.6405
117.01,322307342,KP,3.5862962,5729.3246858,3.3710943,11.7806
1170.01,294176967,FP,1.8296155,1406.0,2.166,10.349
1171.01,101929303,FP,11.1876137,4924.0,3.183,10.3075
1172.01,1717732429,FP,7.8513949,22029.0,6.835,10.3018
1173.01,232967440,CP,7.0643978,8268.0,2.424,10.2938
1174.01,154089169,CP,8.9534775,1136.0,2.696,10.2549
1175.01,30329585,FP,7.5022708,1760.0,2.605,10.2026
1176.01,230088370,PC,14.0077666,5924.8349672,5.8727493,10.1772
1177.01,169177766,FP,1.692892,1418.0,2.886,10.1617
1178.01,359496368,FP,2.6652007,819.0,3.49,10.1358
1179.01,148914726,APC,1.2615323,2841.0,1.039,10.1313
118.01,266980320,CP,6.0344634,1750.6457632,2.052901,9.179
1180.01,158002130,CP,9.6867516,1669.0,2.512,10.112
1181.01,229510866,CP,2.1031647,7142.0,5.059,10.079
1182.01,341544930,FP,7.6416041,6025.0,2.654,10.0049
1183.01,258777137,FP,5.9294088,10226.0,2.933,9.9478
1184.01,233087860,CP,5.7484439,1041.0,1.76,9.9469
1185.01,83210867,FP,1.1967018,824.0,1.879,9.94025
1186.01,289539327,FP,11.2464616,7576.0,7.391,9.92402
1187.01,372757221,PC,2.5941968,907.0,0.861,9.9002
1188.01,15247229,FP,8.5112,4172.76,3.486,9.886581
1189.01,112026224,PC,3.9687994,1760.0,1.07,9.8744
119.01,278683844,PC,5.5411113,597.3296582,2.4142561,9.2789
119.02,278683844,PC,10.69173,498.5173154,3.0528284,9.2789
1190.01,287196418,APC,3.694982,7178.687343,4.4293079,9.80529
1191.01,237185205,FP,15.7335693,2540.0,3.288,9.7831
1192.01,158276040,APC,45.9403293,14807.0,3.768,10.4999
1193.01,89643259,FP,2.2219839,4394.0,1.996,10.4813
1194.01,147950620,CP,2.3106428,6911.0,1.294,10.4782
1195.01,24364065,FP,4.0502651,691.6258169,3.5296608,10.4717
1196.01,69068526,PC,5.5376617,5390.0,2.517,10.4318
1197.01,92677094,PC,4.5960377,5000.0,4.744,10.4247
1198.01,203189770,KP,3.612771,11794.0,4.142,10.4219
1199.01,99869022,CP,3.6714717,4340.0,2.149,10.4221
1136.01,142276270,CP,12.5187279,2320.0,5.38,8.9361
1136.02,142276270,CP,6.2586065,813.0,3.201,8.9361
1136.03,142276270,CP,26.3208756,800.0,4.414,8.9361
1136.04,142276270,CP,18.795547,470.6731965,4.3425576,8.9361
1137.01,89389197,PC,1.3206356,1052.4255997,1.6000996,9.00558
1138.01,110428269,FP,0.6499595,343.3360069,2.0007766,8.90601
1139.01,202563254,PC,4.4780798,1054.0,4.513,8.86193
114.01,25155310,KP,3.2887898,7005.7247902,3.4367717,10.6103
1140.01,320525204,FP,13.7431084,5688.0,2.285,8.88797
1141.01,159510109,FP,16.9487087,156467.5479643,4.2887767,8.8523
1142.01,284450803,FP,3.3686634,3288.0,3.012,8.64028
1143.01,160268701,FP,11.2071839,3276.0,4.366,8.63287
1144.01,28230919,KP,4.8878037,4279.0,2.184,8.5077
1145.01,350995812,FP,2.97164,7350.0,1.534,8.5011
1146.01,21755546,FP,0.660179,473.0939303,1.6349369,8.40386
1147.01,288391628,FP,10.9278415,2743.0,2.468,8.36544
1148.01,349827430,KP,5.5514888,9493.0,4.335,7.9179
1149.01,117789567,APC,2.3202418,5082.9417064,2.3817612,7.9172
115.01,281541555,KP,4.7423709,12650.8110411,2.4988145,13.0417
1150.01,16740101,KP,1.4810903,6788.5145388,4.1588291,7.58204
1151.01,69679391,KP,3.4741012,15748.0,3.317,7.55216
1152.01,237184773,FA,6.5011911,4501.3454064,5.5463587,8.0348
1153.01,154840461,APC,6.0360758,987.0,1.255,8.40534
1154.01,459970307,CP,21.745537,659.0,4.196,9.3188
1155.01,161450762,FP,1.32003,552.468,3.175,9.711
1156.01,117256577,FP,1.6865822,1770.0,2.429,9.7032
1157.01,147576037,FP,13.0727479,4080.0,3.044,9.6043
1158.01,379931600,FP,2.9258727,6720.0,4.075,9.5967
1159.01,48188920,FP,0.73774,524.852,0.636,9.5937
116.01,238176110,KP,2.7985802,16708.7151957,2.3801043,11.0443
1160.01,89510024,FP,2.3664127,300.0,2.591,9.577
1161.01,158324245,KP,1.7635881,6650.0,3.092,10.2306
1162.01,13419950,PC,7.3166682,3210.0,3.255,9.65306
1163.01,375542276,PC,3.0771612,4703.2844346,2.6914319,9.47751
1164.01,16102323,FP,3.2077145,9640.0,2.708,9.329701
1165.01,458478250,KP,2.2552845,20820.0,2.05,9.76703
1166.01,138361973,FP,1.8824539,1391.0,2.46,9.7604
120.01,394137592,CP,11.535076,2389.90616,8.555958,7.1062
1200.01,288185138,FP,0.8352406,2065.0,1.043,10.402
1201.01,29960110,CP,2.4919771,2093.9594201,1.4338141,10.9473
1202.01,327017634,FP,,878.134108,2.726775,8.386
1203.01,23434737,CP,25.5195307,558.3758637,6.6877451,7.9995
1204.01,467666275,PC,1.3812115,117.7553083,2.7372191,8.004
1205.01,287776397,PC,2.3922703,63.575141,9.0053425,8.3902
1206.01,308034948,FP,0.831542,248.969585,1.985538,8.6014
1207.01,364393429,PC,2.6282553,75.2858004,2.0930597,9.2397
1208.01,273985865,PC,3.4239436,443.6391381,1.9601023,10.5924
1208.02,273985865,PC,10.983042,725.1724567,3.7478987,10.5924
1208.03,273985865,PC,17.726449,747.7725499,3.4404719,10.5924
1209.01,30037565,PC,40.7199388,355.619391,4.2436925,9.597
121.01,207081058,APC,14.7741056,15041.0,5.504,9.9358
1210.01,33878688,FP,79.3739596,1227.0,5.392,11.1762
1211.01,50312495,PC,18.1663644,624.0,2.464,9.8135
1212.01,389924075,PC,105.5850893,462.9116325,11.6068811,10.4016
1213.01,399144800,FP,27.2149622,4731.4046225,3.7190483,10.6392
1214.01,451606970,PC,19.1806569,615.8668935,3.7163298,10.0329
1215.01,453260209,PC,1.2124446,284.0332951,1.0336415,10.42
1216.01,141527965,PC,4.5541831,187.8286128,7.8146963,11.546
1217.01,248092710,PC,41.4856125,959.7522291,6.6899368,9.6517
1218.01,294781547,PC,13.7739455,373.9753053,3.0145452,10.3869
1219.01,294981566,PC,1.9142693,236.6169778,3.8491328,10.1207
122.01,231702397,CP,5.0780325,5923.1283069,1.2100353,13.084
1220.01,319259194,APC,70.3607265,1353.9678246,1.0325441,9.5298
1221.01,349095149,CP,91.6827832,713.2183569,9.7504857,10.0564
1222.01,374997123,PC,10.1944993,317.3261147,2.2648785,10.3014
1223.01,382437043,FP,14.64319,242.7923919,2.5483426,9.3109
1224.01,299798795,CP,4.1782656,2537.6781602,1.675904,11.556
1224.02,299798795,CP,17.9453645,5480.684864,3.0740072,11.556
1225.01,150428703,PC,13.896396,748.5332881,3.5885605,11.7582
1225.02,150428703,PC,8.1213102,594.6443745,3.1040945,11.7582
1226.01,177115354,PC,3.9287851,485.9762569,1.8165271,11.5514
1227.01,360156606,CP,27.3613778,20690.6684294,4.0586418,13.802
1228.01,300038935,CP,29.0496801,297.0644469,7.3129572,9.0963
1229.01,140760434,APC,31.8132264,11479.375547,11.2567164,10.779
123.01,290131778,CP,3.3088922,4736.0,6.114,7.87598
1230.01,287156968,CP,25.0573466,567.4245524,6.3733023,9.6245
1231.01,447061717,CP,24.2454967,6260.6703602,3.3725583,10.2565
1232.01,364395234,CP,14.2545623,7899.6939555,4.7250029,11.7835
1233.01,260647166,CP,14.1758947,907.1324529,3.7543827,8.6522
1233.02,260647166,CP,19.5901578,1182.6678641,4.002861,8.6522
1233.03,260647166,CP,6.2036219,548.9044399,3.01098,8.6522
1233.04,260647166,CP,3.79589,317.5272928,2.4602856,8.6522
1234.01,90504905,FP,2.2686477,8734.6937531,5.2112144,13.7991
1235.01,103633434,CP,3.4447015,796.0,1.912,9.91924
1259.01,288735205,CP,3.4779776,27021.6932424,2.5103489,11.1534
126.01,70440470,KP,3.0354017,16196.2158157,2.8809533,12.7923
1260.01,355867695,CP,3.1274634,1331.83693,1.9812695,10.8116
1260.02,355867695,CP,7.4931613,1650.6470497,1.9339295,10.8116
1260.03,355867695,CP,49.825166,2059.4069037,3.8714976,10.8116
1261.01,356311210,PC,18.0574016,1198.0572128,3.592177,10.6965
1262.01,365938305,CP,20.8774413,771.0,3.562,9.5966
1263.01,406672232,PC,1.0214555,319.0,1.252,8.5325
1264.01,416195870,PC,2.7441672,5650.0,1.418,10.634
1265.01,424865156,KP,2.2047452,6872.0,3.996,10.0274
1266.01,467179528,CP,10.8948421,3168.3853584,2.0719394,11.0402
1266.02,467179528,CP,18.8016111,1686.7881033,1.9093524,11.0402
1267.01,158561566,KP,6.7900981,2158.1733568,6.0786576,11.636
1268.01,142394656,CP,8.157721,10273.0,3.788,10.1495
1269.01,198241702,CP,4.2529641,758.584999,2.5733867,10.9897
1269.02,198241702,PC,9.2378703,660.0,2.535,10.9897
127.01,234523599,CP,3.7955178,52278.9940979,2.0198135,14.1266
1270.01,237200747,FP,14.3034613,48840.0,3.135,11.463
1271.01,286923464,KP,6.1349783,3860.0,5.661,7.4556
1272.01,417948359,CP,3.3159772,2770.0,1.494,11.0244
1273.01,445859771,CP,4.6313014,4860.0,1.435,10.418
1274.01,459969957,PC,19.3203478,13910.0,4.215,11.8994
1275.01,13499636,FA,11.3246821,1937.5829721,5.9704136,10.5954
1276.01,43064903,FA,6.261169,4005.022808,2.0369188,12.5405
1277.01,153949511,FA,,1405.9675071,4.6,9.76775
1277.02,153949511,PC,14.8559691,1127.0,3.711,9.76775
1278.01,163539739,CP,14.4751062,9618.5798534,1.6182484,11.7819
1279.01,224297258,CP,9.6141636,933.6532689,3.4271882,9.99454
128.01,391949880,CP,4.9404801,417.0085167,2.1221497,7.9849
1280.01,230017324,PC,9.6926392,1838.2370548,3.0182304,10.6355
1281.01,232971294,CP,6.390888,435.0,3.766,9.6635
1282.01,236445129,KP,0.9689927,13532.9710157,2.5496309,11.4373
1283.01,266593143,KP,10.338505,18162.0,4.242,9.7525
1236.01,120757718,KP,3.0300715,21794.6136956,2.5466671,11.0248
1237.01,120960812,KP,12.72038,1070.0,2.401,10.2768
1237.02,120960812,KP,6.238755,373.5681138,3.6178567,10.2768
1238.01,153951307,CP,3.2947689,1324.0402774,1.7483103,11.2582
1238.02,153951307,CP,0.7645807,394.9832006,1.07057,11.2582
1239.01,154716798,PC,12.6396982,3292.6812864,3.3830702,10.7192
124.01,29831208,APC,1.8428078,1950.0,1.449,11.1311
1240.01,158170594,KP,1.7208555,10014.2587401,1.8346409,13.8046
1241.01,159107668,PC,4.7802597,1015.4550043,1.4588658,11.1634
1242.01,198212955,PC,0.3814849,570.0,0.565,11.598
1243.01,219698776,CP,4.6595169,1725.1706259,0.9011821,11.1966
1244.01,219850915,CP,6.4002807,1026.6018729,2.1559875,11.0157
1245.01,229781583,CP,4.8204512,1930.0,1.756,12.1819
1246.01,230127302,CP,18.6548829,1495.4449473,5.4431451,11.1802
1246.02,230127302,CP,4.3074513,1094.8419495,2.3379196,11.1802
1246.03,230127302,CP,5.9041278,773.9266468,2.7678313,11.1802
1246.04,230127302,CP,37.9251983,1370.7888539,3.5345219,11.1802
1247.01,232540264,CP,15.9234883,493.0,4.021,8.4724
1248.01,232612416,CP,4.3601536,5592.2909183,2.3408909,11.1153
1249.01,232976128,CP,13.0791581,1143.0,2.97,10.2108
125.01,52368076,CP,4.6517186,978.0,2.709,10.1985
125.02,52368076,CP,9.1549418,1101.0,2.457,10.1985
125.03,52368076,CP,19.9815709,909.0,2.724,10.1985
125.04,52368076,PC,,738.7670156,4.6235211,10.1985
1250.01,233059608,FA,1.4415044,547.3172736,0.9274524,6.895
1251.01,233120979,APC,5.9630544,11000.0,2.951,10.6479
1252.01,233211762,PC,1.1219715,3997.6445916,0.8226121,12.0623
1253.01,233684822,FP,4.6756655,738.0,1.914,9.89947
1254.01,236714379,APC,1.0180114,2618.9492168,1.1353639,10.794
1255.01,237222864,CP,10.288886,854.0,1.391,9.1416
1256.01,274762761,FP,1.0332441,26111.5081972,3.8017836,13.5608
1257.01,278348461,KP,5.4526479,7750.0,3.401,9.87463
1258.01,288132261,PC,10.2613397,726.0,4.855,9.13619
1315.01,137284119,FP,2.571698,1173.0,3.032,9.14819
1316.01,15565627,FP,3.80509,1280.0,3.347,10.3332
1317.01,165523947,FP,2.99041,1290.0,3.952,10.2918
1318.01,167092385,PC,4.9865029,1341.0,2.441,10.151
1319.01,167098530,FP,0.890967,1100.0,1.784,9.3213
132.01,89020549,CP,2.1096805,1309.7297126,2.1344043,10.8061
1320.01,167403519,PC,3.9729429,4558.0,3.653,10.334
1321.01,195199644,FP,1.19888,1169.03,1.558,10.0849
1322.01,240450679,APC,3.37644,5791.2,1.437,10.0819
1323.01,256886630,FP,2.03905,430.0,2.26,8.26618
1324.01,266688542,FP,2.9424142,1400.0,4.073,10.1894
1325.01,274942910,FP,1.0793011,1562.0,2.196,9.9809
1326.01,275111900,FP,8.0428575,18730.0,9.504,8.6746
1327.01,312083267,APC,3.9392206,1216.7147907,1.9994781,8.38189
1328.01,330332501,FP,4.0157492,1150.0,2.706,10.3599
1329.01,345996087,FP,2.02197,1062.7654577,4.9602194,10.2835
133.01,219338557,FP,8.1996639,866.9104696,1.928811,9.9762
1330.01,357457104,FP,1.748054,670.0,2.122,9.521
1331.01,387664866,FP,2.6551878,1086.3110363,4.0370055,9.08409
1332.01,387664868,FP,2.65688,1959.88,2.615,10.8823
1333.01,395171208,CP,4.7201912,6710.0,4.416,9.03527
1334.01,42123111,FP,4.03349,1530.0,2.684,9.5526
1335.01,89759617,FP,3.3295346,5004.0,3.79,10.4806
1336.01,92783821,FP,3.8615978,1020.0,1.678,10.2115
1337.01,160708862,KP,3.3448312,13626.0,3.322,9.8787
1338.01,260128333,CP,95.174,2600.061605,11.6316864,11.4881
1339.01,269701147,CP,8.8803281,1238.0,2.71,8.2929
1339.02,269701147,CP,28.580474,1081.396943,4.5139977,8.2929
1339.03,269701147,CP,38.3511223,1029.0917261,5.9120193,8.2929
134.01,234994474,CP,1.4015183,593.7540922,1.1583061,9.22978
1340.01,233681149,FP,8.5865509,1754.7731836,4.6739293,10.8037
1341.01,233390838,FP,6.4474918,9270.0,2.643,9.53591
1342.01,256621916,FP,1.4136455,2427.0,1.448,10.4243
1343.01,358631536,FP,3.4040139,935.0,4.837,10.0062
1344.01,1400770435,FP,13.7432169,5046.0,2.73,8.88797
1345.01,160487753,PC,8.47134,540.0,6.989,10.8049
1284.01,267561446,FP,1.283251,1961.318203,2.012261,12.5313
1285.01,274662200,FP,1.2292558,1194.4742438,1.6084721,10.9313
1286.01,277507814,APC,0.6166953,929.8378448,0.9984078,10.1653
1287.01,352764091,PC,9.6001126,380.4193796,4.9882857,8.593
1288.01,365733349,CP,2.6998294,2798.0,2.208,9.93119
1289.01,408203470,FP,0.581322,3206.6010016,1.3261177,12.9984
129.01,201248411,CP,0.980972,6178.392421,0.5405036,9.9005
1290.01,417676622,KP,5.3987355,352.0,3.127,9.50898
1291.01,198186769,PC,7.16199,800.0,7.668,10.8722
1292.01,199688472,FP,1.4412175,12927.0,1.666,9.84566
1293.01,202504234,PC,1.6849938,990.0,0.916,10.8605
1294.01,219015370,CP,3.9152737,3350.0,2.562,10.9458
1295.01,219852584,CP,3.1968838,7958.980656,3.7533697,10.7973
1296.01,219854185,CP,3.9443668,6732.488454,4.8652146,10.8041
1297.01,229536616,FP,3.93034,9724.58,3.667,10.9873
1298.01,237104103,CP,4.5371361,4199.7558754,4.042155,10.9585
1299.01,258777134,FP,5.929405,16410.0,3.719,10.451
130.01,263003176,CP,14.3391387,363.2368496,4.2356531,7.4371
1300.01,293687315,KP,2.8716983,8568.0,4.668,9.823
1301.01,356867115,CP,6.0964074,1142.4891745,2.3632965,10.5216
1301.02,356867115,PC,,2143.3712267,8.0555709,10.5216
1302.01,441797803,PC,5.6666168,9780.0,3.604,10.6724
1303.01,185405474,FP,1.56029,1690.0,2.751,9.87278
1304.01,186000935,FP,8.8735214,1949.0,4.059,9.76577
1305.01,232679662,FP,7.8513774,21571.0,6.699,10.3018
1306.01,233735068,FP,7.6869063,4500.0,4.652,10.0194
1307.01,236815160,APC,2.5346232,5119.2473247,2.4058383,10.7967
1308.01,277014266,FP,1.3797091,1320.0,2.352,10.6168
1309.01,287190564,FP,1.49861,2188.61,2.871,10.6229
131.01,235037761,APC,6.2407826,6114.0,1.513,9.8567
1310.01,294179389,FP,2.6794129,7467.9978663,2.9946835,10.5742
1311.01,378159598,APC,6.1407146,9589.5543586,2.3689701,10.5819
1312.01,405904232,FP,11.0765081,4741.301707,4.9421783,10.1098
1313.01,11111899,FP,0.6193401,1853.0,1.514,9.6996
1314.01,136848581,FP,2.6400663,1328.0,3.368,9.90482
1377.01,240613164,FP,1.99143,16745.8,4.136,10.1441
1378.01,249812036,FP,5.7785318,4990.0,2.348,9.624
1379.01,252490659,APC,1132.0244686,18121.2,4.119,10.3842
138.01,277683130,APC,6.1982658,3896.0,1.912,9.5739
1380.01,274170255,FP,1.41072,500.0,2.623,9.32845
1381.01,275722992,PC,6.5601782,2474.0,4.058,10.379
1382.01,276360911,FA,0.44482,1610.0,1.058,9.62426
1383.01,313506357,FP,1.532703,1250.0,2.698,9.5621
1384.01,328167090,FP,0.7131492,450.0,2.428,10.0009
1385.01,329864959,FP,4.5228781,25701.805278,5.3451649,8.437
1386.01,343019899,CP,25.8386422,1806.0,5.209,10.0618
1387.01,343442463,FP,0.78381,426.099,1.443,8.95861
1388.01,346338552,KP,4.4652986,14440.0,2.502,9.76031
1389.01,353038705,PC,3.062624,580.0,1.767,9.957501
139.01,62483237,CP,11.0708575,1149.7328034,2.1937617,9.3636
1390.01,365389353,FP,2.6380089,1683.0,3.55,10.3093
1391.01,389182138,FP,2.7260173,1165.0,2.703,10.4602
1392.01,416987878,FP,2.86876,1030.0,2.422,10.399
1393.01,430528566,FP,0.5590256,660.0,0.688,10.1993
1394.01,431156009,FP,2.958148,980.0,3.769,9.44275
1395.01,468472950,FP,0.9872436,334.8457361,1.4987493,10.1277
1396.01,468845640,FP,3.9914877,2009.4240539,5.4452595,10.3217
1397.01,64553698,FP,8.6795072,10160.0,3.628,10.1799
1398.01,66445643,APC,6.5560156,860.9545482,3.5477292,8.6291
1399.01,66783360,FP,1.3812787,1573.0,2.4,10.2107
140.01,140068425,APC,2.2813432,1126.6619488,1.1601933,9.7828
1400.01,258801269,FP,5.48923,910.0,3.29,10.938
1401.01,259126549,FP,7.3845072,25160.0,4.531,10.9828
1402.01,259129875,FP,0.43889,650.0,0.947,10.5896
1403.01,328750515,FP,2.3359622,3066.2492749,6.0165684,10.7387
1404.01,352239069,PC,6.8674054,779.0,3.488,10.9425
1404.02,352239069,PC,14.431887,1687.0,3.265,10.9425
1405.01,387834907,FP,12.64001,9458.38,6.893,8.4239
1406.01,231736113,CP,10.5739824,5460.0,4.04,11.4266
1407.01,69747919,KP,9.9783319,179.2248456,4.2281711,7.7275
1408.01,364186197,CP,4.4247042,2447.0,1.318,8.82374
1408.02,364186197,KP,2.2222094,87.0,2.461,8.82374
1346.01,219852882,CP,5.5025577,844.7022676,3.1711008,10.7261
1346.02,219852882,CP,1.7622537,733.5550822,0.8779711,10.7261
1347.01,229747848,CP,0.8474218,424.3932848,0.8758764,10.7157
1347.02,229747848,CP,4.8420438,318.6638392,2.4105648,10.7157
1348.01,229770036,FP,2.1403498,435.3645005,2.7414132,10.6666
1349.01,272635712,APC,12.71672,388.126,2.529,9.34822
135.01,267263253,CP,4.1269046,10831.0,4.405,9.2205
1350.01,233953967,PC,5.5402372,2710.0,7.713,10.3589
1351.01,1718201850,APC,5.9294089,14536.0,2.928,10.3267
1352.01,336740528,APC,5.2958813,5100.0,2.882,10.4209
1353.01,279177746,FP,4.4350025,2085.0,2.252,10.1503
1354.01,365683032,FP,1.4287976,1768.0,2.93,8.78822
1355.01,372264750,CP,2.1702725,5156.7735359,2.1417853,8.65269
1356.01,277566483,PC,24.2544697,8802.0,17.486,8.9468
1357.01,357972447,FP,0.33759,529.0,1.351,10.2193
1358.01,275501623,FP,1.67346,390.0,2.54,8.63701
1359.01,416624606,FP,2.5152549,1870.0,2.386,10.2732
136.01,410153553,CP,0.4629304,4507.3268775,0.5409433,11.9238
1360.01,330468175,FP,0.70902,570.0,2.49,10.0146
1361.01,277447970,PC,2.237462,4281.0,2.991,10.2202
1362.01,395142888,PC,1.9173816,664.0,1.466,9.7736
1363.01,230017325,FP,9.6926509,1393.0,2.819,10.3843
1364.01,26880783,PC,1.7753644,878.0,2.034,9.2118
1365.01,367099243,FP,1.8286961,7283.0,3.37,10.4849
1366.01,120602501,FP,14.8626982,8264.2193919,3.3250502,8.48216
1367.01,129539786,FP,2.0881134,730.0,2.307,9.24102
1368.01,136971594,FP,1.25562,290.0,2.304,9.1384
1369.01,155005217,FP,7.6047417,1200.0,5.23,10.4216
137.01,176957796,FA,4.8173797,1800.0,1.323,10.702
1370.01,155114483,FP,5.2651271,3450.0,2.463,9.25068
1371.01,162130054,APC,5.0095235,9323.7410843,2.8316961,9.948
1372.01,164150539,FP,6.1600888,1120.0,1.67,10.3126
1373.01,176899385,KP,3.8529998,8913.0,3.225,9.995771
1374.01,190430205,FP,1.06884,470.0,2.512,9.8261
1375.01,190442486,FP,5.4561177,1360.0,3.1,10.4568
1376.01,190743990,FP,1.7380504,956.0,1.496,10.2566
1409.01,115771549,APC,4.7182866,2789.0710018,4.5659547,8.3764
141.01,403224672,CP,1.0082361,228.0,1.41,7.384
1410.01,199444169,CP,1.2168732,1240.0,0.86,10.1917
1411.01,116483514,CP,1.4520486,393.0,1.339,9.1043
1412.01,116483734,APC,4.731977,3470.0,0.361,11.0997
1413.01,119700084,PC,6.1182129,1805.1895773,0.6671441,10.1188
1414.01,125442121,APC,3.0196254,11317.7106067,3.9042855,11.029
1415.01,148782377,PC,14.4204896,1061.4991496,5.1737619,8.39816
1416.01,158025009,CP,1.0697621,376.0,1.356,9.0739
1417.01,164173105,CP,3.0726434,10471.4949697,2.2602485,8.51017
1418.01,224600500,FA,0.6763235,30.1617977,4.916459,6.76754
1419.01,311035838,KP,2.8997405,13760.0,1.849,10.7164
142.01,425934411,PC,0.8533534,25080.3290695,1.2018737,14.7109
1420.01,321857016,CP,6.9561134,15989.231101,3.3628003,11.2287
1421.01,329277372,FP,2.8879675,23489.3314084,3.6626399,10.5998
1422.01,333473672,CP,13.001789,1339.5837664,4.4847322,10.1308
1422.02,333473672,,,1149.0506852,2.1336409,10.1308
1423.01,346418409,FP,2.7563941,2670.2144473,3.3100936,10.9243
1424.01,418959198,FP,4.8962484,1186.0289925,2.362418,10.5152
1425.01,350132371,APC,1.0318263,5232.5866634,1.0892782,9.25755
1426.01,128501004,FP,0.78999,5750.0,1.153,9.76952
1427.01,2041563029,FP,12.80758,27112.7,3.596,10.0526
1428.01,377304435,FP,11.35626,2190.0,6.047,10.8475
1429.01,138968089,FP,0.6412558,1029.5348333,1.1161082,11.6459
143.01,25375553,KP,2.3109689,6829.4236495,3.4303821,9.77486
1430.01,293954617,CP,7.4341456,701.0,2.424,8.3879
1431.01,375506058,CP,2.650232,6449.0,2.03,7.79824
1432.01,256783784,CP,6.1095756,510.0,2.441,9.4653
1433.01,13684720,APC,12.437977,107230.4220068,1.710953,12.4647
1434.01,138588540,PC,29.871853,712.5668187,4.6960535,8.0621
1435.01,153976959,CP,0.6858178,148.2277582,1.3936363,9.9802
1436.01,154383539,PC,0.8675883,321.4840933,1.3814953,11.0906
1437.01,198356533,CP,18.840891,331.0,5.765,8.69378
1438.01,229650439,CP,5.1396666,769.5996824,0.8991981,10.3237
1438.02,229650439,CP,9.4280902,799.0,1.377,10.3237
1439.01,232982558,CP,27.6438617,560.0,5.321,9.98671
144.01,261136679,CP,6.2678139,321.0,2.789,5.1054
1440.01,233617847,PC,15.5174519,434.0,5.322,9.80972
1440.02,233617847,PC,4.6274206,152.4142924,4.6582573,9.80972
1441.01,233951353,CP,22.092974,435.0,5.813,9.48477
1442.01,235683377,CP,0.4090681,1281.2294665,0.6165726,12.4934
1443.01,237232044,CP,23.5407467,956.0,4.025,9.9377
1444.01,258514800,CP,0.4702719,209.49313,1.3258819,10.1522
1445.01,259172391,PC,9.8130697,630.0,3.91,10.6074
1445.02,259172391,PC,4.7842093,390.0,2.947,10.6074
1446.01,294471966,PC,6.3170657,688.3375977,2.4466954,10.7502
1446.02,294471966,PC,4.5057387,428.7456455,1.885675,10.7502
1447.01,298073824,FA,1.2273079,66.4147779,4.8114753,8.1033
1448.01,343628284,CP,8.0970819,4723.0724376,3.127852,13.1717
1472.01,306955329,CP,6.3634106,2368.6952027,2.692302,10.5508
1473.01,352413427,CP,5.2544884,567.0,2.898,8.297
1474.01,427654774,FP,5.222621,15867.9920175,4.693629,14.1431
1475.01,431514478,PC,8.4953513,718.4869448,0.9060555,8.77994
1476.01,432549364,KP,1.2174936,6969.0,2.57,10.2242
1477.01,240681314,KP,2.7324809,9548.2806012,2.2139341,10.6496
1478.01,409794137,CP,10.1802014,11500.0,4.613,10.2042
1479.01,421308357,FP,16.6828999,2054.0,1.804,10.364
148.01,393940766,CP,4.8670758,4965.8114653,3.1883546,11.7835
1480.01,335483600,FP,3.354053,6389.1712796,1.8984151,8.7514
1481.01,197650870,FP,2.1853174,1168.0,1.656,10.3209
1482.01,252616865,PC,5.7121916,7555.0,4.775,10.0687
1483.01,452803785,FP,5.0037857,1950.0,4.154,10.4935
1484.01,67309890,FP,1.1623941,1099.0,1.266,10.2108
1485.01,377191482,FA,2.9551881,230.0,1.361,8.8052
1486.01,233541860,FP,0.2666485,230.0,1.075,9.9592
1487.01,459978312,FA,23.28798,120.0,3.462,5.28906
1488.01,198457103,FA,0.4721054,45.2185132,1.6995515,8.07023
1489.01,219751469,FA,6.98301,270.0,3.472,8.2285
149.01,260985861,PC,3.3399432,9074.0787832,4.2534704,10.8727
1490.01,283474780,APC,3.9943,550.0,4.876,8.39511
1491.01,53875855,PC,4.4902667,2513.0,2.758,10.3996
1492.01,354594208,FP,0.86673,662.925,1.089,9.76119
1493.01,15692883,CP,5.147905,3710.0,5.405,9.7116
1494.01,411608801,CP,5.0267996,6358.0060702,2.754044,10.3002
1495.01,431148743,FP,2.6277641,490.0,2.997,8.706101
1496.01,384045439,FP,10.82661,5890.0,6.877,10.0478
1497.01,371673488,FP,0.8165295,468.0,2.294,9.95717
1498.01,316402246,FP,1.4014167,2730.0,3.661,9.6788
1499.01,414870287,FP,4.95898,230.232,1.831,7.8165
150.01,271893367,CP,5.8574075,6489.7302346,5.8548029,10.9031
1500.01,377420580,FP,1.4147363,990.0,2.429,10.1871
1501.01,329145325,FP,1.077774,2680.0,2.682,10.4089
1502.01,410528770,FP,2.7536237,1460.0,2.39,10.4824
1503.01,428065977,FP,1.6534102,600.0,3.102,10.2347
1449.01,356158613,PC,21.3885896,1693.1154384,3.149055,10.745
1449.02,356158613,PC,2.3691849,699.3113402,1.6840374,10.745
145.01,265612438,PC,5.13002,3376.0,4.78,11.6789
1450.01,377293776,CP,2.0439268,465.1929875,1.008937,10.0306
1451.01,417931607,CP,16.5379864,608.0,2.796,8.9989
1452.01,420112589,CP,11.0619937,3249.1164334,1.7587777,12.295
1453.01,198390247,CP,6.5886877,852.0,1.678,10.1426
1453.02,198390247,CP,4.3135263,274.0,1.874,10.1426
1454.01,294179385,PC,2.6794125,13486.4048237,2.9780859,11.1612
1455.01,387259626,APC,3.6231364,17749.0,2.385,10.1543
1456.01,199376584,CP,18.712253,6066.0,6.475,8.0417
1457.01,176860064,APC,6.3768174,2760.0,2.752,7.1145
1458.01,191284318,KP,2.7759678,13613.0,3.074,10.374
1459.01,16920150,FA,9.155934,908.2412562,3.1412022,10.1583
146.01,355636844,FP,6.30556,860.0,2.946,10.7124
1460.01,17005768,FP,6.8424983,8029.880305,3.3079378,9.9176
1461.01,44631965,APC,3.5685945,20260.8743805,2.6185972,11.3805
1462.01,188768068,CP,2.1779407,110.0,2.098,5.8961
1463.01,190998418,KP,2.8791023,11426.6170088,2.7497683,12.0401
1464.01,229944666,PC,11.3125266,861.7265878,2.5943007,10.8597
1465.01,236887394,KP,1.4200248,23730.0,1.431,11.8478
1466.01,237086564,PC,1.8718991,920.0,1.475,11.0278
1467.01,240968774,CP,5.9711357,1437.1086027,1.5478671,10.5977
1468.01,243185500,CP,15.5324385,2937.4953214,1.7640717,10.8858
1468.02,243185500,CP,1.880531,1214.0066593,1.1911684,10.8858
1469.01,283722336,KP,3.0929386,254.2319025,0.8776502,4.6278
1469.02,283722336,KP,6.7650398,269.0,1.421,4.6278
147.01,220435095,FP,3.4231002,8643.1016455,2.4377583,11.8999
1470.01,284441182,CP,2.5272822,1847.4872236,1.265861,11.4752
1471.01,306263608,CP,20.7724316,1415.0,5.508,8.5725
1471.02,306263608,CP,52.5637056,1193.0,6.5,8.5725
1471.03,306263608,,5.4409615,149.8833432,3.052312,8.5725
1471.04,306263608,,30.7200934,371.5328768,1.5905572,8.5725
1538.01,177244357,PC,6.54692,2400.0,4.589,9.8931
1539.01,252636888,FP,2.590266,700.0,4.378,10.4116
154.01,389525208,FP,6.74657,2970.0,1.803,10.0704
1540.01,318746829,FP,5.2273176,2856.0,3.572,10.4234
1541.01,319068154,FP,3.7983639,3194.0,1.594,9.7436
1542.01,367607434,FA,8.2916,470.0,3.361,8.40348
1543.01,431585347,FP,5.13664,930.0,4.45,10.06
1544.01,455791689,PC,1.2918334,1224.0,1.429,10.4143
1545.01,127425841,FP,1.5166573,1590.0,1.607,9.83204
1546.01,194203348,PC,1.13345,490.0,1.894,9.87731
1547.01,409520860,FP,0.71933,478.823,1.474,10.3973
1548.01,440100539,FA,12.6017,800.0,4.835,8.7282
1549.01,191146556,FP,2.5798051,5740.0,3.413,10.3959
155.01,129637892,PC,5.4499753,973.0,4.319,9.0284
1550.01,241065596,FP,1.6256942,1720.0,1.988,10.2936
1551.01,288348498,PC,1.67546,1250.0,1.202,9.967
1552.01,326919774,FP,7.57193,420.0,2.656,8.19
1553.01,327341626,APC,5.9382163,6171.0,2.244,10.3478
1554.01,299158887,KP,9.4341589,4001.924935,2.8505348,11.0579
1555.01,441732151,FP,2.09989,27336.4,0.908,10.1688
1556.01,405794804,FP,1.44127,2750.0,2.605,9.79455
1557.01,320506985,FP,1.08697,860.0,1.967,10.4925
1558.01,117322779,FP,0.68601,910.0,1.614,10.485
1559.01,241040309,PC,3.4648951,1339.0,1.046,10.3978
156.01,220518305,FP,14.1520377,3180.4559232,3.143991,10.294
1560.01,241076290,PC,0.2580006,812.7310325,0.5351356,10.1942
1561.01,245462406,FP,2.27456,1020.0,3.32,10.2948
1562.01,249862365,FP,0.98999,420.0,2.05,9.10226
1563.01,249945230,PC,1098.2258586,4496.0,6.121,9.4397
1564.01,250724252,APC,0.5596691,4538.0,1.478,10.2845
1565.01,251384275,PC,1099.2560385,2970.0,5.661,9.2085
1566.01,256414077,FP,3.01106,1617.22,3.073,10.5907
1567.01,259151170,FP,,54500.0,4.149,10.374
1568.01,284050395,FP,1.35932,2840.0,2.831,9.74734
1569.01,285666479,FP,1.71614,681.449,2.038,10.424
157.01,140691463,CP,2.0845434,12504.825019,2.017038,12.0166
1570.01,285674856,FP,1.74626,1110.0,3.88,9.4883
1571.01,285677945,FP,1.2427,663.745,1.563,10.2353
1504.01,326114850,FP,1.2456423,691.0,1.354,9.98645
1505.01,331034236,FP,3.4272549,569.4677099,5.9083927,9.27116
1506.01,64836837,FP,10.9115374,1039.0,3.269,9.8115
1507.01,430677414,FP,0.4674105,277.2222409,1.5010693,8.41718
1508.01,415741431,FP,2.1575124,550.0,2.236,10.471
1509.01,272828463,FP,1.577609,1055.0,1.646,9.42218
151.01,382302241,FP,1.59782,1713.69,1.49,11.0264
1510.01,377739433,FP,1.23852,440.0,3.138,10.1975
1511.01,376682699,FP,1.1025238,2919.0,2.321,10.381
1512.01,434718964,FP,1.597226,3834.1260621,5.3721722,10.262
1513.01,269509393,FP,1.76589,730.0,3.807,10.2866
1514.01,270238522,FP,1.36991,1170.0,4.156,7.5586
1515.01,470709084,FP,3.66505,910.0,2.346,10.4433
1516.01,376637093,CP,2.0560153,17453.0,2.773,10.377
1517.01,455962313,FP,2.25505,658.0,3.034,9.599
1518.01,427761355,CP,1.902606,8984.9897271,2.3653693,8.75127
1519.01,272049972,FP,1.0960111,2150.0,3.167,10.1914
152.01,403287048,FP,7.00776,3666.99,2.68,11.3569
1520.01,269238073,FP,6.1461734,1034.0,5.386,9.68805
1521.01,366074069,FP,4.1812866,4280.0,4.394,9.78876
1522.01,367102581,FP,2.9798592,580.0,2.737,9.39575
1523.01,387413037,FP,6.72694,1070.0,2.649,10.3197
1524.01,314338017,FP,10.9554897,370.0,6.772,9.1325
1525.01,276380902,FP,0.6171788,519.0,1.433,10.3202
1526.01,313761775,FP,1.5309799,654.0,1.37,9.693811
1527.01,202375913,PC,5.0625809,2884.0,3.69,9.6968
1528.01,285543785,APC,9.9385371,8146.5394648,3.9821296,9.716
1529.01,312259170,FP,0.8229,2660.0,2.068,10.4049
153.01,231081369,APC,7.6316384,4580.0,2.054,11.7349
1530.01,312469860,FP,0.50261,1120.0,1.127,9.9475
1531.01,312678993,APC,0.5175204,1347.965557,1.0433667,8.3593
1532.01,327579226,PC,8.905407,6702.0,2.71,10.1786
1533.01,345143460,CP,3.6458046,1168.0,1.828,10.1128
1533.02,345143460,PC,8.0637954,2301.0,0.804,10.1128
1534.01,354600221,FP,1.41853,560.0,2.728,9.867621
1535.01,420288086,FP,6.5344463,3240.0,2.774,10.4397
1536.01,445137888,FP,2.013653,822.8974252,2.1214907,10.3654
1537.01,173612049,PC,6.4902646,1080.0,2.545,10.473
1606.01,125735470,APC,4.7126743,1941.0,1.061,9.08995
1607.01,26433869,FP,1.0357235,480.0,1.366,8.4107
1608.01,138017750,FP,2.4727494,2960.9440076,2.4130698,7.42812
1609.01,229951289,FA,13.3118,750.0,4.492,10.2572
161.01,348770361,PC,2.7684331,3234.0971112,4.223,11.4964
1610.01,219776325,PC,2.5287981,387.0,1.286,10.3727
1611.01,264678534,CP,16.2016817,885.0,2.792,7.5825
1612.01,268403451,KP,2.8641388,9597.0,2.417,10.0521
1613.01,272625214,FP,5.2469991,1180.0,3.45,10.4641
1614.01,317397615,FP,0.7438074,633.0,1.377,10.2351
1615.01,317507345,FP,3.9401791,13317.0,1.991,9.68708
1616.01,322054600,PC,1.3433022,1052.0,0.662,10.4505
1617.01,322202434,FP,1.4013505,1532.0,1.562,10.2505
1618.01,376838000,FP,2.1679,560.0,1.39,9.9272
1619.01,377144784,FP,2.3866952,586.0,2.654,10.0552
162.01,99493790,APC,7.764691,24530.0,3.185,11.6834
1620.01,378291076,PC,1.5982014,296.0,2.254,9.53523
1621.01,387260717,PC,6.453624,200.0,3.582,9.97595
1622.01,388076005,FP,1.7126115,340.0,3.128,9.39435
1623.01,407394748,FP,0.7522775,1301.0,1.073,9.5287
1624.01,461387302,FP,5.8089284,1111.0,5.137,10.2763
1625.01,470852531,FP,1.49446,890.0,2.114,10.2918
1626.01,157586003,KP,3.3326189,8310.5066162,3.5620066,12.0545
1627.01,424435940,KP,5.0172146,14236.9594003,3.7363301,11.2311
1628.01,284475976,KP,2.1436364,9203.7552743,3.1539349,11.1541
1629.01,310003988,KP,4.5421594,9760.0,4.294,11.191
163.01,179317684,CP,4.2311173,7261.2759361,4.3531635,10.8719
1630.01,317597583,CP,12.0557353,807.0,1.959,8.9943
1631.01,29054413,APC,15.2521892,871.2527446,1.3463514,10.4289
1632.01,51024887,FP,8.2491871,117724.0282614,4.9807847,14.9885
1633.01,165551882,FA,12.1582804,3430.7762638,2.1406837,12.5441
1634.01,201186294,CP,0.98933,1519.669587,1.0357615,11.0136
1635.01,230086768,FP,34.9270483,110264.9392094,2.7546907,13.4447
1636.01,269892793,FP,1.7729239,26694.3797428,1.8255671,11.9056
1637.01,286355915,FP,4.076684,10459.727229,4.4132181,10.6479
1572.01,292321872,FP,8.66698,9854.3,6.104,10.4562
1573.01,302773669,KP,21.216464,6499.0,3.045,7.6353
1574.01,307111282,FP,,7440.0,9.597,10.2978
1575.01,316254876,FP,2.4611008,1795.0,3.13,10.3775
1576.01,327011842,FP,0.7840121,304.620701,0.9812069,9.7828
1577.01,332154944,FP,0.99837,2730.0,1.632,9.60027
1578.01,348135793,FP,1.97741,5470.0,6.549,10.1042
1579.01,354400186,FP,9.07768,19171.9,2.78,9.7745
158.01,403136413,FP,2.51266,2790.01,2.411,11.2314
1580.01,354469661,KP,4.7947749,6864.0,4.799,9.17925
1581.01,370759867,FP,,8410.0,4.23,9.76978
1582.01,374400599,FP,1.8932775,3415.0,3.118,10.0188
1583.01,403256331,FP,3.77188,450.0,2.923,9.5425
1584.01,418987806,FP,0.88654,870.0,1.679,9.27904
1585.01,444415148,FP,1.83641,470.0,2.222,8.9676
1586.01,445144327,PC,1.80794,540.0,2.17,10.4396
1587.01,458914949,FP,12.5343031,1517.0,4.572,10.2543
1588.01,50120414,PC,3.581083,760.0,3.454,8.951
1589.01,52041724,FP,35.4028219,12666.0,4.221,9.87542
159.01,394657039,CP,3.7628372,11360.0,3.956,10.5132
1590.01,71854745,FP,3.10315,1760.07,3.535,10.2146
1591.01,82010657,FP,,3010.0,8.06,9.64805
1592.01,186599508,FP,5.6318074,1186.1481873,3.4553092,9.76636
1593.01,192372961,FP,2.06313,600.0,2.157,9.1222
1594.01,201154493,FP,1.51233,640.0,2.59,9.7479
1595.01,385105624,FP,1.7498117,2549.0,1.641,10.4511
1596.01,431899140,FP,1.9734615,1295.0,3.69,10.0888
1597.01,68152139,FP,0.73772,980.0,1.057,10.1342
1598.01,67418624,PC,1.1020719,580.0,0.864,8.6344
1599.01,129979528,KP,1.2198382,12160.1096043,2.8341804,7.87611
160.01,253917293,FP,4.608,3213.22,3.383,11.2901
1600.01,187029841,FP,0.361112,710.0,0.756,9.66027
1601.01,139375960,CP,5.33155,4220.0,6.191,10.1035
1602.01,129991079,FA,6.15952,1230.0,3.834,10.4375
1603.01,73448352,KP,4.7321735,8121.0,2.589,10.1868
1604.01,118301361,FP,3.46608,1620.0,4.403,9.08054
1605.01,101037590,CP,8.7094632,4510.0,3.027,9.62924
1638.01,312862941,PC,0.9150623,4304.9322224,0.6662728,12.1312
1639.01,348673213,FP,0.901465,3156.5658264,2.5562155,12.974
164.01,79395355,FP,7.31898,3809.3,3.771,11.407
1640.01,396562848,CP,1.9495403,2089.2444115,0.8060618,11.0548
1641.01,422923265,PC,1.8646725,570.0,1.028,9.616
1642.01,229940491,APC,37.4590526,6301.1377934,2.9417045,11.1169
1643.01,298647682,PC,20.0795217,1065.5355707,1.2186554,8.6628
1644.01,22843856,FP,1.8497201,5750.0,1.757,9.8203
1645.01,184679932,FP,2.1721416,17864.5520776,2.7480823,9.25319
1646.01,387527558,FA,3.623909,26979.8210456,2.6568012,13.0367
1647.01,154927364,FP,6.9744232,9189.0,2.124,10.249
1648.01,376353509,CP,7.3315684,893.0,1.287,9.5831
1649.01,116608612,FP,3.4557863,6423.0,2.164,9.17041
165.01,350743714,FP,7.757643,7336.6908822,2.8561356,9.6686
1650.01,122485078,FP,9.1505,1370.0,2.986,10.0106
1651.01,138168780,KP,3.7649949,14735.0,2.642,9.88278
1652.01,154867950,FP,0.6664882,233.1038387,1.38,8.68013
1653.01,156724719,PC,10.9568722,4643.0,3.469,9.353
1654.01,258829450,PC,1.8347892,242.0,2.414,10.1556
1655.01,266500992,PC,3.2786617,1101.0,2.631,10.3309
1656.01,267694283,APC,1112.7562924,6669.0,9.386,8.54941
1657.01,27677846,FP,5.6309047,1683.0,3.877,9.5668
1658.01,286561122,FP,0.6803433,565.5754223,2.0674164,10.2674
1659.01,288631580,CP,5.8775548,412.2881337,2.9027641,9.56906
1659.02,288631580,PC,3.3985674,171.0,2.197,9.56906
166.01,147203645,PC,5.0611315,5276.0349302,1.5562414,10.7258
1660.01,311121985,FP,1.3561596,482.0,2.504,9.00007
1661.01,312122956,FP,2.0492064,1030.0,3.417,10.1283
1662.01,339538183,FP,2.6093167,1984.0,1.175,9.7053
1663.01,353367071,FP,2.37532,1940.0,2.957,9.84095
1664.01,353782445,PC,11.835079,336.0,2.094,9.17708
1665.01,354006740,FP,1.76406,870.0,3.086,6.4018
1666.01,368536386,FP,1.69433,650.0,2.169,10.3693
1667.01,409183335,FP,3.32125,5760.0,4.304,9.7229
1668.01,417705690,FP,2.363311,1121.0,3.294,10.0233
1669.01,428679607,CP,2.6800536,456.0,1.758,9.52906
167.01,149990841,PC,4.4531846,5910.0,1.687,11.6349
1670.01,441739020,CP,40.7501028,6026.0,4.873,9.4682
1670.02,441739020,CP,10.9836724,315.0,2.636,9.4682
1670.03,441739020,PC,123.050751,432.5381817,9.1928098,9.4682
1671.01,459903429,FA,8.13664,840.0,2.084,8.71289
1672.01,468828873,FP,3.8954139,911.0,2.832,10.045
1673.01,470315428,FP,1.08625,1110.0,2.534,10.2851
1674.01,73104318,FP,7.45494,2280.0,3.465,9.46925
1675.01,81831095,PC,3.133084,1192.0,1.237,9.9944
1676.01,8400842,KP,3.1915257,8587.0,2.756,9.441
1677.01,87090944,PC,0.6435807,876.6807794,0.6659322,10.1089
1678.01,96291218,FP,13.7058173,5788.0,2.597,10.3614
1679.01,9837861,FP,0.6565741,423.0,1.908,9.9021
168.01,369457671,PC,2.31446,1190.0,1.347,11.5147
1680.01,259168516,CP,4.8026561,4358.1157678,1.1658648,13.3081
1681.01,321041369,PC,1.5379237,1135.0,0.766,10.4445
1682.01,367366318,KP,2.7347651,9209.0,3.205,8.14847
1683.01,58542531,CP,3.057524,1117.9638175,1.3790503,9.794
1712.01,67926921,FP,3.566276,3870.0,4.197,9.9841
1713.01,15863518,PC,0.5572565,1198.7212417,0.5671304,10.618
1714.01,239154970,KP,3.4744763,12920.0,4.258,10.7131
1715.01,142090065,FP,2.8269456,967.6020801,1.1370976,9.01249
1716.01,14336130,CP,8.082354,559.0,3.284,8.82897
1717.01,149833117,PC,4.052389,8976.0,2.169,9.52339
1718.01,257241363,PC,5.5870396,1907.0,2.745,8.2558
1719.01,293617835,PC,2.7552586,338.0,1.17,7.7649
172.01,29857954,CP,9.47686,2980.0,4.392,10.7379
1720.01,356473034,KP,2.6158597,13363.0,2.517,10.4467
1721.01,51234631,KP,4.1250429,8804.0,4.454,10.1653
1722.01,85242435,PC,9.6052235,1437.0,3.628,9.52682
1723.01,71431780,CP,13.7270395,901.0,4.007,9.09942
1724.01,81212286,FP,0.6850808,2675.7176662,1.0565887,12.507
1725.01,86396382,KP,1.0914304,15377.7920504,3.05123,11.0967
1726.01,130181866,CP,7.107934,501.6058242,3.440833,6.2683
1726.02,130181866,CP,20.5438153,799.3817133,4.0537919,6.2683
1727.01,241225337,PC,1.8308782,464.5713657,1.5764906,9.75149
1728.01,285048486,CP,3.4913952,5400.0,1.763,10.7921
1729.01,298666530,FP,0.5732797,192007.9598,0.5003469,18.3324
173.01,270341214,PC,29.7537451,6350.8299407,8.0780445,8.8784
173.02,270341214,PC,9.1702265,305.9835677,5.6855842,8.8784
1730.01,318022259,CP,6.2262315,1488.0,2.239,10.3595
1730.02,318022259,CP,2.1555232,742.0,1.445,10.3595
1730.03,318022259,CP,12.5739572,2170.0,2.722,10.3595
1731.01,371234684,KP,3.9228042,13970.0,3.205,11.7946
1732.01,470987100,PC,4.1192231,1236.5042452,2.1841675,11.3266
1733.01,53427308,FP,5.80322,1710.0,1.569,10.379
1734.01,224596152,PC,28.8745078,584.5089133,4.4849765,10.2713
1735.01,365673804,PC,10.3857602,380.0,3.101,8.3412
1736.01,408618999,CP,7.0731057,439.0,3.819,8.3302
1737.01,233009109,PC,14.4479828,218.0,6.353,8.57502
1738.01,104208182,PC,3.6985817,3061.8238445,1.5474205,12.4851
1739.01,159418353,CP,8.3033493,571.0,1.705,9.812
1684.01,85031598,PC,1.1549925,739.0,0.911,7.3543
1685.01,28900646,CP,0.6691449,1254.3711932,0.9921631,11.1117
1686.01,102672709,PC,6.7053949,575.2056582,3.8459321,9.86671
1687.01,103448870,PC,10.2596322,1080.9213165,1.8234891,9.83739
1688.01,121966220,FP,6.7171913,9138.715071,7.5037208,10.8001
1689.01,198384408,FA,9.1238101,283.324087,5.1188391,6.3196
169.01,183120439,CP,2.2554459,5283.7103901,1.6678604,11.788
1690.01,267574918,CP,1.4079369,484643.7441389,0.3063531,16.338
1691.01,268334473,CP,16.7368995,989.0,4.561,9.52636
1692.01,288636342,PC,17.7286608,1086.4618139,6.4427868,10.741
1692.02,288636342,PC,32.2079698,2409.2943157,7.519958,10.741
1693.01,353475866,CP,1.766692,830.5082973,1.4196682,10.6714
1694.01,396740648,CP,3.7701296,4361.1801082,2.8512056,10.7424
1695.01,422756130,CP,3.1342946,1183.6060713,1.2158796,11.0294
1696.01,470381900,CP,2.5005291,12579.3504758,0.8809865,13.9664
1697.01,1884091865,PC,10.716524,1280.0,3.075,11.1744
1698.01,190223929,PC,17.04198,3520.0,1.578,11.1018
1699.01,22705558,PC,4.5470055,813.7370725,2.382923,10.8756
170.01,394698182,PC,3.7115129,12280.0,2.685,11.9692
1700.01,23650642,FP,1.12355,1020.0,1.611,10.8219
1701.01,274215536,PC,1.3341738,2283.6562849,1.3470884,10.9263
1702.01,371210825,FP,0.40312,1000.0,0.853,10.9894
1703.01,453387619,PC,1.2016105,2414.8791188,0.6498366,10.6414
1704.01,95129101,FP,3.929983,2270.0,2.153,10.8508
1705.01,137500798,FP,13.2054538,644.0,4.875,10.3042
1706.01,230377505,PC,4.5156072,449.0,2.628,10.486
1706.02,230377505,PC,7.4057777,325.0,2.778,10.486
1707.01,240148934,FP,2.02365,1710.0,2.585,10.3135
1708.01,241173474,APC,11.44192,5510.0,3.841,10.388
1709.01,29119552,PC,7.6288424,10850.0,3.311,10.2061
171.01,309257814,PC,1.238601,12167.5309178,1.9048913,11.6626
171.02,309257814,FP,1.8135767,4166.2802035,1.0753316,11.6626
1710.01,445805961,CP,24.2833782,2844.0,5.132,8.9134
1711.01,461662295,FP,10.2558,5740.0,5.088,9.92871
1759.01,408636441,CP,18.8500438,2610.0,3.407,9.92838
1759.02,408636441,,,912.9305537,4.4290198,9.92838
176.01,272086159,FP,16.155373,71225.723174,1.556705,13.4004
1760.01,420112587,FP,11.0618987,3996.6230726,1.713347,12.4989
1761.01,424391516,PC,11.5922513,373.1625573,3.4868947,10.5951
1762.01,435680451,PC,24.141229,1612.7795426,3.069765,10.5949
1763.01,441739871,PC,3.797872,1501.0825028,1.0636976,12.8123
1764.01,1551345500,PC,47.3860753,19550.0,1.81,11.2018
1765.01,272672133,PC,3.493958,3650.0,1.961,11.7176
1766.01,67666096,KP,2.7033942,10340.0,2.927,9.43351
1767.01,8767448,KP,4.3532339,10270.0,3.869,9.98111
1768.01,137906197,CP,7.3377236,795.0,4.243,9.91008
1769.01,287225295,APC,0.6097554,670.0,0.416,9.4819
177.01,262530407,CP,2.8531016,1547.1068927,1.263753,9.49275
1770.01,457138169,FP,1.0924536,874.580104,1.2245785,9.22437
1771.01,252479260,KP,3.2122302,14429.0,2.653,9.007
1772.01,85293053,CP,8.0542207,706.8165307,3.0287161,9.3523
1772.02,85293053,PC,,2162.8449313,5.3489749,9.3523
1773.01,332064670,KP,0.7365463,384.6733121,1.5732208,5.2058
1774.01,4897275,CP,16.7100422,615.2873631,5.4004652,7.6474
1775.01,9348006,CP,10.2405483,9950.0,3.538,10.9184
1776.01,21535395,CP,2.8009915,204.8553325,1.4985399,7.6586
1777.01,29191624,CP,14.6503935,330.0,2.08,8.737001
1778.01,39699648,CP,6.5273884,415.430891,3.1190657,8.4594
1779.01,67646988,KP,1.8817191,99270.0,1.236,12.4368
178.01,251848941,CP,6.5578513,1596.0,2.08,10.42
178.02,251848941,CP,20.708504,1657.067907,2.236524,10.42
178.03,251848941,CP,9.9616347,1084.4327062,2.4648052,10.42
178.04,251848941,KP,3.2384253,532.7580623,1.9941055,10.42
178.05,251848941,KP,15.2321843,1228.5332287,2.5318138,10.42
1780.01,99834717,KP,1.7063264,10980.0,1.359,12.212
1781.01,137881699,KP,2.9720774,6440.0,4.41,12.5119
1782.01,160045097,CP,4.9877056,1192.3398198,2.2769107,11.3069
174.01,425997655,CP,17.6671735,754.5192275,2.6658994,8.7513
174.02,425997655,CP,29.7975386,614.4582395,2.7293183,8.7513
174.03,425997655,CP,12.1623046,265.0132357,2.5132045,8.7513
174.04,425997655,CP,3.9766833,142.0,1.859,8.7513
174.05,425997655,CP,7.9076301,212.4177368,2.6394558,8.7513
1740.01,174041208,PC,19.428419,850.4127883,3.5727154,10.4274
1741.01,198206613,PC,10.9406641,440.0,2.175,10.5783
1742.01,219857012,CP,21.2690422,350.0,5.893,8.2865
1743.01,219860288,CP,4.2660553,1700.0,0.69,12.4251
1744.01,229455001,CP,22.3417286,472.0,2.582,9.01932
1745.01,232635922,PC,5.984871,2583.7788262,2.2695614,12.7963
1746.01,232650365,PC,2.5253323,1258.5718559,0.989829,11.9589
1746.02,232650365,PC,3.8776815,1077.9105507,1.0297542,11.9589
1747.01,233071822,PC,2.7546548,394.0,0.561,10.4302
1748.01,233071926,PC,1.8318623,403.1219726,1.4211172,10.5657
1749.01,233602827,CP,4.4891367,1271.1867023,1.8833377,12.2574
1749.02,233602827,CP,9.0447039,1611.0010188,1.7653148,12.2574
1749.03,233602827,KP,2.3889051,569.8511771,1.032409,12.2574
175.01,307210830,CP,3.6906759,1657.0,1.107,9.41242
175.02,307210830,CP,7.4507305,1542.0,0.475,9.41242
175.03,307210830,CP,2.2531062,682.3972723,0.9939837,9.41242
1750.01,237099296,PC,11.3373614,1194.0451617,2.8611319,11.7077
1751.01,287080092,CP,37.4685042,429.0,7.685,8.80616
1752.01,287139872,CP,0.9351891,1150.2871156,0.7694649,12.7463
1752.02,287139872,CP,32.7135406,1469.2598788,5.075467,12.7463
1753.01,289580577,CP,5.3846239,630.6901313,3.2617296,11.2078
1754.01,332477926,PC,16.2143217,1553.7064339,3.8395249,11.7229
1755.01,356978132,APC,60.1850972,4526.8282949,2.5961923,9.90051
1756.01,364074068,PC,2.7830114,916.2640701,1.7406295,12.0948
1757.01,367753709,PC,2.125687,570.6858828,1.4649664,11.2906
1757.02,367753709,PC,5.0097113,560.4159621,0.9457107,11.2906
1758.01,367858035,CP,20.7051499,1822.0,3.348,10.0907
1807.01,180695581,CP,0.54937,370.0,0.883,9.0363
1808.01,307734817,FP,2.1075001,4256.1743008,1.9093483,11.6735
1809.01,347329162,KP,4.6170519,12210.0,3.555,11.5384
181.01,76923707,CP,4.5320502,7809.0577339,2.4927338,10.4654
1810.01,373693175,KP,1.3273482,18850.0,2.083,11.6281
1811.01,376524552,CP,3.7130701,19610.0,1.654,11.1237
1812.01,207425167,PC,,9219.8978429,7.3027567,11.6463
1812.02,207425167,PC,11.6098182,1391.5795455,3.5623705,11.6463
1812.03,207425167,PC,48.3320223,4780.0505501,5.3736904,11.6463
1813.01,377290815,FP,0.798,190.0,0.679,9.91892
1814.01,160440924,PC,6.3684627,461.2506691,6.3480149,10.8247
1815.01,233720539,FP,2.555332,6550.0,5.14,10.8946
1816.01,237108272,FA,22.7873,410.0,5.334,9.303001
1817.01,285094173,PC,13.3983724,1329.4475111,2.2302111,10.4966
1818.01,330799746,PC,5.5115114,3342.8070054,4.7379743,10.9901
1819.01,341815767,FA,3.09374,150.0,2.451,8.98018
182.01,76989773,APC,1.7691703,8744.2377032,1.8249711,9.683
1820.01,393831507,CP,4.860673,6140.0,2.632,10.5268
1821.01,82308728,KP,9.4893231,940.0,2.757,6.9859
1822.01,9392421,APC,9.6136615,7000.0,5.292,10.7184
1823.01,142381532,CP,38.8135498,9593.0,5.944,9.7722
1824.01,142387023,CP,22.8085719,977.0,3.847,8.9754
1825.01,229750058,PC,10.1824299,10610.0,2.788,11.7204
1826.01,229400092,CP,4.1419805,10130.9411804,2.3809654,11.2086
1827.01,390651552,CP,1.467119,1550.632368,1.0069313,8.8223
1828.01,232982938,CP,9.0941239,2570.0,4.389,11.1315
1829.01,235905185,PC,6.2895835,24300.0,3.044,12.8784
183.01,183979262,FP,3.4308072,10488.5445678,3.1293905,8.3291
1830.01,20182165,FP,9.7815625,20040.0,3.736,7.0166
1831.01,27194429,APC,0.5553244,353.7045175,0.8336658,7.43229
1832.01,307956397,PC,4.1508569,8700.0,2.19,12.9233
1833.01,61098812,KP,3.6935997,8580.4318905,4.466185,9.87229
1834.01,71612483,APC,1.2164402,15450.0,1.847,11.4951
1835.01,347332255,PC,5.6419598,543.838848,3.0871502,7.6621
1782.02,160045097,CP,1.8290294,704.8493933,1.6679098,11.3069
1782.03,160045097,PC,18.7559765,1506.818331,2.5550705,11.3069
1783.01,229938290,PC,1.4198659,465.2106205,1.3058497,9.2742
1784.01,241196395,APC,2.0937563,1250.0,0.433,9.61433
1785.01,230386259,PC,11.0023133,298.0,5.305,9.6746
1786.01,86280613,FP,9.573548,2788.0,2.036,9.5173
1787.01,372730331,PC,8.7046669,9660.0,2.58,10.3774
1788.01,450327768,FP,5.34326,6980.0,1.426,10.1883
1789.01,172518755,CP,3.2087149,1960.0,1.639,9.1824
179.01,207141131,CP,4.1374403,1008.4447279,1.587497,8.1796
1790.01,310981412,FA,9.62517,540.0,3.725,10.2728
1791.01,233684293,FA,48.4808217,110.0,8.081,9.05769
1792.01,29191596,PC,8.8164887,170.0,3.895,8.676
1793.01,304142124,CP,55.087,2509.0,5.709,7.8436
1794.01,286916251,CP,8.7655468,572.6986983,4.0264463,9.69924
1795.01,135083444,FP,2.7917911,1018.9771433,1.4664254,10.0721
1796.01,138819293,KP,2.6438856,6404.7051471,0.9689289,8.40346
1797.01,368435330,CP,3.6451549,780.0,2.055,8.6259
1797.02,368435330,CP,1.0376109,210.0,1.588,8.6259
1798.01,198153540,CP,8.0214735,882.3089291,3.2087652,10.5191
1798.02,198153540,CP,0.4378083,290.8856184,1.1404291,10.5191
1799.01,8967242,CP,7.093853,284.2381135,2.5107626,8.3662
180.01,51912829,APC,0.8353899,2265.3656619,1.0385175,9.5183
1800.01,17993892,KP,4.1244833,9590.0,3.567,11.1065
1801.01,119584412,CP,10.6439385,1240.0,2.713,9.85623
1802.01,138762614,PC,16.7961107,1816.2755985,3.4989302,11.1341
1803.01,144401492,PC,12.8858629,3170.0,2.098,11.1476
1803.02,144401492,PC,6.2932111,1810.0,2.188,11.1476
1804.01,148679712,PC,4.9246365,803.0,2.756,10.1345
1805.01,165763244,PC,24.0510453,1194.9103544,3.3687329,10.7939
1806.01,166648874,CP,15.1512051,4955.304292,2.3438166,12.6196
1806.02,166648874,CP,8.1960758,4699.5344472,1.4883227,12.6196
1806.03,166648874,CP,0.5019031,1536.5683135,0.9470423,12.6196
2131.01,27848472,KP,1.8468345,13237.0,2.565,10.1058
2132.01,358516596,KP,3.2440454,15011.9381969,3.6774272,10.2025
2133.01,39200363,PC,3.8266587,1181.8154296,2.0605848,10.8571
2134.01,75878355,CP,9.2292078,1606.0,2.817,7.7945
2134.02,75878355,CP,95.8531625,5975.0,5.024,7.7945
2135.01,76419763,KP,2.7884723,14467.6854046,2.9462464,11.3998
2136.01,336128819,CP,7.8519082,3873.9591492,1.6318726,11.7371
2137.01,23059280,APC,14.1502573,40979.435014,3.8543682,12.2186
2138.01,336267424,FP,1.4821845,16269.2562793,2.5956827,12.5466
2139.01,308172249,KP,1.4013784,19735.2001267,1.7042715,12.4197
214.01,167415965,PC,18.5536802,426.4332241,3.4358705,8.0089
214.02,167415965,PC,9.6959841,79.5141509,2.7342847,8.0089
2140.01,399860444,KP,2.4706114,14310.7159758,1.794486,10.854
2141.01,287256467,CP,18.2616878,971.0,3.434,8.8975
2142.01,44313455,PC,9.3004351,1595.2088627,2.3510062,11.0768
2143.01,103195323,PC,5.5899401,3840.0,5.032,10.1041
2359.01,436102447,PC,5.1858,4550.0,7.191,11.0331
236.01,9727392,FP,4.534451,23574.842911,4.936391,11.2932
2360.01,31656385,FP,22.84518,9210.0,7.215,11.9961
2361.01,204671232,PC,8.71546,12010.0,3.934,11.9196
2362.01,302924206,PC,6.9444047,5264.9280735,2.7056073,12.3715
2363.01,445456888,PC,5.5436298,5400.0,3.879,12.1046
2364.01,39414571,CP,4.0197555,9750.0,2.688,11.5521
2365.01,344085117,FP,0.659752,1138.1047916,0.6731474,11.9732
2366.01,39218269,APC,17.1869882,3130.0,3.845,11.8402
2367.01,441159680,PC,5.74984,17690.0,3.734,12.3193
2368.01,401125028,CP,5.1750108,13020.075325,2.0076562,11.6955
2369.01,220068921,PC,3.3651586,7858.2885229,3.5587224,12.1227
237.01,305048087,CP,5.4361667,4797.1288482,1.5419673,13.4102
2370.01,347357977,PC,12.6826724,2490.0,3.827,11.4878
2371.01,432132155,PC,4.8984239,9930.0,3.752,12.2036
2372.01,189620016,FP,1.1793395,4010.0,1.262,12.2186
2373.01,332558858,CP,13.3368173,8210.0,4.384,12.5882
2591.01,229285649,FP,8.493027,20750.0,3.733,10.7669
2592.01,284122875,PC,3.4559382,2840.0,4.21,10.871
2593.01,258983679,PC,1.4711386,839.0,1.677,10.3513
2594.01,229167359,PC,2.682814,1080.0,0.987,10.2626
2595.01,151284882,APC,3.817421,1000.0,2.47,10.7212
2596.01,37089434,APC,16.2709828,5870.0,1.835,10.9058
2597.01,220139435,PC,3.6039259,940.0,3.737,9.536
2598.01,12036590,FP,5.73436,17740.0,1.146,10.9766
2599.01,235333495,PC,4.1554362,1020.0,6.088,10.9402
260.01,37749396,CP,13.4758478,708.9461601,2.0643913,8.4991
2600.01,234160911,PC,5.3376282,2060.0,2.143,10.276
2601.01,456844391,PC,6.0210332,7500.0,2.211,10.8943
2602.01,191928543,APC,7.234064,10621.8735536,6.0205683,11.83
2603.01,176772671,FP,1.3326579,37285.6090775,1.5960595,13.8995
2604.01,189625051,KP,4.9088819,5548.8279627,5.5607357,12.487
2605.01,146776480,APC,20.6006151,12106.6702221,1.4716288,10.4767
2606.01,355800238,PC,1.4509175,7270.0,1.123,11.7785
2607.01,149539158,FA,2.2338786,318.9211436,3.0400001,9.1251
1920.01,363851359,KP,2.5441537,6780.0,2.128,13.2755
1921.01,112099249,KP,5.17958,7620.0,4.524,12.1577
1922.01,112604564,KP,4.5768651,10869.4903086,3.5592795,12.3213
1923.01,114299824,KP,4.2042078,12080.0,2.124,12.9264
1924.01,371443216,KP,2.8240691,8970.0,3.808,8.0552
1925.01,118956453,KP,2.3447752,15340.0,1.814,11.9397
1926.01,143143769,KP,1.3372349,1226.6760556,1.7026098,12.3686
1927.01,14344979,KP,4.1117731,22017.8853537,2.1575648,12.3353
1928.01,207077681,KP,2.278575,13638.9588751,2.159825,12.3119
1929.01,157266693,KP,3.8537616,18650.0,3.392,13.1648
193.01,183985250,CP,0.7920645,1561.7798964,0.3656119,9.1031
1930.01,160578764,KP,2.8786641,8710.0,2.207,12.1014
1931.01,162922904,KP,3.8186276,3240.0,4.282,12.0233
1932.01,386259537,KP,5.6107737,6651.6899169,6.3384834,11.3299
1933.01,172598832,KP,3.2633165,5011.5725027,5.2814337,12.941
1934.01,125739286,KP,4.5111234,11170.0,4.525,10.5288
1935.01,176685457,KP,4.4352884,6410.0,1.89,12.2682
2144.01,428988981,PC,37.3415931,766.0,5.351,9.90667
2145.01,88992642,CP,10.2611329,1900.0,7.369,8.55942
2146.01,158916431,FP,5.8924856,4530.0,3.134,9.9094
2147.01,341630071,CP,26.2049782,5593.1821784,5.8635323,10.7047
2148.01,233569098,FP,23.48522,6020.0,3.546,10.6746
2149.01,1716467085,PC,0.5842495,1041.0,0.559,10.1099
215.01,231912935,PC,26.2851404,975.2076991,2.7692779,10.5011
2150.01,230267547,FP,2.2263798,1270.0,2.863,10.4288
2151.01,23389848,FP,15.64643,6010.0,7.75,10.142
2152.01,395393265,CP,3.3773562,7477.5641039,3.7006948,10.7053
2153.01,406855039,FP,2.7180835,329.1728205,6.1842922,9.54581
2154.01,428787891,CP,3.8240817,10103.7978957,2.5136634,10.6611
2155.01,461591646,CP,3.7246883,3320.0,3.078,10.9939
2156.01,258402425,FP,0.67554,680.0,0.922,9.87437
2157.01,298495970,FP,8.4249241,19846.1698181,2.5216258,10.7033
2158.01,342642208,CP,8.6007557,5090.0,3.304,10.1669
2159.01,270515566,APC,10.0509584,9532.8684021,6.3759473,10.8595
2374.01,439366538,CP,4.3135917,11271.8586527,2.3769581,11.2057
2375.01,164150537,PC,6.1600755,18930.0,1.808,12.6389
2376.01,326522874,PC,3.1821969,3746.6638386,3.0676639,12.7119
2377.01,146165619,APC,1.6766686,33350.8877349,1.1189151,14.1858
2378.01,231063955,PC,3.4972769,17834.0824111,2.0988025,13.3921
2379.01,201177276,CP,5.4693888,32411.855989,1.8076781,13.6521
238.01,9006668,CP,1.2730965,414.0,1.48,9.926601
2380.01,176220787,KP,5.2153618,5205.8347338,5.5895721,9.4834
2381.01,39080923,PC,5.0451188,13949.1155643,1.8549863,12.3643
2382.01,2760219,PC,4.6612025,5135.6657253,2.1408549,11.4408
2383.01,20897611,APC,3.1353643,8607.413644,1.2230703,10.459
2384.01,382602147,CP,2.1357026,29272.618489,1.9116457,13.3147
2385.01,231850364,PC,3.1581288,16867.3851717,2.3951941,13.5445
2386.01,32487566,KP,2.7567395,9248.4759918,2.3808565,10.5853
2387.01,237885040,APC,5.6601098,8427.6778878,1.5377473,11.8933
2388.01,382625239,PC,1.3442724,44.3806696,4.6777347,8.115
2608.01,269850928,PC,4.724665,6163.2889314,4.3082924,13.2247
2609.01,308883808,APC,1.1645141,1828.5119817,1.648221,11.4514
261.01,63898957,CP,3.3639254,422.0610761,3.3430495,9.03971
261.02,63898957,CP,13.0393586,625.5995687,4.9218325,9.03971
2610.01,268914377,FP,2.1538959,96363.0926604,2.1776943,15.8953
2611.01,234282389,FA,0.7320175,4520.0,2.577,13.5294
2612.01,149572298,PC,13.3572104,29950.0,4.947,13.2303
2613.01,52315301,PC,15.2010859,35221.1348039,8.2467072,13.1488
2614.01,263075864,PC,4.8103214,16651.539925,3.1996589,11.457
2615.01,38965512,PC,2.2687617,13217.8124266,2.834542,13.2052
2616.01,273850708,PC,1.8531628,34220.0,2.019,13.426
2617.01,260537454,PC,6.3187442,28370.0,3.504,13.1982
2618.01,231076038,FP,8.2500143,2250.0,3.317,12.0635
2619.01,31943299,PC,12.4724734,23020.0,3.649,13.2834
262.01,70513361,CP,11.1452784,566.2736451,1.3947705,8.1345
2620.01,394346647,PC,10.3558635,18740.0,3.548,12.9873
2621.01,388202128,PC,2.4125012,10860.0,1.209,13.4394
1936.01,178289267,KP,2.3506186,15940.0,2.369,11.7076
1937.01,268301217,CP,0.9466787,16490.0,1.09,12.4933
1938.01,128449971,APC,12.7060866,5160.2020899,2.4782523,10.7347
1939.01,325172035,FP,2.8970202,3080.9239308,4.1502336,8.2376
194.01,211438925,KP,4.8996461,10957.0,3.07,10.248
1940.01,7413227,APC,3.4158668,2841.7825532,1.9196262,9.46381
1941.01,167009792,FP,1.133052,104.3043949,1.3601919,8.5122
1942.01,308919449,FP,1.6563738,246.0,1.741,9.8146
1943.01,382980571,PC,1.742573,947.0,1.962,10.1598
1944.01,461080504,FP,6.0988471,8857.7284148,5.408818,10.9572
1945.01,357536526,FP,1.57363,710.0,2.558,10.6707
1946.01,127315102,FP,10.8458712,3120.0,3.379,8.4672
1947.01,460140752,FP,12.0077462,2921.0,2.818,8.9301
1948.01,31268146,FP,3.6473383,162.7642577,4.4572847,10.1302
1949.01,334125713,PC,4.6211026,11700.0,3.882,9.4306
195.01,230982885,KP,2.0727598,14761.0,2.619,9.9696
1950.01,327663613,FP,1.41144,414.379,2.509,8.4215
1951.01,356590734,PC,4.829406,8222.9837003,2.6761872,9.8722
216.01,55652896,CP,34.5059318,17387.9834231,3.8206653,11.5748
216.02,55652896,CP,17.3890454,2971.7532268,2.6516541,11.5748
2160.01,284477310,PC,2.2390502,490.0,1.64,10.6071
2161.01,366563452,FP,1.5873866,110.0,1.51,9.5998
2162.01,284564230,FP,12.9773004,997.0,4.391,10.2182
2163.01,43429656,PC,5.2132496,750.0,3.765,10.235
2164.01,49967354,FP,1.09333,1250.0,1.975,10.879
2165.01,73560357,APC,0.9499985,3859.751933,2.6296652,10.8207
2166.01,233680651,PC,5.1354577,353.0,3.716,10.0788
2167.01,160162987,FP,23.0531698,2940.0,1.228,10.7791
2168.01,364075352,FP,37.83633,8240.0,5.713,10.9591
2169.01,8516795,PC,8.2148505,3140.0,3.839,10.5527
217.01,260043723,FP,3.1385856,505.3163401,3.4594079,8.735
2170.01,154741689,PC,9.2786686,527.0,4.577,10.4679
2171.01,75656058,FA,1.78166,8160.0,2.765,10.8181
2172.01,76197937,FA,1.78252,1920.0,2.729,10.8642
2173.01,293567206,FP,0.6856225,723.0,0.751,10.4929
2174.01,159815224,PC,2.9601848,960.0,2.014,10.5817
2389.01,89544985,PC,2.3372423,11568.4008531,1.4487311,13.3922
239.01,9725627,KP,4.1567834,4830.1859522,3.9413609,10.9774
2390.01,369965258,PC,2.1192866,1701.2818142,1.5061152,11.3641
2391.01,299897516,PC,7.8369842,14532.9486121,6.8077198,12.937
2392.01,149349867,PC,5.9123565,402.9090729,4.783267,10.3998
2392.02,149349867,PC,3.4072162,289.0451375,3.8583776,10.3998
2392.03,149349867,CP,9.1696498,186.1944669,4.9227951,10.3998
2393.01,231071138,PC,18.84184,5970.0,3.184,12.0585
2394.01,144297844,PC,3.4978002,2039.561003,2.1386761,11.9522
2395.01,144124187,PC,7.8686762,10335.986166,4.0228111,11.7622
2396.01,333734769,APC,1.5099302,2230.0,1.329,11.4944
2397.01,306337838,PC,6.00327,4920.0,3.947,12.0749
2398.01,322807675,PC,19.4061437,11150.0,1.961,11.6701
2399.01,219701535,PC,5.4681892,4290.0,1.814,11.738
240.01,101948569,PC,19.4723016,1766.1828394,4.2893299,10.7011
2400.01,260849386,FP,1.0339,520.0,1.404,10.7961
2622.01,382259755,PC,1.2207037,25580.0,2.186,13.5093
2623.01,403288821,FP,0.5474737,1430.0,1.789,12.4978
2624.01,349410350,PC,3.0235362,25787.482501,2.3325824,13.4354
2625.01,308396509,FP,2.1481182,22124.5443864,3.9313069,13.2317
2626.01,300604770,PC,3.4562767,20448.8800177,2.3613816,12.6082
2627.01,262829328,PC,1.0649771,16307.5548796,1.5097494,13.4702
2628.01,260541432,PC,0.8715953,6610.0,1.271,13.3024
2629.01,259901731,PC,11.4856846,11370.1513147,4.6321783,13.1508
263.01,120916706,CP,0.5568212,42426.1114659,0.9135251,15.6198
2630.01,391900348,PC,9.7130596,3540.0,1.661,11.786
2631.01,140067837,PC,6.6314357,10550.9077716,2.5431694,12.4487
2632.01,231703293,FP,0.907105,1430.0,1.711,12.4537
2633.01,386131764,PC,18.1960491,2203.3245309,4.8596477,11.6886
2634.01,318812447,PC,,2801.2247588,4.8897805,10.9648
2635.01,358557578,PC,7.4547813,2508.5862836,7.1681685,11.2581
2636.01,119925436,PC,3.1054901,6155.7750978,4.8079092,10.9786
2637.01,349408306,APC,0.152076,105147.465567,0.5,15.8445
1952.01,394509844,FP,6.89132,5940.0,5.369,10.5
1953.01,242536549,FP,0.6923563,810.0,0.803,9.5187
1954.01,466113537,PC,4.9064175,1704.6576752,6.5416975,8.9718
1955.01,166184426,FP,16.3152,2500.0,1.992,11.1825
1956.01,334911765,FP,0.88958,1240.0,1.844,10.4877
1957.01,302659412,FP,14.5187891,429.0,2.897,9.4845
1958.01,356747847,PC,14.648385,1294.1932774,1.759288,9.9055
1959.01,400323948,FP,3.2242808,868.6214414,4.3100077,11.0897
196.01,234519192,PC,1.1630372,409.6006588,1.4568603,8.0674
1960.01,318828309,PC,5.3418199,330.0,4.99,9.1962
1961.01,179319057,PC,6.7018963,950.0,1.874,10.0032
1962.01,141663464,FP,1.76447,2640.0,2.749,7.185
1963.01,190271688,FP,12.6534664,27095.439949,4.0982077,10.163
1964.01,242083025,FP,0.6466988,1063.700888,1.0248899,10.7892
1965.01,295354126,FP,2.2778177,880.0,3.212,8.177301
1966.01,242120884,PC,0.6227257,565.9410837,1.0110042,9.0492
1967.01,320079492,APC,0.4262223,835.5797306,0.5111692,9.9666
2175.01,405717754,KP,4.4379727,16222.5125043,4.7176624,12.9614
2176.01,123495874,KP,7.8914271,9822.0002486,4.2653156,12.9934
2177.01,123233041,KP,3.5224751,8602.325645,3.2804955,13.1448
2178.01,164892194,KP,3.024111,7558.6411086,2.7209657,13.4633
2179.01,237913194,CP,15.1689723,7818.5475582,2.0633315,11.4864
218.01,32090583,PC,0.4384814,486.4774785,0.5192935,13.3292
218.02,32090583,PC,8.3522143,3924.642229,1.6637119,13.3292
2180.01,298663873,CP,260.1740061,4747.959592,24.0527095,8.56854
2181.01,233068569,PC,8.379057,2930.0,2.899,12.1625
2182.01,268823307,KP,3.5484481,7022.0056891,4.5123025,12.7655
2183.01,1715469662,PC,6.5011256,4370.0,5.442,8.0348
2184.01,176956893,CP,6.9067868,1751.7778572,6.6850674,11.4057
2185.01,355096431,PC,7.2147718,8580.1836801,4.0147754,12.7421
2186.01,238171173,PC,4.476922,9095.8829177,2.971921,13.0654
2187.01,270472265,PC,2.7492277,11250.0,1.688,13.0769
2188.01,260797169,PC,3.735051,8964.0239073,2.4293974,13.0943
2401.01,11521555,PC,5.8681984,2639.0,3.651,9.0982
2402.01,1525480,PC,5.5094951,7700.0,2.892,12.2668
2403.01,293435336,KP,1.8098811,13033.5612701,3.7636624,9.02706
2404.01,142087638,PC,20.362741,1126.8782473,4.5890238,11.1464
2404.02,142087638,FP,74.6068965,2304.7237253,4.8874071,11.1464
2404.03,142087638,FP,74.6065192,2377.6887561,3.6758167,11.1464
2405.01,231297123,PC,1.9792573,2235.6640941,1.6873516,12.5515
2406.01,212957629,CP,3.0766835,18848.5607395,1.2491751,14.3109
2407.01,153078576,CP,2.7029187,5132.6782834,1.6998642,12.5264
2408.01,67630845,PC,9.4636148,5050.0,3.061,11.9205
2409.01,321068176,FA,12.9696927,4085.6845383,1.1129072,11.2711
241.01,77031414,KP,1.3866519,14246.4665531,2.3006751,10.9571
2410.01,248391319,APC,0.7988525,1700.0,0.831,12.2478
2411.01,10837041,CP,0.7827075,526.867675,1.0403706,10.4238
2411.02,10837041,PC,13.0512115,1504.0309564,2.7857835,10.4238
2411.03,10837041,PC,19.8889892,1931.1636544,3.3452591,10.4238
2638.01,458342769,PC,3.9299344,2252.0354917,1.2628875,11.1671
2639.01,98753307,PC,15.3281169,30096.5339932,4.1138054,14.3693
264.01,122612091,KP,2.2167436,4239.7484463,3.8789472,10.4614
2640.01,135036669,PC,0.9112206,71047.5639651,2.003082,15.709
2641.01,162802770,CP,4.880964,3385.5526856,1.6120362,11.1897
2642.01,448589187,KP,3.0652926,11240.0,2.606,12.3077
2643.01,152852327,KP,9.1720535,580.0,7.169,11.0295
2644.01,385332171,APC,9.7439744,6711.0590566,1.9764395,10.9206
2645.01,372818426,PC,1.4436706,43370.0,2.134,12.3956
2646.01,349966879,APC,0.3125737,4540.0,0.526,13.1875
2647.01,234527228,PC,0.5136096,3098.8049112,0.7873882,13.5231
2648.01,231833236,PC,4.773751,11156.3496198,1.7107074,13.3316
2649.01,230980206,PC,3.375591,11630.0,3.489,12.4752
265.01,159951311,KP,5.9242661,11796.3303624,2.8894449,11.7276
2650.01,453100296,PC,2.229735,6708.4441146,2.044445,13.4404
2651.01,29830212,FP,7.3164282,37130.0,2.235,13.3994
2652.01,372852036,PC,2.484912,7950.0,1.686,13.3074
2653.01,149394317,APC,0.9270535,1640.0,1.011,12.208
1968.01,210445631,APC,3.97195,7670.0,4.297,10.52
1969.01,293708935,FP,2.6855915,488.2401788,2.0491187,8.5941
197.01,441462736,CP,14.2811731,762.9376583,8.571366,7.3566
1970.01,162695785,PC,2.5599667,11049.7594662,2.9695871,11.0048
1971.01,253132689,FP,3.217824,1288.0,1.735,10.3345
1972.01,267414551,PC,4.7631,850.0,1.838,9.7472
1973.01,47617161,PC,3.9194856,5155.2335962,2.3461465,10.7565
1974.01,295562522,APC,5.438218,7830.0,1.675,10.5833
1975.01,467281353,FP,2.8319354,780.0,3.21,10.2081
1976.01,329888006,APC,7.6943096,7400.0,8.903,8.8681
1977.01,383531859,FP,17.0614756,2730.0,3.384,9.5918
1978.01,458856474,FP,6.081043,15384.1717123,4.818249,5.666
1979.01,458857720,FP,1.30924,3370.0,2.535,9.8678
198.01,12421862,CP,10.2152025,960.5475682,2.3476219,9.92801
1980.01,127793615,FP,9.27898,9020.0,6.514,10.9805
1981.01,378613125,PC,2.4763492,593.0,3.593,10.001
1982.01,437329044,PC,17.1725007,3610.0,5.016,10.1919
1983.01,89535068,FP,6.1110945,1098.152672,4.2566318,10.3349
2189.01,270342589,PC,4.4343277,13087.3233045,2.8960794,13.458
219.01,260609205,FP,4.4617755,18854.6431909,5.4532494,12.7222
2190.01,389421473,PC,5.3160704,14202.6126293,4.3526595,12.5965
2191.01,262471759,PC,4.0115394,14587.5117969,2.2686483,12.8641
2192.01,277890574,PC,6.2643442,10552.2490654,3.8202596,12.5625
2193.01,401604346,CP,2.1223673,8056.3340252,1.5855365,11.3996
2194.01,271478281,CP,15.3419095,683.0,2.736,7.4259
2195.01,24695044,PC,4.164514,7675.7705005,2.0579197,10.9916
2196.01,372172128,CP,1.1953968,1127.2344564,1.5752293,11.3643
2197.01,389352124,KP,4.9546487,6745.244314,3.8239678,9.0532
2198.01,100566492,KP,4.9549631,8236.2566801,5.9565174,11.117
2199.01,369455629,KP,3.3771114,4515.155077,2.4508029,11.4513
220.01,150098860,CP,10.6953065,927.7984537,1.992523,9.6878
2200.01,142105158,PC,2.9360281,6790.0,2.118,12.3181
2201.01,219306934,PC,1.3477642,762.0,1.112,10.2001
2202.01,358107516,CP,11.9124942,19304.2778014,3.7520869,12.173
2412.01,684936227,FA,15.29859,1187.0,3.214,11.9755
2413.01,206498307,FP,13.4190392,4668.5368695,5.9221882,11.3882
2414.01,237320326,KP,1.7771109,14073.5021163,1.5669528,12.003
2415.01,161223358,FP,0.5153654,37197.8857871,1.0,14.9333
2416.01,237922465,CP,8.2754608,6510.0,3.755,12.4333
2417.01,49617263,FP,4.83266,830.0,2.308,10.2589
2418.01,65347776,FP,25.86696,2240.0,4.923,10.9166
2419.01,358248442,PC,18.8812961,915.0,5.943,10.4354
242.01,120585579,FP,6.340315,25410.703288,4.249306,12.5766
2420.01,268532343,CP,5.84259,2670.0,3.747,10.8285
2421.01,70524163,CP,4.3474,3520.0,4.684,10.6918
2422.01,29919341,APC,18.23603,3090.0,4.91,9.4843
2423.01,197807043,PC,,12640.0,4.208,9.5137
2424.01,313891529,FP,12.3750537,4155.6104825,6.6166181,10.2845
2425.01,248387177,PC,50.6939885,11200.0,4.068,11.2415
2426.01,97486178,CP,4.08165,460.0,2.691,9.97008
2427.01,142937186,CP,1.30613,560.0,0.634,9.0138
2428.01,274193763,APC,7.57017,1500.0,0.916,9.966
2654.01,200805484,PC,2.967599,10410.0,1.688,13.0725
2655.01,166851829,PC,4.7277153,4000.0,2.5,13.2854
2656.01,231065398,PC,7.7898378,11390.0,3.095,13.5011
2657.01,160004025,PC,2.7985528,12220.0,2.459,13.4765
2658.01,31634579,PC,8.8759249,25757.0688203,3.8366417,13.4228
2659.01,147456499,PC,1.2558789,22260.0,1.795,12.7331
266.01,164767175,CP,10.7511248,586.0959345,2.8581721,9.45661
266.02,164767175,CP,19.6050966,590.7656874,4.1605138,9.45661
2660.01,372817671,PC,5.0183771,2790.6279856,2.9991975,12.1651
2661.01,144125079,PC,3.6257584,10450.0,2.814,13.0533
2662.01,423672208,PC,3.790687,15240.0,2.958,13.4675
2663.01,423666115,APC,0.58228,3170.0,0.691,12.7147
2664.01,277871306,FP,3.9602774,6193.0,0.884,10.1483
2665.01,186936449,PC,2.8456505,2681.0,2.556,10.3716
2666.01,170889511,APC,,22040.0,1.445,6.9887
2667.01,348684813,FP,7.7517472,861.0,3.761,9.6732
2668.01,192076548,PC,1.1159326,840.0,1.013,10.1782
2669.01,348835438,CP,6.203496,810.0,5.715,9.9917
1984.01,162246865,FP,0.5646193,510.0,1.295,10.361
1985.01,469212332,APC,30.7864669,8750.0,3.466,9.9681
1986.01,468997317,APC,7.5043829,12479.7176832,4.8967771,8.135
1987.01,349088467,APC,2.5861562,2218.2234099,1.8304478,9.62418
1988.01,161156159,FP,2.2818488,1483.0,3.973,10.1854
1989.01,324395151,FP,3.4551479,5191.7260014,5.7444704,10.2581
199.01,309792357,CP,104.8724252,11850.1557451,6.6885919,10.0391
1990.01,457939414,FP,3.7899524,4345.4373432,5.5268401,10.1574
1991.01,82707763,FP,6.6570835,7164.0,5.285,10.1405
1992.01,147340931,FP,4.3114812,6360.0,3.505,10.5287
1993.01,453464017,FP,3.9416903,12840.0,2.537,10.248
1994.01,445903569,CP,4.0337201,2868.0,3.48,10.2396
1995.01,299023386,PC,3.1056464,800.0,1.772,9.8153
1996.01,275384718,FP,7.72433,7120.0,8.03,10.2372
1997.01,142378043,PC,1.8359766,1073.0,1.062,9.8916
1998.01,429295277,FP,1.10833,1060.0,2.288,10.186
1999.01,447206604,APC,7.2133579,8814.0,2.345,10.4109
200.01,410214986,CP,8.138223,4480.9135273,3.2264685,7.8541
2203.01,355600246,APC,3.05631,17308.3639678,3.0708372,12.3775
2204.01,467971286,KP,2.2250514,13144.590055,2.3678871,13.191
2205.01,260298958,FP,0.8891483,44722.5890994,1.1970992,15.0804
2206.01,381856447,KP,1.7690121,10110.2139841,1.0172953,10.7218
2207.01,90850770,CP,8.000489,4606.7419685,4.6706895,10.9651
2208.01,38680052,FP,0.6743498,95188.5511904,0.8232009,15.7438
2209.01,271806353,PC,3.4391152,12391.7493402,3.3615891,13.3304
221.01,316937670,FP,0.62425,954.060325,0.774288,12.1535
2210.01,317089588,PC,12.7846809,19658.0816662,4.8533784,13.4669
2211.01,212253390,CP,3.0926858,272.6778328,2.2149195,9.2551
2212.01,280803917,PC,5.1293855,9414.7547938,2.8939597,12.4235
2213.01,406318573,PC,5.179282,5746.9651279,2.6320655,13.2598
2214.01,272236017,PC,2.4156482,3550.0,2.837,12.6562
2215.01,425561347,PC,5.7772122,1470.3821261,2.56341,9.977
2216.01,39018923,PC,5.6807412,1892.9692302,4.1093897,12.0253
2217.01,234330672,PC,3.8300359,7753.4083536,4.1744985,12.8172
2429.01,420051632,PC,7.0846492,591.5301151,3.102328,9.4752
243.01,149010208,APC,3.4373093,15017.9801247,4.3114755,11.681
2430.01,23170835,PC,1.10071,680.0,0.909,10.3682
2431.01,258804746,CP,0.224195,540.0,0.292,9.5209
2432.01,347553438,PC,1.82738,870.0,1.491,10.1849
2433.01,405763009,PC,,3377.1602587,2.8686583,12.0349
2434.01,155001079,APC,1.380599,349.7341601,1.0043399,9.06657
2435.01,298164705,PC,,1840.1196782,5.0482027,10.5142
2436.01,154568734,PC,,367.8233419,8.7302689,8.55595
2437.01,251094370,PC,5.1660127,1263.5326305,3.01966,11.2571
2438.01,686072378,FP,1.9426003,504062.379922,1.0206743,16.2463
2439.01,274194927,PC,14.3614789,2859.7577713,4.0964994,11.2212
244.01,118327550,CP,7.397216,953.5477499,1.3164962,10.3475
2440.01,129839175,APC,0.6461571,6290.6211389,1.1963822,11.0529
2441.01,219175972,CP,12.8900899,3520.6971104,2.5413229,12.8332
2441.02,219175972,PC,5.5514857,1282.3227899,2.0186927,12.8332
267.01,166836920,KP,5.7525804,5301.7998237,5.2325983,8.93
2670.01,190721237,PC,12.9281223,4105.1705253,3.9850989,9.5986
2671.01,190081497,FP,3.1630387,1130.0,4.661,10.3364
2672.01,129372561,APC,10.7189647,7404.3059814,3.9269424,10.6734
2673.01,1018843,PC,1.9126596,372.0,2.178,8.8448
2674.01,434496663,APC,7.2972359,3780.0,0.827,10.185
2675.01,179033846,FP,1.476869,2670.0,1.451,11.7919
2676.01,420016507,PC,3.4082154,10060.0,3.901,12.7082
2677.01,398736713,APC,6.4967452,4930.0,1.8,10.8489
2678.01,354517490,PC,3.4523955,13260.0,1.624,13.4391
2679.01,323295908,PC,3.8539027,14520.0,2.906,12.4453
268.01,219253008,PC,5.0661803,1586.711889,5.713336,10.0733
2680.01,219366908,FP,0.6293198,3730.0,1.129,12.653
2681.01,209408136,PC,3.1292868,7430.0,1.545,12.1692
2682.01,200803270,PC,2.5981987,14260.0,1.412,12.6795
2683.01,200320748,PC,1.5292851,2800.0,1.167,12.4435
2684.01,161568891,PC,2.4756487,4370.0,2.461,13.2964
2685.01,161479081,PC,3.4711465,10070.0,1.606,13.322
2000.01,371188886,CP,9.1270519,4568.0,3.549,10.3579
2000.02,371188886,CP,3.098367,496.0,1.963,10.3579
2001.01,118084044,PC,2.7435213,1518.9012847,1.8047048,8.9578
2002.01,356453768,FP,2.3330349,2795.0,3.005,10.4879
2003.01,58463434,PC,,3860.0,3.529,9.6569
2004.01,439610306,FP,1.79988,180.0,3.518,9.0607
2005.01,147660886,PC,17.3057923,2807.066874,4.1729767,9.4916
2006.01,41173048,FA,6.40938,280.0,2.356,9.2225
2007.01,219466784,PC,,912.2762923,9.1654068,10.199
2008.01,70887357,FP,723.8345008,3119.2983693,7.382946,8.64807
2009.01,243187830,PC,1071.0898448,865.169438,2.1734134,7.3551
201.01,350618622,CP,52.9787392,6568.9620749,5.1293743,8.5822
201.02,350618622,PC,5.8492379,109.0,3.257,8.5822
2010.01,26547036,CP,1134.6723963,11679.2159464,8.6844623,9.26693
2011.01,136916387,KP,11.5778362,217.3994918,3.8772499,5.0494
2011.02,136916387,KP,27.5920718,555.3352929,3.2743016,5.0494
2011.03,136916387,KP,,195.1972939,3.5341354,5.0494
2218.01,348995212,APC,0.3456911,2800.0,0.648,11.5547
2219.01,278138619,PC,10.1688722,7366.339761,4.3884108,12.9901
222.01,144440290,FP,,5530.0,0.68,8.7635
2220.01,150437346,PC,1.3926549,7098.4535786,2.0005269,11.6659
2221.01,441420236,CP,8.4536777,2872.2887525,3.5738006,6.755
2222.01,306510653,PC,2.245686,12629.5662854,3.3331027,12.7427
2223.01,273695332,PC,6.9309657,6887.4200394,5.2921448,12.0599
2224.01,388198242,PC,0.5055105,2269.199137,0.648232,11.9987
2225.01,271891552,PC,3.5775562,4060.0,3.531,13.3639
2226.01,403135192,PC,0.9017673,975.30803,0.7433702,9.6968
2227.01,405425498,APC,4.2217776,525.1944159,2.6731501,10.0106
2227.02,405425498,APC,11.5472009,663.4411526,1.0326107,10.0106
2228.01,61733521,FP,3.36296,750.0,2.594,10.8911
2229.01,143410850,PC,4.98668,860.0,2.267,10.6658
223.01,326453034,FA,14.445918,1273.806981,1.533311,10.2733
2230.01,129432342,FP,1.79217,1710.0,1.797,10.9198
2231.01,100504381,FA,5.46278,2982.0,1.274,8.565
2442.01,168871868,FP,17.1217196,131000.0,6.507,11.402
2443.01,318753380,CP,15.6692322,1393.3814802,4.562853,8.2969
2444.01,29959760,APC,1.6473887,32325.7685306,1.3242991,13.6732
2445.01,439867639,CP,0.3711334,2322.6218151,0.4918187,13.1292
2446.01,142868621,PC,18.685862,1215.9529886,5.4844,10.208
2447.01,1167538,CP,,8735.0,8.291,10.0127
2448.01,231721005,FP,9.0182016,492.0,3.08,10.0039
2448.02,231721005,PC,19.757918,456.5966807,3.2262153,10.0039
2449.01,170729775,CP,16.6542431,10168.0,7.792,9.8999
245.01,154618248,PC,8.7709021,1107.0,0.926,8.5509
2450.01,408114363,PC,17.8832414,6750.4878782,4.3420932,11.4894
2451.01,4294779,FP,0.3438892,24850.3953805,0.9696069,15.8552
2452.01,219208037,FP,0.9776805,965.3175192,0.7657397,11.1925
2453.01,59128183,PC,4.4414275,3375.8183277,1.393441,12.4223
2454.01,67782629,PC,8.5063687,968.2734253,2.8291905,10.7047
2455.01,434260570,PC,4.720489,47110.570638,1.8316316,12.986
2701.01,44791617,PC,2.169466,1780.0,1.653,12.5257
2702.01,43604949,PC,1.9422802,8140.0,2.768,13.0115
2703.01,43475220,PC,6.1735306,12950.0,3.163,13.3652
2704.01,32677675,PC,3.6364993,16700.0,3.509,12.7063
2705.01,169448771,PC,18.010652,4580.0,4.952,12.6139
2706.01,457202957,PC,1.8851834,5450.0,1.428,13.4046
2707.01,455036659,KP,4.007232,10360.0,4.78,12.1569
2708.01,452810327,FP,2.3540172,6660.0,2.36,12.5398
2709.01,452810326,PC,2.3540163,10020.0,2.416,13.0639
271.01,259511357,APC,2.475987,471.687985,0.8790371,8.4332
2710.01,408231638,PC,10.7448417,38070.0,3.298,13.3942
2711.01,396896334,PC,5.7604868,14580.0,3.08,13.0719
2712.01,362026280,PC,3.078479,5780.0,2.424,13.0933
2713.01,332660287,FP,1.2434016,4070.0,0.939,12.483
2714.01,332534326,CP,2.4993895,10610.0,2.99,12.7979
2715.01,311239796,PC,4.9640641,4910.0,4.908,13.0115
2716.01,284859630,PC,7.5420435,7720.0,3.854,12.3425
2717.01,269077474,FP,1.3164901,3580.0,1.389,12.8212
2718.01,248655096,PC,2.7625084,16160.0,2.037,13.5252
2012.01,138294130,KP,3.0565259,8800.0,4.145,10.6506
2013.01,188589164,CP,2.6162769,1120.6014184,1.134893,10.2705
2014.01,198588220,KP,4.8099755,6965.0,6.696,9.63331
2015.01,368287008,CP,3.3491408,7210.0,1.207,12.8387
2016.01,219508169,PC,6.8161105,1377.0,2.718,10.408
2016.02,219508169,PC,2.4590369,1179.0,1.862,10.408
2016.03,219508169,PC,25.3369848,1330.0,3.214,10.408
2017.01,357416482,FP,5.49826,12929.0,2.04,8.2057
2018.01,357501308,CP,7.4355709,1310.6803156,2.3450321,8.962
2019.01,159781361,CP,15.3468182,665.0,6.425,9.6087
202.01,355509914,PC,1.7386695,13710.7615026,1.1898354,14.6723
2020.01,39903405,KP,5.633477,5651.0,4.132,8.27468
2021.01,236312126,KP,3.9415041,21330.0,2.866,10.5484
2022.01,11996814,FP,0.4487349,3572.0328032,2.8757897,11.6484
2023.01,16884216,APC,11.1900486,567.7989939,2.9741507,8.5049
2024.01,255930614,KP,2.8758831,3152.0,3.14,7.6262
2025.01,394050135,CP,8.8720542,6144.296801,3.6593396,10.9461
2232.01,439444938,PC,11.45959,650.0,0.956,8.776
2233.01,421455387,APC,2.50876,5830.0602325,1.2523065,10.9896
2234.01,271491157,APC,2.91615,2280.0,1.481,10.7837
2235.01,267093376,APC,17.14012,2180.0,1.176,10.8988
2236.01,394722182,CP,3.5315897,7230.0,2.689,10.8673
2237.01,389238529,FP,0.49642,1000.0,0.572,10.9987
2238.01,231077395,CP,3.3904897,260.0,2.878,10.7188
2239.01,388130235,FP,92.1950921,3760.0,4.206,10.7891
224.01,70797900,APC,705.5844658,101204.8459939,1.9189212,11.1427
2240.01,98494121,FP,3.06555,2920.0,2.483,10.9931
2241.01,96973930,PC,3.3243,1150.0,2.337,10.1738
2242.01,92562123,PC,6.53144,700.0,5.713,9.9279
2243.01,1990842033,APC,5.41418,7850.0,4.428,10.8068
2244.01,1989628303,PC,5.46377,4010.0,1.036,9.1984
2245.01,278415929,CP,3.7981107,750.0,3.914,10.8366
2246.01,349786918,FP,2.9663389,192.3691435,4.3486787,9.9676
2247.01,376168473,FA,5.41402,7780.0,4.418,10.787
2248.01,179580045,PC,62.1624516,3710.0,4.319,10.4653
2456.01,311271011,PC,,1219.8107094,1.8522307,9.588
2457.01,117799904,PC,14.1993538,1859.1571503,2.5629666,10.8749
2458.01,449197831,CP,3.7369689,310.4978088,1.9917422,8.71008
2459.01,192790476,CP,19.1047019,1906.0596245,3.2516728,9.3951
246.01,158623531,KP,7.8728937,14639.4155321,3.7599578,11.2794
2460.01,454224694,APC,0.515461,1462.4242309,0.8502512,11.3357
2461.01,411839167,KP,6.1802614,5383.8458373,4.1830206,10.8243
2462.01,248434780,APC,12.8643168,6907.9754982,4.7778345,11.7884
2463.01,452375478,PC,10.6079445,1233.9391066,12.7030565,9.0318
2464.01,32949762,KP,3.7684981,19800.0,2.727,12.3352
2465.01,146523262,PC,3.759205,892.1135724,2.9961712,10.2994
2466.01,293612446,KP,2.6266983,10650.0,4.087,12.0364
2467.01,71013298,PC,1.7556616,444.0879481,1.3491032,10.2712
2468.01,31114545,FP,24.4232697,1920.0,3.788,10.3598
2469.01,117843067,FP,2.3767548,7940.0,3.225,10.6749
247.01,160148385,KP,3.4252563,14223.1726719,2.4617762,11.9116
2736.01,91869778,FP,3.4771921,3250.0,2.002,10.9521
2737.01,445946478,PC,3.3328544,2300.0,6.488,12.5745
2738.01,445145355,PC,1.5174038,14220.0,1.635,13.5607
2739.01,319473643,PC,3.1474843,5640.0,0.913,11.9013
274.01,281979481,FP,0.5417947,537.9244902,1.1716379,10.4929
2740.01,301281965,APC,0.5348968,6240.0,0.504,13.2633
2741.01,283303192,PC,2.9884191,12890.0,3.575,11.7299
2742.01,282102605,PC,1.2541679,11170.0,2.294,13.5917
2743.01,280212554,FP,1.1472535,4090.0,1.789,13.3574
2744.01,279989567,FP,0.787177,1350.0,1.515,11.4746
2745.01,237770757,APC,1.7932884,16170.0,3.299,11.9685
2746.01,237736186,PC,4.9208778,5680.0,3.888,11.9063
2747.01,237632488,APC,0.5209929,8570.0,1.101,12.8494
2748.01,237552878,PC,4.7838171,10210.0,2.035,12.8401
2749.01,235448190,PC,6.9724832,4110.0,5.156,11.3789
275.01,373844472,APC,0.9195617,9180.0,1.153,11.0611
2750.01,235300016,PC,6.8204309,12560.0,3.723,11.8145
2751.01,231157209,PC,7.4710819,24880.0,2.511,13.4603
2752.01,170367033,PC,4.9197461,10380.0,3.023,13.1606
2753.01,168191686,PC,1.6281719,12020.0,2.128,13.4585
2026.01,407059875,PC,7.1925327,1180.0,2.551,10.5782
2027.01,335996558,FP,1.46329,750.0,2.431,10.5027
2028.01,336456596,FP,0.77871,670.0,1.458,10.9141
2029.01,445254275,FP,2.57134,920.0,3.824,10.9415
203.01,259962054,FA,51.94509,2534.0,8.094,12.2423
2030.01,422656370,APC,1.3254452,3413.1955059,1.4128697,10.8489
2031.01,470127886,PC,5.7156075,12240.9298817,4.0584797,10.7609
2032.01,470159478,APC,17.0096831,6380.7839318,2.3637819,10.9293
2033.01,53617134,PC,18.8243063,1915.0,4.397,9.46221
2034.01,427279997,FP,2.89453,550.0,3.327,10.5682
2035.01,53709089,PC,8.51226,620.0,3.068,9.1196
2036.01,368320811,PC,1.261045,384.0,1.246,8.97913
2037.01,405559035,PC,11.1516668,580.0,4.623,10.67
2037.02,405559035,PC,5.5470937,550.6948044,3.4350999,10.67
2038.01,235937532,APC,3.7321286,3435.549568,5.6804835,10.5352
2039.01,237071229,PC,11.2479927,1277.0,3.142,10.4719
204.01,281781375,PC,43.8297863,647.2685163,4.3011392,9.2182
2040.01,427730490,PC,3.8608551,14670.0,2.571,10.8407
2249.01,152714791,FP,0.636677,641.1378613,1.3087446,10.3486
225.01,47525799,PC,,4104.5873474,4.8120529,11.0316
2250.01,264303333,FP,0.8153098,189.0,1.373,10.1583
2251.01,229715760,PC,11.5743561,14285.1321998,6.0493763,12.7778
2252.01,233066156,PC,12.379649,711.2691437,3.3314543,10.8841
2253.01,367855829,FA,85.4244796,1134.2233028,3.6658465,9.9558
2254.01,233688779,PC,26.4579842,397.0,3.372,9.34244
2255.01,265146266,PC,11.9526103,9860.0,2.74,12.0836
2256.01,262880065,PC,13.9631929,812.9002244,4.5245027,10.446
2257.01,198485881,CP,35.1896444,4524.9353925,3.3254029,12.9672
2258.01,219821826,FP,9.6799809,15870.0,1.806,12.2169
2259.01,219501568,PC,16.5899263,642.4369483,2.1573675,7.97758
226.01,47484268,FP,,13400.0,2.67,12.4253
2260.01,232568235,CP,0.3524597,305.0,0.578,9.75874
2261.01,229787062,PC,1.9011452,1640.9567262,1.6128566,12.4841
2262.01,165530380,PC,1.4937342,172.1998288,2.1197455,10.4267
2263.01,159400561,PC,,357.7289632,14.9235889,9.7115
2470.01,298981199,PC,7.1853092,800.0,2.347,10.0632
2470.02,298981199,PC,15.5058363,1150.8943011,3.5757497,10.0632
2471.01,71088556,PC,6.5857043,1420.0,2.777,10.4723
2472.01,248650906,PC,,390.0,6.71,8.94848
2473.01,399868187,PC,1.2311781,3562.0,2.756,10.5347
2474.01,449257028,PC,4.278752,220.0,4.11,7.82622
2475.01,373453507,FP,15.7925628,1190.0,2.823,10.7302
2476.01,43868600,APC,3.8865992,590.0,2.909,10.1263
2477.01,412054152,FP,34.7769296,1383.0,5.598,10.2422
2478.01,262435954,PC,2.6473916,568.2994163,2.8595222,10.6827
2479.01,167661160,PC,36.8382429,965.1649482,4.9462843,9.354
248.01,201793781,CP,5.9910773,389.761105,3.1710687,8.4642
2480.01,1449756,FP,11.3543085,2190.0,3.414,10.8256
2481.01,262258341,PC,11.994832,1260.0,3.374,10.6675
2482.01,117938087,PC,14.9315582,590.0,4.729,9.6254
2483.01,219151731,FP,1.4853364,650.0,1.302,10.1217
2484.01,68035559,PC,8.3272872,2970.0,2.517,10.8945
2485.01,328934463,CP,11.2347982,4780.0,6.217,10.9687
2686.01,159989004,PC,3.5746058,6040.0,1.153,12.9852
2687.01,155993822,PC,4.0944492,5890.0,4.233,12.4052
2688.01,98728690,PC,2.1415519,1060.0,2.989,11.3437
2689.01,92363023,PC,3.4180406,5200.0,2.242,12.6443
269.01,220479565,CP,3.6977167,4755.6707294,0.9308263,12.2958
2690.01,92359852,PC,4.1549988,13830.0,2.873,10.732
2691.01,71345362,PC,3.8821916,2670.0,3.126,12.5728
2692.01,38399060,PC,3.6506781,20370.0,2.79,13.3717
2693.01,30016082,PC,1.3225635,13750.0,1.683,13.3201
2694.01,146467673,APC,1.6375324,11120.0,1.665,12.575
2695.01,140284353,APC,0.5566811,3250.0,0.473,13.0494
2696.01,139445621,PC,6.409365,11300.0,1.707,12.4762
2697.01,139445453,PC,4.3169755,4670.0,4.523,13.1506
2698.01,100683605,PC,3.270563,9670.0,1.682,13.3713
2699.01,77958378,PC,5.8259928,12800.0,2.442,13.0583
270.01,259377017,CP,5.6604773,3451.8440419,1.6617716,10.4981
270.02,259377017,CP,11.3796991,2960.9549482,2.0489434,10.4981
270.03,259377017,CP,3.3601671,976.6940501,1.3266673,10.4981
2700.01,56096837,PC,4.6636858,11110.0,2.604,12.0698
2041.01,54364414,FP,1.37477,960.0,1.601,10.4608
2042.01,269424395,FP,2.41872,1160.0,2.685,10.9518
2043.01,346929661,PC,12.0135752,1171.0,4.274,10.1976
2044.01,270333769,FP,4.1207509,973.0,2.158,10.4887
2045.01,347013211,PC,9.07763,5912.0,5.928,10.7799
2046.01,468574941,CP,1.4971447,16266.2491958,2.4024159,10.996
2047.01,363761216,FP,7.4072602,14765.0,3.019,10.4708
2048.01,159873822,CP,13.7905315,1140.0,3.301,10.7545
2049.01,314835525,PC,5.30329,1200.0,3.707,10.6568
205.01,281575427,PC,4.2529857,261.1393852,3.0961227,9.4525
2050.01,316468545,PC,13.5970194,604.0,2.781,9.70362
2051.01,375850439,PC,1.1633325,384.9566815,1.7800569,10.6234
2052.01,1100766816,FP,1.62263,1630.0,1.555,10.0943
2053.01,315755496,FP,4.27808,1096.6013542,1.9576205,10.5008
2054.01,378355116,FP,3.5684459,939.0,2.934,10.7633
2055.01,322062001,APC,4.6981739,7417.0,2.36,10.6526
2056.01,396356111,APC,10.2207,300.0,3.848,7.3307
2057.01,229888286,PC,5.5986337,2541.1751726,5.3892498,10.7165
2264.01,235943205,PC,121.3342908,1830.5369311,6.1861599,10.5653
2265.01,310231275,PC,0.8294084,254.6127529,0.5583289,9.1021
2266.01,8348911,CP,2.326343,4153.6144436,1.2195051,13.5042
2267.01,459837008,CP,3.4950422,2004.426903,1.0311342,12.2591
2267.02,459837008,PC,2.0344366,1142.0994266,0.958248,12.2591
2267.03,459837008,CP,2.2891027,1384.622855,0.8344032,12.2591
2268.01,20203297,PC,7.1566025,674.5586897,1.218975,10.1338
2269.01,441798995,FA,1.4206036,448.0101837,1.6483243,11.9521
2269.02,441798995,PC,2.8411415,530.0,1.174,11.9521
2269.03,441798995,PC,10.4029111,824.1851185,1.3721731,11.9521
227.01,2760710,FA,,30400.0,1.51,13.8409
2270.01,198178505,PC,,261.9656428,4.6288711,7.7293
2271.01,258389327,APC,26.5456813,9362.3007705,2.6297997,11.8248
2272.01,265460043,APC,32.8236817,368.5500142,15.237374,8.1526
2273.01,142117976,PC,46.5710978,328.3531481,6.1832559,8.75584
2274.01,289164482,CP,2.6796164,827.5423687,0.9028948,10.3543
2486.01,369376388,PC,1.5411764,1510.0,1.535,11.1869
2487.01,394346745,PC,3.4024655,14990.0,3.141,12.8466
2488.01,139251123,PC,10.7668398,1933.6811005,4.2439843,10.6292
2489.01,279327604,APC,1.426951,2881.7106387,1.3367863,11.2451
249.01,179985715,PC,6.6153188,1341.3720224,2.3345844,11.2738
2490.01,77437543,PC,,4407.5735305,7.474737,11.2759
2491.01,80567842,APC,5.92777,12984.5364661,2.5599954,11.0233
2492.01,282498590,FP,10.1004307,13680.0,4.977,11.6749
2493.01,123664207,PC,,1704.3313705,2.0935301,11.433
2494.01,282576340,PC,8.3761316,9060.0,1.976,10.7202
2494.02,282576340,PC,2.4087648,590.0,1.881,10.7202
2495.01,33091590,PC,7.795385,2783.9129229,1.6941573,12.2285
2496.01,160328683,PC,1.5746828,77503.5100766,1.9286406,14.1969
2497.01,97568467,CP,10.655694,2103.6578759,7.8236322,9.14112
2498.01,263179590,CP,3.7382381,1316.4622757,2.975208,10.844
2499.01,67196573,APC,2.5574812,1860.0,1.053,10.7996
2719.01,176314383,CP,3.3759446,1270.0,3.538,12.0676
272.01,268766053,KP,3.3098458,19158.8321817,2.2676536,11.7617
2720.01,169448297,PC,2.1473577,2300.0,2.706,12.4742
2721.01,167714124,PC,4.162733,12870.0,3.319,12.8482
2722.01,153725446,PC,0.708548,800.0,0.845,11.1522
2723.01,152477897,PC,3.3843865,10730.0,3.845,13.3164
2724.01,119290630,PC,1.4875055,44400.0,1.874,13.1901
2725.01,100780304,APC,0.1846924,1390.0,0.386,12.058
2726.01,100589633,PC,3.9471513,16080.0,1.993,13.4034
2727.01,51830822,PC,0.6711626,2330.0,1.168,13.0537
2728.01,42763678,FP,1.7246234,11820.0,1.979,12.7993
2729.01,39724477,PC,4.0350169,25420.0,2.108,12.263
273.01,279740441,FP,0.7418594,2983.6257317,1.5026958,11.481
2730.01,37240067,PC,2.5082498,16210.0,1.393,13.4848
2731.01,34729329,PC,0.9953936,280.0,2.238,9.92029
2732.01,34466256,FP,0.7029205,2480.0,1.325,12.0195
2733.01,34266522,PC,3.7170532,7220.0,3.751,13.2843
2734.01,21505121,PC,4.5879078,2040.0,3.464,12.6746
2735.01,20069685,PC,1.9663653,29670.0,1.637,12.95
2058.01,326732851,FP,1.51567,750.0,2.281,10.5365
2059.01,403308915,FP,3.7543552,470.0,1.878,10.1731
206.01,55650590,CP,0.7363132,1322.5461054,0.6736853,12.4312
2060.01,285542903,FP,2.2657506,388.0,3.419,9.8722
2061.01,327577308,FP,1.45655,580.0,1.51,10.636
2062.01,373785851,FP,4.04163,3100.0,1.719,10.155
2063.01,334811204,PC,21.07626,1890.0,2.124,10.3499
2064.01,115524421,KP,8.8036803,8360.0,2.997,11.5906
2065.01,356710041,APC,,1341.1309509,12.5551812,9.0024
2066.01,141663460,FP,1.76442,8800.0,2.749,8.522
2067.01,147951030,PC,8.8128067,787.0,2.325,10.4547
2068.01,417931300,CP,7.7690887,1416.7912077,2.6251447,11.1806
2069.01,198187049,PC,5.9214229,140.4285921,2.4606208,7.9726
207.01,260271203,FP,5.6492853,44346.559983,4.0424046,13.4734
2070.01,233182695,PC,6.3839247,358.7464972,1.5808909,9.74428
2071.01,198360694,PC,5.6739336,641.2779235,2.8074156,11.04
2072.01,900715901,PC,3.167981,970.0,1.352,11.6434
2274.02,289164482,PC,1.1188024,427.0,1.119,10.3543
2275.01,272679240,PC,20.1546939,1039.4977103,1.3244754,11.4208
2276.01,198456933,PC,76.8663962,341.5578492,6.7753035,8.9072
2277.01,288516853,PC,,178.9213506,12.4042036,7.98614
2278.01,243313296,PC,1.4663344,920.0,0.447,12.4199
2279.01,115623434,PC,3.1434463,803.0,1.501,10.2455
228.01,77044471,KP,2.6865064,12135.3375306,2.6567231,13.2576
2280.01,115583726,PC,18.6016754,559.9932489,2.3690896,8.44143
2281.01,264171144,PC,210.668358,342.5966404,10.3865576,9.13648
2282.01,237211410,PC,12.5520766,202.0868952,6.8268193,9.29735
2283.01,198211976,FA,0.4018586,111.3648011,1.5779753,11.2076
2284.01,115446313,FP,4.9707023,487.0,2.586,9.88372
2285.01,329148988,CP,27.2672016,1154.3278885,2.4164839,11.3078
2285.02,329148988,,9.6732046,817.3329426,1.2860602,11.3078
2286.01,237201858,PC,179.4031712,618.5780905,10.7569968,9.85236
2287.01,160077104,CP,11.8120707,189.027556,3.3324162,8.5709
250.01,184240683,KP,1.6284288,13798.6701483,2.368249,11.5464
2500.01,206785987,PC,2.955314,6470.0,3.031,11.619
2501.01,134471108,PC,5.3262922,1501.6874101,2.2585228,11.6751
2502.01,52689469,KP,3.1413825,5433.0348726,4.4361226,13.6373
2503.01,124778445,KP,1.6751568,17781.0520005,2.2718194,13.9819
2504.01,206906112,PC,13.5853506,3149.5795009,4.703902,10.6358
2505.01,443127052,PC,2.8972041,640.0,1.958,10.7015
2506.01,393298446,APC,14.9695925,430.0,5.832,9.9257
2507.01,354519019,PC,17.3051476,657.1128437,3.4976316,9.4951
2508.01,147430118,FP,1.6951056,370.0,3.238,10.3559
2509.01,143282930,APC,1.5339665,470.0,2.128,10.7088
251.01,224225541,CP,4.9377227,844.8199092,2.1294254,9.3258
2510.01,170103435,FP,1.9785151,500.0,1.282,10.0879
2511.01,124702477,FP,0.7951534,1920.0,0.912,10.9539
2512.01,124491883,PC,2.3933087,150.0,5.507,9.22605
2513.01,59842822,PC,2.5577037,530.0,2.577,10.0509
2514.01,317134140,PC,6.3951381,510.0,4.047,10.667
2515.01,123627908,FP,5.9016526,2450.0,2.417,10.1083
1835.02,347332255,PC,,886.4838237,3.9454498,7.6621
1836.01,207468071,CP,20.3807824,2371.5221505,6.6590149,9.29416
1836.02,207468071,FP,1.7727581,217.2904215,1.765033,9.29416
1837.01,144441148,FP,5.8182239,1069.5709916,1.1943658,8.70842
1838.01,162689341,KP,2.1747062,11173.1929564,2.846111,12.423
1839.01,381714186,CP,1.4238067,721.0458571,1.5009585,10.2173
184.01,300871545,FP,4.8170687,25042.962089,3.2029804,10.0433
1840.01,165987272,KP,7.8456075,7020.0,5.892,9.8469
1841.01,168699373,KP,4.3011975,22050.0,2.982,12.4474
1842.01,404505029,CP,9.5739531,3170.0,4.172,9.26733
1843.01,258871793,FP,9.1468355,8769.5240221,4.5194662,12.6445
1844.01,198108326,KP,3.2130578,22530.0,2.169,11.7551
1845.01,272758199,PC,3.6610026,18701.4218317,2.6047415,12.889
1846.01,198385543,CP,3.9306746,1637.1984269,1.4305142,11.8467
1847.01,54002556,KP,35.4557945,9890.0,3.867,11.6235
1847.02,54002556,PC,12.7645811,3000.0,2.132,11.6235
2073.01,441642457,PC,53.1991439,591.4602835,6.2024225,9.45253
2074.01,158075010,PC,177.5830512,456.0908234,4.7901443,8.38689
2075.01,23814735,PC,4.7981694,1051.0675882,2.1425123,11.1345
2076.01,27491137,CP,10.3563596,923.942127,3.4814933,8.3745
2076.02,27491137,CP,35.1257472,2066.0,2.839,8.3745
2076.03,27491137,CP,21.0153047,2072.0,4.315,8.3745
2077.01,230075227,PC,6.1155829,322.0,1.941,9.7807
2078.01,159244568,FA,6.2772478,910.5215536,1.5325014,11.0372
2079.01,224298134,PC,1.4923179,669.71826,1.1558314,10.8515
2079.02,224298134,PC,9.3174113,1790.5546209,1.7011801,10.8515
208.01,314865962,PC,22.4586196,445.0003089,7.1989719,10.3539
2080.01,367739494,PC,63.5809449,1446.5029644,3.6561358,11.4547
2081.01,321669174,CP,10.5054362,1320.6016253,2.4850401,11.642
2081.02,321669174,PC,5.1096561,533.2320715,1.3726829,11.642
2082.01,160039081,PC,30.2004765,520.0,4.517,7.8206
2083.01,233633993,PC,17.969639,1231.0381518,4.238817,11.8737
2288.01,462615350,PC,8.9172211,2147.0816912,2.6426767,12.709
2289.01,82452140,PC,63.39545,851.8694759,5.1295954,10.0011
229.01,120610833,KP,3.1260751,11158.2764589,1.7204574,11.5005
2290.01,321688498,PC,0.3862197,437.6381201,0.9122445,11.1079
2291.01,236934937,PC,9.405877,1425.9330181,1.5560322,11.9959
2292.01,236934268,PC,7.0767314,630.0,2.444,10.8746
2293.01,71347873,CP,6.0683318,1742.7332385,1.9825707,11.814
2294.01,284361752,PC,340.3877311,718.3774619,9.2318877,9.78288
2295.01,48018596,PC,60.06632,990.0,2.409,9.00772
2296.01,165554103,PC,139.2632286,403.2688035,15.5650549,10.4431
2297.01,233500935,PC,22.048775,540.6928554,3.8087167,11.6702
2298.01,229608594,PC,,1990.1263914,7.6412469,11.1919
2299.01,362220495,FA,165.0031583,2976.5490435,5.0545903,9.863
230.01,160074939,FA,13.340145,589.893526,4.611198,8.7435
2300.01,280031353,PC,4.8566656,1163.8416088,2.585881,11.8231
2300.02,280031353,PC,15.4432661,4652.019556,3.8493075,11.8231
2516.01,295947393,APC,5.4927168,5290.0,7.906,9.9552
2517.01,48178229,FP,2.6788253,350.0,2.49,10.0386
2518.01,96925186,PC,6.8979432,550.0,3.401,10.2282
2519.01,47720259,PC,6.9551242,755.1872287,1.9167061,10.2807
252.01,237924601,APC,1.0021853,2319.9972324,0.5001924,11.7497
2520.01,177414713,PC,2.0944084,320.0,4.133,9.859901
2521.01,72556406,APC,5.563087,2520.0,4.533,10.8218
2522.01,148883384,PC,2.0988541,350.0,4.365,9.1239
2523.01,443213925,PC,4.6410823,660.0,2.849,10.1424
2524.01,169249234,CP,7.1858029,11192.4995247,4.2542613,12.1772
2525.01,149601126,CP,23.3418536,6473.602151,6.4129373,13.4006
2525.02,149601126,CP,49.2445599,15606.4614867,6.5807145,13.4006
2526.01,380836882,PC,8.011385,7890.0,5.197,11.0586
2527.01,126572546,PC,2.3018922,1260.0,3.706,11.1673
2528.01,83154030,PC,11.7248927,8540.0,5.928,12.9363
2529.01,269333648,CP,64.5947,4240.0,8.943,10.6693
253.01,322063810,PC,3.5104148,308.8285985,2.0,9.3626
2530.01,52059926,PC,,21624.0,4.646,12.7296
1848.01,219824469,FP,5.4809161,2770.0,5.031,10.5038
1849.01,23740089,APC,9.862756,4278.0,2.323,10.4985
185.01,100100827,KP,0.9414525,11445.0,2.05,8.8287
1850.01,149577217,APC,7.39143,5880.0,1.252,10.626
1851.01,378976682,APC,6.0179742,13910.0,1.278,13.1369
1852.01,219728669,PC,2.3601883,21460.0,2.455,13.4891
1853.01,73540072,CP,1.2436239,1790.0,1.211,11.3719
1854.01,157225097,PC,2.5267353,17543.876912,2.2654363,13.0383
1855.01,81247740,CP,1.3641482,7820.0,0.952,10.6503
1856.01,224313733,FP,197.0336254,11900.0,7.338,10.9374
1857.01,180652891,APC,0.7759895,2450.0,1.135,9.2427
1858.01,424733642,PC,2.0912089,20760.0,1.144,12.8777
1859.01,229742722,CP,63.4839358,5357.0,5.457,9.93689
186.01,279741379,CP,35.6133889,1397.6487373,3.0534335,6.9934
186.02,279741379,CP,7.7897886,169.0703497,2.3434341,6.9934
1860.01,202426247,CP,1.0662082,151.0,1.142,7.7885
1861.01,323295479,PC,742.5126601,8950.6397547,6.5036652,9.9486
2084.01,441738827,CP,6.0784748,2760.298646,1.9914771,13.3257
2084.02,441738827,FP,8.1485218,3057.8323835,3.2801446,13.3257
2085.01,103633672,PC,,1885.160909,6.7940415,9.8499
2086.01,230387153,PC,41.7540004,820.0,4.491,11.316
2086.02,230387153,PC,20.261655,612.9485468,2.9685197,11.316
2087.01,219462190,PC,,548.082765,16.0960466,10.0537
2088.01,441765914,CP,124.72987,1781.9160024,7.2967692,10.8812
2089.01,341815197,PC,49.9950015,1080.0,5.109,11.5509
209.01,52204645,CP,4.3794298,969.6957616,1.6639354,10.8545
2090.01,233721037,PC,230.92212,284.9247434,15.8602661,8.80613
2091.01,219778329,PC,177.2188871,294.429628,5.5590645,8.1529
2092.01,393965778,PC,4.3032642,710.7656808,2.5737232,10.6375
2093.01,402898317,CP,53.8108713,965.1696621,4.2655099,10.6699
2094.01,356016119,PC,18.7931749,1844.6985474,1.09889,12.2669
2095.01,235678745,CP,17.664866,736.3925122,2.7644951,11.0788
2095.02,235678745,CP,28.1722501,950.5653623,3.3983448,11.0788
2300.03,280031353,PC,,8209.2875404,17.0708835,11.8231
2301.01,283829553,PC,6.0541622,255.0,4.592,8.36872
2302.01,144000801,APC,1.3103832,3904.2824741,1.6240216,11.0075
2303.01,197959526,FP,0.7196291,4971.1456595,1.474746,11.8199
2304.01,70420766,PC,9.4070515,967.7626685,2.6715391,10.2356
2305.01,232079930,APC,0.918902,6718.8492909,1.781955,12.8483
2306.01,147284470,PC,2.9905745,11083.8941211,2.0941681,13.3456
2307.01,270219048,PC,2.6820061,8514.9665485,1.8238879,12.2294
2308.01,234489976,PC,3.86866,8058.0771611,2.3101443,12.2397
2309.01,328012209,PC,20.2656358,802.3053384,6.4172007,10.0596
231.01,204376737,KP,3.3610013,24081.7810523,2.5685869,11.4779
2310.01,38467100,PC,2.9432073,12560.0,2.501,12.9565
2311.01,25139786,APC,1.5933772,7842.0221441,1.7732569,12.0892
2312.01,147425389,PC,3.1856867,7776.6827786,3.1050115,12.526
2313.01,325468685,PC,1.8905304,3550.5585147,1.2347831,11.449
2314.01,355446093,PC,15.937546,4172.2924827,4.5395335,11.7493
2531.01,262843259,PC,8.1484094,13497.6071224,3.168587,12.4329
2532.01,20579360,PC,16.7224532,11640.0,4.223,12.646
2533.01,418012030,PC,6.6857865,6690.0,2.896,11.6417
2534.01,219332978,PC,,5180.0,8.475,10.8209
2535.01,204698337,PC,16.4452725,11810.0,3.038,12.7024
2536.01,20299658,PC,31.9919595,13054.0547159,8.8239957,12.7022
2537.01,399967279,CP,94.0997954,20525.1201107,4.8738442,12.0294
2538.01,443115574,PC,2.9103781,1480.0,3.606,10.597
2539.01,201508515,PC,0.985586,1343.3387762,1.5285482,11.5606
254.01,49687222,FA,20.186539,1006.041833,1.866565,9.8343
2540.01,354518617,CP,12.7187255,1144.1789073,3.1582562,8.2731
2540.02,354518617,APC,22.0819969,1019.0,3.073,8.2731
2541.01,31054498,PC,1.4118418,520.0,2.702,9.9048
2542.01,431971818,PC,4.1133928,24315.2652878,2.7670768,14.9801
2543.01,270604417,CP,7.5427509,3098.3066655,6.4481914,10.8165
2544.01,341419787,FP,21.0689935,3392.7700746,3.7404027,10.7607
2545.01,149845414,CP,7.9940367,404.6194381,4.271047,8.90594
1862.01,321668398,CP,5.6442112,4136.2010063,2.980996,11.5429
1863.01,356919658,FP,1.4260766,1921.5379507,1.9053349,11.2542
1864.01,229791084,KP,1.6453265,19310.0,2.59,12.2856
1865.01,207425203,APC,1.2238902,1206.8923558,1.2763536,11.871
1866.01,400430915,PC,2.1863095,2983.5525823,3.9576915,12.6557
1867.01,400476523,FP,18.106126,9135.6122973,4.3329369,12.2339
1868.01,230087585,PC,8.8263579,5877.74804,3.4318591,12.6053
1869.01,299780329,PC,1.6024387,1372.6016905,1.0090014,10.9679
187.01,260304296,FP,1.0251822,7065.3522073,1.6880109,9.109901
1870.01,230375747,PC,2.7633917,12405.1873299,3.5061663,12.8079
1871.01,233503636,FP,3.4058493,752.3935149,1.8796913,11.5906
1872.01,229490898,PC,2.2349708,3870.0,2.016,11.9414
1873.01,328933398,PC,24.9341884,1390.0,4.964,10.7447
1873.02,328933398,PC,900.1930987,1344.4884882,6.3963069,10.7447
1873.03,328933398,PC,7.0056805,766.894462,3.3182125,10.7447
1874.01,232641326,APC,17.8684328,11028.1902285,5.6633244,11.5816
2095.03,235678745,,57.6869019,616.6350145,4.0795568,11.0788
2096.01,142748283,CP,3.1190716,2964.5828911,1.1585974,13.4764
2096.02,142748283,CP,6.3878202,5857.0164704,1.4551851,13.4764
2097.01,279982557,FP,1.7891177,384.1092389,1.7788577,11.6685
2098.01,356700488,PC,,230.8387014,12.4131426,8.20773
2099.01,230386397,FP,19.5078657,1770.0,4.603,11.2011
210.01,141608198,PC,9.0105414,4125.0713,1.8443264,12.5395
2100.01,219436394,PC,23.6573994,1180.9350567,2.308778,10.8676
2101.01,165527918,PC,9.0753271,586.9172699,3.6156842,10.6397
2102.01,289590465,PC,6.7060238,542.9365808,1.6782365,11.4106
2102.02,289590465,PC,,1474.5340825,3.3394704,11.4106
2103.01,160491359,PC,2.6620728,220.9994213,1.7235054,10.3366
2103.02,160491359,PC,20.2926468,319.9395199,3.7402567,10.3366
2104.01,367630162,PC,3.2723118,464.0,1.815,10.0556
2104.02,367630162,PC,5.904369,351.0,2.653,10.0556
2104.03,367630162,PC,15.1808746,689.0,2.808,10.0556
2315.01,302333151,APC,1.440707,4514.4039925,1.8086852,11.0675
2316.01,61980227,FP,3.0958985,10354.9916952,1.8584684,12.0516
2317.01,274599700,FP,,6007.8703021,8.4494541,11.8831
2318.01,88840705,APC,,2749.2099367,4.6833042,8.6512
2319.01,349488688,CP,,855.5836036,6.1120058,8.40302
2319.02,349488688,KP,11.6207544,486.0090375,5.6290584,8.40302
232.01,402026209,KP,1.3382314,27137.0920051,2.1560676,11.8295
2320.01,207501148,FP,,4111.2234826,4.4875335,9.85317
2321.01,138126035,PC,716.3497402,867.0,3.612,9.84325
2322.01,300812741,CP,20.225591,601.2513428,2.1541589,10.0534
2322.02,300812741,CP,11.3071674,284.8607824,2.7393998,10.0534
2323.01,293527670,FP,0.98656,390.0,0.724,10.3338
2324.01,69819610,PC,1.0371672,273.6030339,2.897523,9.14425
2325.01,152800085,APC,4.26991,2240.0,1.509,9.5103
2326.01,175456679,PC,58.9970907,2725.0,5.722,9.456
2327.01,177308364,PC,82.7899763,1017.8544172,5.8475847,9.4088
2328.01,394287035,CP,17.1019622,11430.0,3.357,11.584
2546.01,388089437,APC,2.1811989,2300.0,0.428,11.8215
2547.01,444013020,KP,2.3114203,14975.1986739,2.7479753,11.302
2548.01,350293646,KP,8.5234958,18942.0,2.444,10.0471
2548.02,350293646,CP,1.4468993,549.0,0.779,10.0471
2549.01,80711765,PC,4.8580501,11067.0819039,5.7405699,11.732
255.01,204317710,KP,2.8126485,13994.0625365,2.8737522,13.7426
2550.01,294500964,FP,9.0702531,3806.1953378,1.9063647,10.7757
2551.01,6276559,PC,5.436841,2660.0,2.335,11.7664
2552.01,31515092,PC,2.3701119,2049.0263458,1.8215643,11.8762
2553.01,238542895,PC,8.3848067,11925.6417552,4.5181283,11.8225
2554.01,144043410,FP,6.2636501,7043.2784811,5.3639991,10.5484
2555.01,155491828,FP,16.0475029,13630.0,3.334,11.1169
2556.01,468981993,APC,8.0149323,4426.4689118,4.6198374,10.7003
2557.01,269400980,PC,9.8302309,5116.722044,4.0164674,11.2047
2558.01,283307274,PC,17.7859152,6535.8664276,4.2520718,11.6919
2559.01,441453629,PC,4.2002507,25670.0,2.627,13.1141
256.01,92226327,KP,24.7373412,6560.492087,2.069051,11.2991
1875.01,233047097,PC,11.3091849,11960.0,1.713,12.9417
1876.01,233078665,PC,6.4827647,4140.8329483,2.2930359,12.8182
1877.01,233497719,FP,3.801591,18950.0,2.752,12.8746
1878.01,219762508,PC,3.2351013,3974.2319128,0.9645922,12.9737
1879.01,243335710,PC,13.7045951,10116.0470111,5.8535412,12.9935
188.01,280830734,FP,1.1619448,242.6397342,0.6293027,9.4668
1880.01,359357695,PC,1.7263781,10118.353972,1.7874582,13.0614
1881.01,59859387,FP,1.1203828,1901.0,1.665,10.2761
1882.01,396368313,PC,3.0898836,5784.3735169,1.7898868,11.2394
1883.01,348755728,CP,4.5063838,12522.9613662,2.0392007,13.3462
1884.01,219879302,PC,6.7822781,10143.2450255,2.6460451,12.6183
1885.01,258510872,CP,6.5440665,6060.0,3.777,11.9742
1886.01,403136415,PC,2.5128483,18573.9655629,2.5536063,13.0934
1887.01,229586455,PC,2.2001583,1295.5985443,1.7564486,12.2415
1888.01,459997997,FP,5.547485,3350.0,5.412,10.4748
1889.01,139771134,APC,0.9134495,4262.0748689,0.9674236,12.5093
2104.04,367630162,PC,1.9803146,306.0,1.66,10.0556
2104.05,367630162,PC,9.56111,381.556764,3.0128111,10.0556
2105.01,156199502,PC,15.9152686,652.5574248,1.1393111,9.8565
2106.01,393911494,FP,0.6332593,1191.4597195,0.8622011,9.85649
2107.01,446549906,CP,2.45457,19250.0,2.39,11.3819
2108.01,347538174,APC,6.8026462,16385.4766601,2.9266235,10.223
2109.01,392476080,CP,0.6724742,6741.9848293,1.9474931,9.78569
211.01,300293197,APC,6.5638651,2147.9618549,1.3516381,9.4906
2110.01,394029948,FA,32.76639,500.0,6.089,9.69902
2111.01,356235833,FP,1.2680452,538.0,1.027,9.1597
2112.01,427320001,PC,14.0120582,751.5203056,5.9348633,7.1776
2112.02,427320001,PC,155.8237,1164.4006092,10.641846,7.1776
2113.01,1400212743,FP,5.24612,1030.0,4.194,10.5163
2114.01,9828416,CP,6.2099619,4090.0,4.49,9.8251
2115.01,54464870,FP,3.6944323,312.0,4.915,8.29254
2116.01,422838133,FP,5.3089937,531.0,5.876,9.68129
2117.01,279212407,FP,28.6620782,2600.0,4.351,9.98272
2329.01,238920875,PC,6.5346715,6370.0,3.304,11.7944
233.01,415969908,PC,11.6700285,2783.7905216,2.0534143,11.3018
233.02,415969908,PC,7.2011383,1662.8398306,2.1444681,11.3018
2330.01,180991313,KP,2.2088214,7770.0,2.544,11.8699
2331.01,168751223,PC,4.7150942,7460.0,2.436,13.3666
2332.01,286000547,PC,7.4972297,14480.0,3.589,12.2015
2333.01,358579111,PC,14.2197641,2390.0,6.416,12.3462
2334.01,200743403,PC,7.9980831,3960.0,3.047,12.1385
2335.01,160003961,APC,1.4492052,1200.0,1.104,12.1323
2336.01,88902249,CP,7.7119842,3176.0,4.058,10.1757
2337.01,230001847,CP,2.994263,1120.6492357,6.9172309,11.2347
2338.01,24358417,CP,22.6539607,11530.0,3.468,11.7024
2339.01,279514271,PC,9.7728388,2279.7003176,7.4907772,11.9507
234.01,12423815,PC,2.8392793,35229.7098319,1.4011791,14.6253
2340.01,29959761,FP,1.6471574,3880.0,1.033,11.8012
2341.01,100267480,FP,0.87741,12050.0,0.472,12.722
2342.01,100589632,FP,3.9471567,1880.0,1.699,11.1581
2343.01,166834768,PC,3.2553185,1920.0,2.061,12.2539
256.02,92226327,KP,3.7779418,3469.450739,1.4759325,11.2991
2560.01,441155146,PC,3.5511203,19660.0,2.634,13.5328
2561.01,422385684,PC,2.7754004,8510.0,3.142,12.1504
2562.01,420177051,PC,4.0483695,12060.0,2.896,12.5945
2563.01,387409975,PC,5.0182311,16210.0,2.301,13.3848
2564.01,334482103,PC,3.7257237,8787.4795537,2.38162,12.4683
2565.01,321086563,PC,3.9704457,3689.4781363,3.7793044,12.3642
2566.01,284679064,PC,4.2102425,9271.0628122,2.9567547,13.0599
2567.01,258920431,CP,5.9839451,3826.4375501,5.3886513,11.7489
2568.01,257067559,PC,3.4843271,10320.0,3.522,12.104
2569.01,248655556,PC,13.1147744,3890.0,4.318,11.1769
257.01,200723869,CP,18.3877081,1191.0283192,6.405153,7.0286
2570.01,239816546,CP,2.9887654,15493.9490407,2.9847247,11.9775
2571.01,239638934,FP,6.0027375,6100.0,4.164,10.5284
2572.01,234489133,PC,3.5985851,6710.0,4.015,13.258
2573.01,160037058,PC,4.5815438,19550.0,3.367,13.1657
2574.01,159332859,PC,4.4817684,21180.0,2.186,12.881
189.01,278866211,FP,2.1940618,6009.3837512,1.8405144,10.2638
1890.01,288636599,PC,19.9676936,6084.3435425,6.280493,11.6819
1891.01,139198430,APC,15.3617729,3321.0,1.745,9.3059
1892.01,63698669,PC,1837.8897313,784.5879336,5.1231542,9.9312
1893.01,264544388,PC,,560.4004393,16.2000201,8.43389
1894.01,280865159,PC,739.2389832,3106.7675633,19.1259714,10.7519
1895.01,384159646,PC,748.0739416,4627.3105593,5.0652033,9.7556
1896.01,174302697,PC,,2816.5224185,16.1046282,8.88374
1897.01,420645189,FP,48.5340395,62170.0,6.661,10.1374
1897.02,420645189,FP,48.5338626,4730.0,6.137,10.1374
1898.01,91987762,CP,45.5221456,3028.5453279,4.3839392,7.4098
1899.01,172370679,CP,29.0902373,34180.7427206,4.61761,12.5826
190.01,166739520,KP,10.0205932,8247.6689406,5.7033765,9.6411
1900.01,178879588,KP,3.0566277,12517.5203529,2.3926375,13.2554
1901.01,19684256,KP,1.3666563,21070.0,1.967,13.1758
1902.01,272212970,KP,1.6091845,13450.0,1.63,13.174
1903.01,77156657,KP,3.8404319,3580.0,5.242,11.8831
2118.01,17416749,FP,2.34483,370.0,1.417,8.63532
2119.01,236387002,CP,7.2008611,50063.0,2.03,10.3978
212.01,206609630,APC,0.3352715,19687.8213975,0.7189856,12.5595
2120.01,389900760,CP,5.7998189,8567.3390223,1.014374,12.8233
2121.01,88996391,APC,2.3195654,19508.6953576,2.0259086,11.9441
2122.01,311408969,KP,3.5852284,16909.228538,3.0197224,12.658
2123.01,105840719,PC,10.3088514,2122.245998,3.8012836,9.5373
2124.01,159742538,KP,3.5539283,9368.3887704,3.6341388,11.1116
2125.01,116242971,KP,5.0316347,4912.0,5.265,10.1213
2126.01,116264089,KP,1.306188,24746.2794438,1.4177746,11.7213
2127.01,21744120,KP,5.5080682,21584.7573167,2.6399995,11.733
2128.01,21832928,CP,16.3413889,372.0970618,5.3764481,6.6813
2129.01,101721385,KP,4.627664,6190.0,2.306,9.54417
213.01,234345288,CP,23.5199235,1325.1382576,3.558526,9.7806
213.02,234345288,PC,7.7565534,286.2558604,2.4341043,9.7806
2130.01,320798691,KP,5.0052605,7641.404098,4.9057646,11.0269
2344.01,311179742,PC,8.3129806,2680.0,4.171,12.2766
2345.01,91555165,CP,1.0526157,358.5076064,1.5288415,10.3759
2345.02,91555165,CP,42.1289893,961.655867,4.6130523,10.3759
2346.01,317483660,PC,3.3311975,12390.0,3.705,11.5584
2347.01,301343785,APC,1.1736318,1470.0,1.397,11.6751
2348.01,317019074,PC,1.2043785,1170.0,1.047,11.6884
2349.01,405452527,APC,11.5738497,18730.0,6.656,11.8929
235.01,280095254,PC,10.090259,2585.7862462,1.7502645,9.4688
2350.01,47601197,PC,8.6251769,1690.0,2.704,10.6477
2350.02,47601197,PC,4.8714085,1180.0,2.643,10.6477
2351.01,290036495,APC,5.2524809,22612.2943943,2.0606876,12.1103
2352.01,32925763,PC,1.6804461,2020.0,1.099,11.0863
2353.01,177079323,PC,5.7517969,701.5728877,3.0489623,11.895
2354.01,219766989,FP,0.5109902,2720.0,0.709,11.9951
2355.01,124515764,PC,1.2709769,1400.0,2.335,11.7959
2356.01,30947715,PC,3.66275,970.0,3.096,11.7118
2357.01,124206468,PC,7.0924883,5540.0,2.869,11.4586
2358.01,124095888,FP,1.1258127,1440.0,0.374,11.5137
2575.01,142784687,PC,3.1711207,8504.6805867,3.6276575,13.152
2576.01,115453244,PC,3.8229149,11780.0,3.171,12.2323
2577.01,112316665,PC,3.7494409,4860.0,2.452,11.5955
2578.01,104986789,PC,3.4580018,10218.255838,2.6231719,10.5863
2579.01,103751498,KP,3.7146478,12620.0,3.835,10.9101
258.01,350445771,FP,3.1901569,3648.2442456,1.8262867,11.0932
2580.01,102713734,CP,3.397862,9960.0,4.502,10.8064
2581.01,37862966,PC,3.5838508,12480.0,3.085,12.9754
2582.01,21279791,PC,3.0183134,8960.0,2.78,12.4848
2583.01,7548817,CP,4.52074,8520.0,4.175,12.0453
2584.01,458641144,PC,4.6965638,12380.0,3.056,12.731
2585.01,62530991,FP,4.0266483,754.0,2.312,9.8961
2586.01,458647887,PC,9.5835608,1150.0,2.405,10.505
2587.01,68007716,CP,5.4566563,4160.0,3.783,10.9657
2588.01,284418751,PC,3.587158,3120.0,1.23,10.6713
2589.01,157698565,CP,61.6277,8878.0,6.401,10.7211
259.01,12862099,KP,2.4238226,16167.1783697,2.2484015,12.3993
2590.01,234832821,PC,0.7460577,240.0,1.754,9.47351
1904.01,272213425,KP,4.3247708,6380.0,4.267,11.1138
1905.01,429302040,KP,5.72226,25549.0,2.648,10.418
1906.01,308098254,KP,9.6246665,10230.0,4.297,11.5688
1907.01,453789494,KP,5.4774433,9010.0,5.277,10.7316
1908.01,37718056,KP,3.65688,7040.0,3.542,11.7083
1909.01,232038798,KP,4.1536624,12310.0,1.702,11.3187
191.01,183532609,KP,8.1587261,15337.0,4.288,9.1468
1910.01,437261733,KP,5.4161129,14310.0,3.385,13.2958
1911.01,44745133,KP,7.8181434,3650.0,4.98,12.5757
1912.01,50712784,KP,5.4053583,6770.0,4.859,10.5579
1913.01,53458803,KP,3.3489038,10987.1747675,3.3546298,11.8656
1914.01,53750200,KP,4.1933422,4804.157266,1.8220996,12.2309
1915.01,98283926,KP,2.2920348,10585.2906021,3.1812507,13.1472
1916.01,98545929,KP,1.888231,4358.3260875,3.6693894,12.4539
1917.01,339522221,KP,1.82069,12340.0,3.049,12.0457
1918.01,308425348,FP,3.39829,4340.0,2.634,12.2876
1919.01,102192004,KP,4.2337078,7690.0,2.008,11.3287
192.01,183537452,KP,3.9227113,11362.3670709,2.6326626,10.2499
311.01,434105231,APC,0.7963207,20952.5433734,1.1937665,12.9517
3110.01,104022675,FP,0.7428708,5167.0761421,1.5384325,13.0326
3111.01,103832313,PC,4.640636,15710.0,2.984,14.6574
3112.01,98662211,PC,4.2842284,11830.0,1.497,12.5042
3113.01,94346376,PC,3.1339232,6230.0,4.029,13.2725
3114.01,94011343,PC,4.407111,9140.0,2.134,11.6001
3115.01,93093765,PC,2.7961137,5500.0,1.604,12.5831
3116.01,80778619,PC,1.6484941,3523.4673819,2.0820857,12.4173
3117.01,73082014,PC,3.2689953,15890.0,2.931,13.4259
3118.01,58461209,PC,3.8098324,3250.0,3.881,11.4553
3119.01,57793060,PC,8.907516,8610.0,3.522,13.0462
312.01,180145006,APC,3.541231,5029.7368715,2.4849489,12.2607
3120.01,22384839,PC,7.0235956,5630.0,4.739,13.0772
3121.01,14715294,PC,5.5167527,13410.0,4.288,13.1194
3122.01,61117473,FP,6.1836211,10508.1307083,2.5436374,12.123
3123.01,60768923,APC,1.8703411,9570.0,2.134,11.099
3124.01,454918388,PC,2.2545904,5980.0,0.977,12.6177
3125.01,160023,PC,6.7565519,5200.0,3.442,12.8296
3384.01,118603213,PC,1.8592079,3150.0,2.212,12.2146
3385.01,175079720,FP,2.2623261,2940.0,3.048,12.4698
3386.01,174426662,PC,0.8855539,1900.0,1.034,12.4768
3387.01,118072143,PC,2.7678404,9160.0,2.225,13.2877
3388.01,173860688,FP,0.845657,390.0,1.824,10.9017
3389.01,419419534,FP,1.680148,1420.0,1.217,10.9144
339.01,69838258,FP,6.73069,14721.7,3.503,12.0885
3390.01,96055535,APC,5.4033373,14900.0,1.421,13.2958
3391.01,173824688,PC,4.7131119,10492.6573132,5.5285456,13.5064
3392.01,80174172,FP,1.1104301,4870.0,1.604,13.494
3393.01,173260345,PC,5.2059716,9210.0,2.803,13.6224
3394.01,59536337,PC,7.8373997,2880.0,3.273,12.1348
3395.01,170405772,PC,3.2730247,4030.0,1.551,12.683
3396.01,56630436,PC,6.4700007,14835.6486181,5.6018512,12.5443
3397.01,154616309,PC,3.6250244,11380.0,2.209,13.3153
3398.01,46999289,PC,6.2088405,2992.8361072,2.7236562,12.1945
3399.01,153197346,FP,2.642447,4700.0,4.373,13.509
340.01,80439101,PC,14.8499717,53558.5635109,5.9888165,12.6435
3400.01,437215469,PC,3.8036198,17890.0,4.141,12.6659
3656.01,77258279,PC,5.5122277,10785.0,2.82,13.1951
3657.01,381544766,PC,4.0898871,30000.0,2.736,12.328
3658.01,71854732,FP,3.1004285,12784.0,3.513,12.6532
3659.01,374778982,FP,2.3882776,12572.0,3.102,13.4977
366.01,251878904,FP,1.7025848,7466.6719822,1.848351,13.5477
3660.01,67517533,PC,3.9497635,8478.1708441,1.9011439,12.8235
3661.01,370123525,PC,2.6480838,11090.0,3.42,12.8309
3662.01,65446983,PC,9.9908116,4620.0,3.566,10.7043
3663.01,354151219,FP,3.5639862,2126.0,2.135,11.5917
3664.01,348437470,PC,3.2975093,13404.0,2.511,12.91
3665.01,65440953,PC,0.8746494,1910.0,1.576,12.4829
3666.01,346626688,KP,4.4085194,8977.0354304,3.3016793,11.4453
3667.01,63717709,PC,5.4439776,9179.0608475,2.9570233,13.0772
3668.01,467580267,PC,0.7415247,2342.0,1.196,11.2959
3669.01,63470437,PC,1.2126653,5132.0,1.356,13.4357
367.01,9033144,FP,4.7150255,4566.0,3.302,9.74346
3670.01,331854794,APC,2.1947767,7174.209618,2.1045072,12.8464
3671.01,312345863,PC,1.7266138,12043.0,1.067,12.9892
2851.01,174206540,PC,4.8257226,7650.0,4.145,13.0923
2852.01,52869977,PC,0.400777,2000.0,0.886,13.3947
2853.01,173818213,PC,3.2923881,26840.0,1.427,13.4546
2854.01,50989813,PC,0.9008643,2530.0,1.419,12.5461
2855.01,437156845,FP,3.4906402,4580.0,1.586,12.7325
2856.01,172630205,FP,0.599092,1290.0,1.232,12.6989
2857.01,419148828,APC,0.6216031,2344.6249758,1.1570716,12.4644
2858.01,47587394,PC,2.4181961,4150.0,1.814,13.3606
2859.01,157655504,PC,3.9589903,13190.0,3.5,12.9395
286.01,150030205,CP,4.5117295,306.1299697,1.7906998,9.1059
286.02,150030205,CP,39.3617849,552.0,4.535,9.1059
2860.01,419029830,PC,4.1849602,27260.0,2.233,13.4746
2861.01,157572174,PC,6.6269971,5104.9588771,3.9371246,13.0316
2862.01,231937059,PC,11.4874782,16360.0,4.063,13.0436
2863.01,412257781,FP,1.1894812,4130.0,3.047,12.7797
2864.01,157011920,PC,0.4777885,2690.0,1.039,12.818
2865.01,231337271,PC,0.451685,1660.0,0.262,12.685
2866.01,409896170,PC,1.5728416,21020.0,1.947,13.2495
2867.01,156949982,PC,5.6392638,7320.0,4.436,13.4861
3126.01,454876465,PC,1.8246123,16080.0,1.835,13.2585
3127.01,17361,APC,3.606557,9930.0,1.878,11.342
3128.01,453677947,PC,2.3155132,1520.0,0.649,11.9346
3129.01,4711,PC,2.3348152,5310.0,1.861,10.9198
313.01,9102327,FP,3.2615,1652.28,2.233,11.3018
3130.01,453396346,PC,0.4415174,3910.4523542,1.7224979,13.5606
3131.01,2876,PC,2.6274574,21660.0,2.31,13.1643
3132.01,448923766,PC,2.2664085,10240.0,2.63,13.1311
3133.01,448775221,PC,4.0902788,5060.0,3.584,11.938
3134.01,448688668,PC,2.2308431,10950.0,2.969,13.3397
3135.01,448098793,PC,3.7065603,15010.0,1.98,11.0994
3136.01,418471796,PC,2.6841894,29670.0,2.836,12.7666
3137.01,395514100,FP,1.8823821,21038.6119972,3.1478726,11.528
3138.01,270347814,PC,2.8740048,25890.0,1.592,13.5117
3139.01,48661942,PC,3.9628496,4480.0,2.844,11.9118
314.01,316769613,PC,10.18108,1190.0,3.674,11.1741
3140.01,394900138,PC,3.0932735,10900.0,2.937,13.0885
3141.01,394443982,PC,4.4338805,9180.0,3.93,12.4712
3142.01,387791274,PC,1.1536561,40190.0,2.51,13.229
3143.01,384244834,PC,2.9902369,6460.0,3.042,12.048
3401.01,26051436,PC,3.6689529,14780.0,2.866,13.3298
3402.01,152685831,FP,3.4714171,3580.0,3.006,12.6532
3403.01,133107143,PC,11.2205176,10721.0265817,3.7193393,12.0894
3404.01,18795429,PC,2.5087868,15750.0,2.529,12.7435
3405.01,152326573,PC,6.1458884,12900.0,2.808,13.0178
3406.01,410159011,PC,2.623354,8790.0,2.845,12.8054
3407.01,152005053,PC,1.3847905,4150.0,2.657,13.0549
3408.01,7904580,FP,15.8346011,18000.0,4.676,13.3008
3409.01,405485201,PC,7.7605254,2060.0,3.639,11.7483
341.01,33911302,PC,1.81383,13170.0,1.113,13.3302
3410.01,238012337,PC,3.9791023,4000.0,4.47,11.581
3411.01,150424946,PC,7.0628019,13490.0,4.385,13.1428
3412.01,396794358,PC,3.1405783,8570.0,1.574,12.6977
3413.01,149745822,PC,4.7114264,5410.0,1.502,12.5881
3414.01,131348451,PC,9.7355768,2590.0,5.954,11.9685
3415.01,386456916,PC,3.5714448,4090.0,2.356,12.2665
3416.01,145910571,PC,2.3626917,7280.0,2.938,12.6255
3417.01,332710679,PC,2.7194615,18840.0,2.481,13.4736
3418.01,437144507,PC,7.3039869,7722.2055378,5.3650109,11.8994
3419.01,145904365,PC,7.9969538,19120.0,5.4,12.935
3672.01,50943163,FP,2.4254068,1910.0,3.323,11.2351
3673.01,452964680,PC,2.2390796,17069.0,2.781,13.2514
3674.01,308613965,PC,4.4619426,10390.0,3.232,13.128
3675.01,34646336,PC,5.9577768,12419.1287881,4.6924078,13.4326
3676.01,302470965,PC,1.9341469,9465.0,1.676,13.3318
3677.01,458876004,FP,3.6923071,14130.0,1.139,11.9814
3678.01,34551972,FP,4.8542878,7833.3169406,5.5928718,10.5873
3679.01,285354178,PC,5.9664078,20351.0,2.816,12.8397
368.01,77031413,FP,1.38665,24680.0,2.238,11.4996
3680.01,311703724,APC,1.7054246,3781.0,1.021,11.3584
3681.01,285272237,KP,4.6401269,9954.9098835,3.0320144,11.7524
3682.01,28961316,PC,3.3462671,4070.0,3.625,11.3186
3683.01,264912889,PC,1.3697115,3867.0,1.951,11.4374
3684.01,28873762,FP,3.105654,12400.0,1.999,13.3483
3685.01,252118701,PC,4.9777448,13389.0,2.891,13.2757
3686.01,13533330,PC,5.0778064,14469.3182017,3.6413963,11.2381
3687.01,250803548,PC,4.4543921,18251.0,6.186,13.3901
3688.01,245509452,CP,3.246208,9405.9910446,3.4201513,11.8433
2868.01,147857396,PC,9.3803217,8600.0,4.508,12.9702
2869.01,409264172,PC,1.7198076,10890.0,1.861,12.9451
287.01,2758565,FP,3.7815683,15002.1659627,2.0137346,12.3611
2870.01,14709225,PC,5.7655904,7910.0,1.757,12.5266
2871.01,155807906,FP,0.4057204,2620.0,1.201,13.0777
2872.01,151930063,FP,5.2201338,6040.0,2.584,12.8919
2873.01,119448220,PC,1.252025,8690.0,0.816,12.6587
2874.01,123106490,FP,3.3004862,2403.5706041,2.959105,11.3002
2875.01,385658469,PC,3.4142143,3400.0,4.212,12.5365
2876.01,10827386,PC,6.2996307,9530.0,1.918,11.7038
2877.01,348477542,PC,3.4074188,18130.0,3.111,13.0814
2878.01,4999813,FP,2.0849517,2380.0,3.099,12.6063
2879.01,146836153,FP,2.3252878,29370.954615,2.277571,13.3181
288.01,47316976,PC,711.7473963,1566.1541118,6.7075614,8.97174
2880.01,344140617,PC,4.7799716,5250.0,4.976,13.2873
2881.01,320541238,PC,2.9301843,6280.0,4.218,13.2222
2882.01,142405475,PC,2.0083269,1680.0,4.37,13.1101
2883.01,319932686,PC,3.7064049,4710.0,2.056,12.3661
2884.01,318413374,PC,2.935886,5900.0,2.93,13.4518
3144.01,361176558,PC,3.7724947,9180.0,2.199,13.1885
3145.01,360816296,PC,3.5505931,15700.0,2.713,12.1258
3146.01,360816293,FP,3.5506084,16040.0,2.706,12.2077
3147.01,359572563,PC,1.5256634,16180.0,1.925,13.0237
3148.01,323980895,PC,4.2814436,4910.0,0.868,11.681
3149.01,296670796,PC,1.1542402,15460.0,3.377,13.4841
315.01,66356824,FP,3.55562,2610.0,1.838,12.4245
3150.01,195256633,PC,5.3430663,7220.0,5.101,12.0697
3151.01,36607746,PC,1.7257597,13880.0,1.375,12.6499
3152.01,467484304,PC,0.7815064,8410.0,1.353,13.3551
3153.01,466318137,FP,1.1216021,3599.1066292,1.6434889,11.2789
3154.01,465176038,PC,4.0333818,13745.2980794,4.414595,12.802
3155.01,457272901,APC,4.6492201,7880.0,1.143,11.6104
3156.01,457110913,APC,0.7463239,24240.0,1.49,13.2294
3157.01,456962262,PC,2.8823183,66566.1005931,3.6626984,13.6244
3158.01,451254008,PC,6.8561604,5540.0,4.32,12.534
3159.01,449549170,FP,1.4753526,870.0,3.29,11.2925
316.01,8988289,APC,13.32379,95718.1,2.561,13.1186
3160.01,440872576,PC,3.9712794,8670.0,2.606,11.9333
342.01,415969574,FP,10.45776,8773.24,3.148,12.8691
3420.01,293978434,FP,1.5971426,2150.0,3.316,12.6746
3421.01,145023816,PC,2.8389301,6210.0,2.45,13.35
3422.01,286099128,KP,3.7788779,17654.0731284,3.1290228,12.239
3423.01,144970275,FP,2.5313424,5830.0,2.246,12.6067
3424.01,283702603,FP,0.6691882,2850.0,1.347,12.5772
3425.01,144682439,PC,0.765415,2740.0,1.389,13.0391
3426.01,277833423,PC,6.1786733,16990.0,4.289,12.7761
3427.01,144467913,PC,2.9526508,9320.0,2.503,12.7363
3428.01,271486001,PC,5.3945125,1430.0,7.126,12.1927
3429.01,134551640,PC,13.9311096,6720.0,3.508,12.4493
343.01,66497310,FP,1.7563116,3476.9463159,1.8543683,12.4115
3430.01,118329434,APC,5.0949767,4150.0,4.57,11.8807
3431.01,270649648,PC,3.919695,12270.0,4.027,13.1291
3432.01,133849258,PC,9.148074,22476.4703198,3.8870163,13.7942
3433.01,270471065,PC,2.7765784,5710.0,2.076,12.7445
3434.01,270457662,PC,3.1510024,4700.0,0.612,12.2609
3435.01,238162973,FP,11.8885643,35450.0,2.567,13.3872
3436.01,132320310,FP,1.3955317,960.0,2.62,10.9602
3689.01,241135327,PC,2.4145007,7472.5714594,2.272,13.1033
369.01,175482273,PC,5.4640119,3785.0,2.928,9.1692
3690.01,240989628,PC,10.0755592,5820.0,1.066,11.9017
3691.01,240959810,PC,3.3411398,15431.0,3.244,12.6772
3692.01,240864953,PC,3.3210331,10206.0,4.684,13.3538
3693.01,240823272,CP,9.0881638,24660.0,3.402,11.419
3694.01,470822809,PC,2.5400911,4260.0,1.668,12.6639
3695.01,203096531,APC,0.6041576,4997.0,1.426,13.3968
3696.01,202872757,PC,4.4236103,5831.0,4.356,12.4838
3697.01,470783598,APC,9.9441709,15252.0,2.698,11.7635
3698.01,266425782,PC,2.3467263,6652.2691917,4.2923576,12.488
3699.01,266401846,PC,3.0423931,10703.7246212,2.7491505,12.7775
370.01,251855940,PC,4.0463709,27706.6329031,3.0383534,13.5134
3700.01,417676091,PC,4.4184429,12333.3914621,3.2423132,12.8166
3701.01,266213232,PC,4.2605739,20069.2666289,2.5821706,13.4313
3702.01,385400633,PC,2.2842184,8675.0,1.07,12.4434
3703.01,260962960,PC,3.8901335,6927.6783585,4.0827715,12.3653
3704.01,367616146,PC,1.3944879,12737.547033,1.8149062,13.3088
2885.01,140019355,PC,6.3350651,4160.0,2.37,11.7507
2886.01,318796593,PC,1.6020002,21520.0,2.625,11.7858
2887.01,134183038,PC,4.9182798,20620.2444335,3.7931445,13.3009
2888.01,80713983,PC,4.218652,9198.260437,1.7861148,11.1893
2889.01,355796887,PC,3.6579148,32300.0,4.33,12.973
289.01,201292545,PC,,5520.0,6.463,11.4483
2890.01,355655412,PC,3.1958886,10760.0,1.548,12.6223
2891.01,342167886,PC,17.3076615,8880.0,4.843,11.7498
2892.01,340559155,PC,14.9502738,8070.0,4.464,13.3763
2893.01,340144218,PC,10.3629429,6167.9679938,4.1091902,13.296
2894.01,315120585,PC,7.4190257,11610.0,2.472,13.0815
2895.01,315117300,PC,8.7858955,3910.0,5.908,13.3064
2896.01,310537530,PC,1.3475728,2570.0,1.589,12.8047
2897.01,308987429,PC,12.0040505,6890.0,3.95,13.3406
2898.01,308612785,PC,3.6128161,9701.7379772,3.7292938,13.4268
2899.01,307366709,PC,4.0874138,7470.0,2.061,13.0077
290.01,201233610,FP,21.05271,21440.0,4.91,12.9528
2900.01,298206077,PC,1.317173,14130.0,2.581,13.4609
2901.01,295093397,PC,4.6086828,13990.0,4.283,11.9357
3161.01,438777551,PC,1.4010338,13310.0,2.22,12.9306
3162.01,433546897,PC,1.5755252,3712.6009177,3.5874714,11.6387
3163.01,425316308,PC,3.0749168,8540.0,2.67,11.8232
3164.01,419946164,FP,1.7765395,14020.0,1.258,12.5348
3165.01,419858461,FP,2.5433707,55256.7333661,3.2214112,13.6313
3166.01,412371819,PC,1.87502,21260.0,2.664,12.9852
3167.01,411796826,PC,3.0959309,14080.0,2.545,12.5526
3168.01,410554986,PC,5.1745185,10490.0,2.441,11.7627
3169.01,403911354,PC,4.4814049,10170.0,1.689,12.6738
317.01,402319411,PC,3.3262977,24223.6280838,2.9439229,12.9238
3170.01,400712525,PC,1.8923031,4800.0,1.956,12.4163
3171.01,399058051,PC,1.5706704,16439.1877398,3.3750912,13.5735
3172.01,398502253,PC,3.0031058,6677.7862161,3.4866136,13.5411
3173.01,398466662,PC,8.7719993,5010.0,4.92,11.569
3174.01,392112968,FP,1.1960086,11770.0,2.35,13.2785
3175.01,391510223,PC,1.6546269,24077.1521821,3.3211285,13.6512
3176.01,389999924,FP,4.7606207,7813.8313853,5.9420443,12.6453
3177.01,383410746,PC,2.114655,24130.0,1.945,12.6967
3437.01,132313173,PC,4.9873145,16931.1672966,2.3425677,13.0707
3438.01,455272393,PC,1.6660179,2090.0,1.445,11.9581
3439.01,394338713,PC,5.9349921,9840.0,1.423,13.4001
344.01,13023378,PC,6.0672187,7468.3938627,3.0803438,11.9221
3440.01,208030798,FP,1.7167587,13620.0,2.044,12.052
3441.01,393196631,PC,4.2594558,7500.0,3.391,13.2137
3442.01,207981861,PC,3.4569274,20700.0,2.805,12.6816
3443.01,392995938,PC,1.0078907,1790.0,2.755,11.672
3444.01,161299119,PC,2.7188122,12150.0,2.182,11.9642
3445.01,364431259,PC,2.9866836,14000.0,2.681,12.8311
3446.01,149022647,PC,1.8528946,19670.0,2.444,13.0573
3447.01,363749415,PC,3.6562554,4970.0,3.853,12.2152
3448.01,143934343,PC,2.1642912,22950.0,2.818,13.2582
3449.01,363083571,PC,3.8249546,7630.0,3.874,12.5451
345.01,308208458,PC,11.2237372,11270.3887544,3.3719302,13.5263
3450.01,126125073,PC,3.6387748,4610.0,3.131,10.376
3451.01,361710792,PC,8.7234738,10750.0,2.598,12.5517
3452.01,360475034,PC,2.8372178,4060.0,4.822,13.1151
3453.01,360473750,PC,4.3618031,3130.0,4.9,12.6558
3705.01,259506033,KP,1.9025032,10717.8931836,1.6652986,12.3824
3706.01,252430813,PC,4.3701795,15001.3632154,3.7808822,13.4223
3707.01,366311757,PC,4.9107194,8240.0,4.445,13.2097
3708.01,251652214,PC,7.27299,13820.0,4.323,11.9786
3709.01,356322454,PC,3.2509846,10852.369209,2.2931885,13.3033
371.01,156016136,PC,3.4813814,5175.9836967,2.2906804,12.6635
3710.01,174826170,PC,2.4802272,8420.0,3.51,13.3727
3711.01,355008856,PC,3.0108217,8840.0,1.723,13.3125
3712.01,354442783,FP,1.5224706,8545.4542713,1.3423331,13.4418
3713.01,171160885,PC,10.4401778,14120.0,2.783,12.5021
3714.01,155867025,CP,2.1547472,49552.1823437,1.6582238,13.1751
3715.01,354293303,PC,2.4713543,8215.1143339,2.3649813,12.9238
3716.01,155351556,PC,6.0985856,29180.0,6.711,12.3186
3717.01,348099535,APC,10.1182835,3120.0,2.645,11.5813
3718.01,417942201,PC,4.230596,3770.0,4.263,12.1578
3719.01,150074121,PC,1.2222265,7777.4504416,1.5952613,12.8297
372.01,441075486,APC,1.1202752,17470.0,2.095,12.0312
3720.01,347051112,PC,4.7378265,3331.699976,1.7442136,11.4343
2902.01,290302097,FP,2.9918201,3410.0,2.231,12.7858
2903.01,268125229,PC,3.5947639,3070.0,1.81,12.7318
2904.01,267536225,PC,7.5010022,2550.0,3.977,12.5519
2905.01,260120451,PC,11.8790678,8580.0,3.716,12.41
2906.01,192259856,PC,3.7062792,13910.0,3.008,12.7318
2907.01,192003741,PC,3.168632,2830.0,2.329,12.3447
2908.01,191671884,PC,5.4631023,3070.0,4.067,12.6467
2909.01,191496430,PC,3.0688259,3010.0,3.95,11.3289
291.01,49710555,FP,12.08837,5990.0,3.106,12.3035
2910.01,141574742,PC,3.3080662,11855.6066747,4.0947447,13.3395
2911.01,141141249,PC,1.7701321,49803.4082445,1.6631328,13.381
2912.01,118406995,PC,8.7614828,4200.0,3.301,11.3838
2913.01,101588793,PC,7.0317936,19070.0,2.962,13.3564
2914.01,90127880,PC,3.0515894,5835.5643672,3.2635858,13.21
2915.01,89617284,PC,5.1304425,7670.0,2.399,12.5254
2916.01,76663549,PC,3.9216762,17400.0,2.075,13.108
2917.01,75744886,PC,7.9018734,16220.0,3.18,13.0699
2918.01,74881311,PC,9.5680636,9400.0,3.982,13.2889
2919.01,74274839,PC,4.6957057,13800.0,2.633,12.5917
3178.01,381996371,PC,2.9331094,14410.0,3.911,12.0729
3179.01,378227267,PC,4.7076648,16490.0,1.834,12.0974
318.01,206352378,PC,3.7463765,18855.6336929,1.9560091,13.2316
3180.01,372960748,PC,2.0963263,7200.0,1.217,12.7602
3181.01,372596796,FP,3.5366743,13180.0,2.697,12.298
3182.01,372448111,PC,5.0700956,3570.0,2.763,12.9615
3183.01,370385007,PC,4.2174286,7050.0,4.045,12.7414
3184.01,366248595,PC,3.6071588,4270.0,3.947,12.2859
3185.01,363661031,PC,3.5601365,4630.0,2.824,11.162
3186.01,363632843,PC,3.6130857,12550.1377027,1.7149191,13.3586
3187.01,245027119,PC,2.0084283,1310.0,2.6,11.1799
3188.01,363202582,PC,1.5659063,6810.0,1.169,13.4016
3189.01,361998994,FP,1.84996,9350.0,2.954,13.6447
319.01,389753172,APC,0.7135373,18540.0,0.892,12.7464
3190.01,344745774,PC,2.669856,6480.0,3.559,13.3066
3191.01,342375120,PC,4.4367891,4940.0,2.042,12.1441
3192.01,336613507,PC,2.2350331,20880.0,3.102,12.882
3193.01,334757798,PC,2.3019268,12000.0,2.527,13.6132
3194.01,333511802,PC,3.6179419,14890.0,4.394,13.3682
3454.01,359426909,PC,3.9415006,8940.0,2.177,12.9585
3455.01,358938714,APC,0.422425,4090.0,0.68,13.3477
3456.01,357661805,PC,17.0298529,15940.0,2.65,12.0537
3457.01,357312511,PC,32.6012979,4490.0,4.366,11.6146
3458.01,340228388,PC,3.1726875,18990.0,2.05,12.6553
3459.01,335860261,PC,8.4893234,14020.0,4.903,12.2014
346.01,118327533,PC,16.56308,14010.0,2.317,12.7291
3460.01,39858507,PC,4.6288266,5156.2450745,5.8682678,8.82719
3461.01,334080358,PC,11.4483792,6660.0,4.824,12.9682
3462.01,324116813,PC,6.3885628,4410.0,1.726,12.8749
3463.01,292889298,PC,2.2538878,7450.0,3.664,13.5313
3464.01,290504044,PC,3.6515704,5830.0,1.925,12.0719
3465.01,454361389,PC,3.9563671,4330.0,3.396,12.7896
3466.01,284254253,FP,1.862908,3420.0,4.562,12.8482
3467.01,453289469,FP,0.7799194,1920.0,1.543,12.8492
3468.01,282091493,FP,3.3789946,11150.0,3.332,13.5709
3469.01,447192619,PC,2.6566986,10670.0,3.865,12.5805
347.01,224271611,PC,4.040003,1577.506576,1.0528611,11.2043
3470.01,277538491,PC,3.2404614,15130.0,1.642,13.3259
3721.01,143687316,PC,3.5411235,8736.2229728,3.0771407,12.6975
3722.01,346015394,PC,1.0788649,32197.0916181,1.9801943,13.186
3723.01,3027681,PC,3.9442027,13590.0,3.269,13.3025
3724.01,143642240,PC,,8780.0,6.092,11.7012
3725.01,339250695,FP,4.7262208,9512.9165619,3.2344044,13.135
3726.01,122695048,PC,4.8404431,27037.3771224,2.6166045,13.0789
3727.01,339207847,PC,13.3988634,6620.0882527,4.3926223,11.6439
3728.01,116257066,FP,6.5019596,7130.0,3.078,11.1843
3729.01,322160664,PC,8.1744382,22628.9295034,2.6721445,12.9676
373.01,9032368,FP,1.632,5500.0,1.466,13.2889
3730.01,417844678,PC,2.5404529,15551.1793793,4.8434159,13.1507
3731.01,115457180,APC,5.6619072,4350.0,2.149,11.0131
3732.01,321894059,PC,2.9594651,2460.0,3.84,12.4096
3733.01,321436679,FP,2.1263167,7318.4567789,2.6213684,12.6396
3734.01,105135774,PC,2.141186,10052.7515924,2.7636092,13.3835
3735.01,317252733,PC,3.3526843,11429.0738935,3.9579058,11.3032
3736.01,98620619,PC,2.2091186,11835.254258,3.2100502,13.3273
3737.01,96074951,PC,5.5609997,9170.0,4.204,11.4963
292.01,180285396,PC,10.3688702,15543.5949112,2.4885919,13.2806
2920.01,48210046,PC,3.2003149,16320.0,2.847,12.8212
2921.01,45896295,PC,3.0044799,11000.0,3.19,12.8854
2922.01,45492609,PC,1.3605223,1440.0,0.715,11.7768
2923.01,45299834,PC,4.3226285,9090.0,2.908,12.8521
2924.01,45048546,PC,7.3498345,5726.6329422,4.0296279,12.1466
2925.01,44510874,PC,1.5720089,2730.0,1.257,11.49
2926.01,34499178,PC,2.4249041,5630.0,4.225,13.1845
2927.01,33651215,PC,1.3868302,14190.0,2.413,13.3754
2928.01,33159936,PC,2.8457134,7050.0,3.189,12.9639
2929.01,31975443,PC,2.0391352,19130.0,2.1,13.2135
293.01,355637190,APC,0.8054361,2980.0,1.06,11.024
2930.01,30300445,PC,7.2041454,1970.0,3.527,11.6526
2931.01,29505837,PC,8.6681997,3880.0,5.864,12.1511
2932.01,29418536,PC,3.2569118,5960.0,3.689,12.6396
2933.01,29336129,FP,1.6363822,2383.8690387,5.2796046,12.5246
2934.01,28945511,PC,1.1239749,2190.0,1.011,12.8016
2935.01,24837152,PC,5.5698287,11620.0,2.234,13.4581
3195.01,332880327,PC,0.6676722,3440.0,1.117,12.594
3196.01,331297805,PC,4.9816829,11450.0,2.587,12.4383
3197.01,331160996,PC,2.1972485,30680.0,2.348,13.5902
3198.01,121625070,PC,2.1271199,14960.0,2.386,12.6029
3199.01,330885564,PC,0.6756067,3480.0,1.028,13.0904
320.01,188593930,FP,1.46503,3162.12,1.145,12.3574
3200.01,330014070,PC,6.3087809,7450.0,1.535,11.8912
3201.01,329921262,PC,2.3631898,5219.1809316,2.8375698,11.9963
3202.01,329691586,PC,1.5169786,2720.0,1.241,12.3574
3203.01,329609449,PC,4.2442882,7530.0,4.273,12.5757
3204.01,326662822,PC,4.0446543,11170.0,4.735,13.31
3205.01,322862882,FP,1.2361087,19760.0,1.139,13.364
3206.01,321802774,PC,1.9405161,5930.0,3.344,12.6265
3207.01,320994166,PC,4.0996864,20570.0,4.806,13.3096
3208.01,319949055,PC,2.3577049,7210.0,3.357,13.3011
3209.01,319806044,PC,1.3509356,6060.0,2.636,13.0789
321.01,175476629,FP,1.14057,5009.01,2.188,12.8509
3210.01,318668441,PC,2.2364485,17380.0,2.49,12.7521
3211.01,323002911,PC,3.5949457,5810.0,2.153,12.4531
3471.01,407166076,PC,8.7520247,17410.0,3.602,12.8852
3472.01,275562670,FP,1.5810556,33340.0,2.437,13.5159
3473.01,406861922,PC,4.0358074,11250.0,2.667,13.0656
3474.01,274367763,PC,3.8795023,12260.0,3.647,11.9672
3475.01,403507814,PC,2.7812908,11930.0,3.208,12.2587
3476.01,272983172,PC,4.3205081,13290.0,2.51,12.6718
3477.01,402391147,PC,3.3626798,11000.0,3.771,13.4138
3478.01,255909950,PC,1.82856,17750.0,2.961,12.3282
3479.01,402219289,PC,2.1970052,7470.0,2.966,13.4326
348.01,70785910,FP,0.4947938,2913.5611564,0.9449038,12.2494
3480.01,254909777,PC,2.1301227,16130.0,2.646,12.4119
3481.01,396316939,PC,4.9214799,3710.0,2.425,12.8719
3482.01,254629854,FP,0.9714298,1650.0,1.251,10.7989
3483.01,395926728,PC,1.4466788,4410.0,1.529,12.8749
3484.01,221882319,PC,5.1890769,6810.0,5.011,11.5616
3485.01,394672497,PC,11.8413467,770.0,2.865,9.6181
3485.02,394672497,PC,6.0379203,469.0,2.297,9.6181
3486.01,221861843,PC,2.217782,15050.0,1.421,11.4867
3487.01,301160638,APC,16.0085751,14340.0,4.452,10.1862
3738.01,312689217,PC,4.3847594,8783.8532254,4.7104727,12.1502
3739.01,311441461,PC,3.4471559,9497.7556385,3.7435577,13.1072
374.01,183675732,PC,5.4820954,8403.0676421,4.4375744,12.9998
3740.01,87597187,FA,2.0449361,29540.0,2.732,12.878
3741.01,701926762,PC,2.0449545,36060.0,2.763,13.1002
3742.01,286696848,FP,8.9279009,49560.0,3.278,12.8814
3743.01,87091417,PC,2.1186344,4200.0,2.553,12.7508
3744.01,86075481,PC,3.9010509,3017.5555289,4.2743803,12.4084
3745.01,666567477,FP,1.6883103,7400.0,2.674,13.1464
3746.01,284747017,FP,1.8012697,1800.0,3.182,11.7603
3747.01,647636934,PC,1.5503072,4601.821312,2.3242495,12.5715
3748.01,82622707,PC,2.3753009,9683.8865565,1.502194,13.2064
3749.01,284174392,PC,1.8751894,9200.0,2.798,13.2474
375.01,280097543,PC,9.4546478,1354.9261507,10.2947735,10.4471
3750.01,468777766,PC,12.4844641,17130.0,2.827,12.9865
3751.01,284173938,PC,2.9157041,12630.0,3.375,12.8826
3752.01,81597356,PC,2.8054221,7470.2865035,3.6911464,12.8963
3753.01,467783290,FP,3.6502527,9000.0,2.506,12.4332
2936.01,22020459,FP,1.3328042,1960.0,2.75,12.5961
2937.01,18794442,PC,2.0139493,5820.0,1.554,13.4212
2938.01,11417087,PC,4.942456,16530.0,2.504,11.4932
2939.01,5485318,PC,4.8306667,9790.0,4.24,12.6819
294.01,188570092,CP,7.327945,13710.0,2.896,11.3875
2940.01,5224772,PC,4.5991516,23020.0,3.113,13.487
2941.01,4729001,APC,0.7127815,26500.0,1.154,12.6858
2942.01,3840990,PC,3.525723,4730.0,4.582,12.9356
2943.01,3233861,PC,0.7123317,13070.0,0.752,13.2005
2944.01,340700241,FP,7.7925448,16339.5347863,2.902988,13.3106
2945.01,286152207,PC,3.2006677,5500.0,4.195,12.9512
2946.01,302798365,PC,4.9186433,19840.0,1.849,12.3977
2947.01,374847873,FP,2.0391741,5740.0,0.849,12.5964
2948.01,357896777,PC,2.7557652,14830.0,1.889,13.175
2949.01,357299852,PC,2.8652288,14320.0,1.785,13.2338
295.01,327952677,KP,3.3969441,10192.131158,2.4148687,12.141
2950.01,356206412,PC,3.2690486,6060.0,3.666,12.5781
2951.01,304025075,FP,3.0290563,22300.1175043,3.3148084,13.417
2952.01,302527524,PC,10.7844934,13750.0,2.021,12.6359
3212.01,316236118,PC,4.1943867,27860.0,2.977,13.3216
3213.01,314013231,APC,2.5395579,24200.0,3.082,13.0427
3214.01,312508092,PC,5.7759952,9030.0,3.594,11.7696
3215.01,307888842,PC,1.2008331,5800.0,1.584,12.9273
3216.01,306547699,FP,2.6985136,13510.0,4.856,13.1235
3217.01,309436531,FP,3.2136333,7810.0,1.875,12.3297
3218.01,305739565,CP,3.3704313,5610.0,4.608,12.885
3219.01,305492348,PC,3.2969977,8860.0,3.856,12.8427
322.01,198077394,PC,3.990533,3306.4050915,3.4539056,10.7074
3220.01,304950588,FP,7.4316274,13740.0,3.868,13.2566
3221.01,303883880,FP,0.8970184,12070.0,2.434,13.3733
3222.01,303686889,PC,5.6320791,3600.0,4.728,12.8239
3223.01,297668572,PC,4.633735,48110.0,5.755,13.2272
3224.01,297457992,PC,2.8317721,12860.0,2.607,13.0791
3225.01,401952328,PC,9.1509453,3110.0,3.522,10.7188
3226.01,295233473,PC,2.3720554,4350.0,3.366,13.4461
3227.01,294385899,PC,8.9522767,6280.0,4.508,12.6795
3228.01,294365631,PC,1.8118703,5510.0,1.368,12.0317
3229.01,290263093,PC,5.21228,8950.0,3.863,13.0502
323.01,251852984,PC,2.7723915,5882.0194354,1.8223369,13.3547
3488.01,394570569,PC,6.9625419,1030.0,4.564,11.7789
3489.01,221785300,PC,3.7833369,11530.0,3.386,11.7185
349.01,382474101,FP,2.6520851,10671.4743296,3.8534062,10.179
3490.01,394492339,PC,9.1317488,35470.0,2.448,12.5911
3491.01,208719443,PC,2.4038651,32410.0,3.549,11.8844
3492.01,81077799,PC,9.2224171,3109.7617072,5.296858,8.4504
3493.01,203377303,PC,8.159487,757.1865282,4.3972747,8.7028
3494.01,165827520,PC,7.748612,5124.9808086,1.3743369,12.295
3495.01,272167060,PC,8.4130034,490.4350481,2.5601309,8.734
3496.01,448358913,PC,1.5505494,1576.0,1.356,10.3363
3497.01,21113347,KP,4.218076,7882.0701205,3.5060865,11.4007
3498.01,310294189,PC,4.8768783,3800.0,4.024,12.0475
3499.01,446370039,PC,4.5992844,3654.1353754,8.1684205,11.5226
350.01,199731190,APC,2.5130547,5050.0,1.796,12.3856
3500.01,443666343,PC,7.3436151,1314.7094959,3.8475431,10.8298
3500.02,443666343,PC,,8094.9889377,7.9079384,10.8298
3501.01,98957720,APC,15.3502505,26220.0,2.87,10.7413
377.01,139285736,FP,1.55028,23529.8,1.571,11.9969
3770.01,8621049,APC,0.9183768,6480.0,1.009,13.4706
3771.01,3364732,PC,3.6238662,11798.1114337,2.723108,13.1454
3772.01,426319499,PC,4.1689145,7081.4201521,2.1905198,12.6409
3773.01,266772500,PC,2.9508097,8878.2030994,2.1699793,12.5517
3774.01,704012376,PC,1.5970752,15510.0,1.313,13.3678
3775.01,68850908,PC,5.3868381,18740.0,3.225,13.1657
3776.01,68388114,APC,1.3312309,7150.0,1.396,12.9076
3777.01,802227190,PC,2.3365744,4580.0,2.53,13.1961
3778.01,53307409,PC,5.6089886,7494.8820162,2.7514799,13.0221
3779.01,742648307,PC,1.6180578,17254.7980935,1.8204969,13.4167
378.01,20892672,FP,3.10926,5448.84,2.506,13.105
3780.01,468832904,PC,1.4005308,21518.3969126,2.1755276,13.4718
3781.01,470974162,FP,3.2583798,4800.0,2.196,12.3794
3782.01,396813816,APC,10.3918699,4800.0,1.167,12.0149
3783.01,459755750,PC,6.1080224,7840.0,4.68,12.8426
3784.01,339503267,PC,4.9386676,4880.2549784,3.2881257,13.2906
3785.01,458419328,CP,4.6747218,8200.0,1.61,12.4963
2953.01,469184909,FP,1.2926975,6460.0,2.592,12.4794
2954.01,464328419,PC,4.8401948,26550.0,3.546,12.3743
2955.01,464326872,PC,0.5542332,4400.0,1.366,13.0882
2956.01,463508231,PC,4.127728,14790.0,1.411,12.445
2957.01,463469906,PC,1.5314941,19629.0085308,2.4818244,13.5248
2958.01,463203560,FP,1.9905105,2270.0,2.62,10.6758
2959.01,462162963,FP,1.3550447,3710.0,1.945,12.3935
296.01,382463648,PC,25.2580075,8447.1702956,3.7100519,13.1066
2960.01,462072242,PC,2.0916623,5500.0,3.274,13.0013
2961.01,446684383,PC,4.6259138,10220.0,2.91,12.2985
2962.01,444394183,PC,4.0211797,3500.0,4.198,12.131
2963.01,441334829,FP,4.4433921,6480.0,3.414,12.5449
2964.01,439512298,PC,3.8331282,10410.0,2.906,12.484
2965.01,146841337,PC,4.2672965,9340.0,3.108,12.5853
2966.01,136504576,PC,1.5252473,1730.0,2.343,12.4016
2967.01,103245940,FP,3.2517862,18310.0,4.373,13.0742
2968.01,103183399,PC,0.7327757,4490.0,1.306,13.397
2969.01,36452991,PC,1.8237148,22920.0,1.322,11.9361
297.01,115242351,FP,5.6748327,8390.2038219,1.783,13.1099
3230.01,289445553,PC,1.8200065,15750.0,2.059,12.1896
3231.01,280857321,PC,2.1738256,2730.0,2.081,11.627
3232.01,269439355,PC,3.3898234,1840.0,1.587,11.3983
3233.01,265633507,APC,0.9787891,6770.0,1.754,12.8299
3234.01,260776145,PC,10.7012764,25250.0,4.428,12.5913
3235.01,243641947,CP,2.5926199,78210.0,1.269,13.2486
3236.01,242460075,FP,2.9098435,9480.0,1.928,12.9841
3237.01,242389810,PC,3.0271374,22110.0,3.7,13.086
3238.01,241752370,PC,3.224746,11350.0,3.621,13.534
3239.01,241569046,PC,2.2310803,12565.1881618,3.3193427,13.5286
324.01,156002449,PC,5.2848691,27277.0990883,4.7725494,13.4081
3240.01,241514551,PC,3.8600722,16960.0,1.93,12.8713
3241.01,241326434,PC,6.8380862,34050.0,2.445,11.7754
3242.01,209923610,PC,3.0001627,10600.0,2.892,12.3666
3243.01,209707800,PC,2.0519085,10320.0,1.778,11.7219
3244.01,208091447,PC,4.6606892,6370.0,2.863,12.3921
3245.01,203476998,PC,2.8977031,10130.0,4.148,12.6561
3246.01,179715231,PC,4.319754,10910.0,2.78,12.2936
3247.01,167597352,PC,5.3305676,5820.0,2.887,12.8813
3502.01,452281203,PC,3.4468018,3745.6837264,1.059593,11.4712
3503.01,459850897,FP,1.1882681,2800.5248692,1.9593251,10.2726
3504.01,117689799,FP,2.1570462,17928.3672773,2.3436622,11.6006
3505.01,390988385,PC,2.9151556,2910.0,2.004,10.9372
3506.01,102159710,PC,4.4961387,10767.3313678,3.5068675,12.8624
3507.01,86451883,FP,1.7561019,11010.0,2.858,13.3911
3508.01,278968371,FP,1.2997811,7140.0,2.35,12.4162
3509.01,244912396,PC,5.1108509,15900.0,4.36,13.0815
351.01,228381868,KP,3.4654953,5884.1905569,4.1612558,12.0719
3510.01,57753734,PC,2.8724894,13480.0,2.772,12.7595
3511.01,416368336,APC,1.0847915,16723.3298343,1.0338749,13.4539
3512.01,40779013,FP,1.7113115,9840.0,1.562,11.8744
3513.01,244487927,PC,2.9817237,4970.0,2.919,12.5001
3514.01,1870990135,PC,1.5039495,25120.0,1.857,12.8953
3515.01,198725468,PC,3.0415724,6090.0,3.602,12.1831
3516.01,30254887,PC,2.501531,2980.0,1.887,11.2292
3517.01,123007594,PC,3.3687307,13270.0,2.645,13.4486
3518.01,1712954983,PC,2.9661661,19190.0,2.068,13.3015
3801.01,373612558,PC,5.8677921,14083.5242428,3.400512,12.9395
3802.01,190250689,PC,1.4658218,8700.0,1.294,12.5548
3803.01,353498819,PC,2.5492773,3970.0,2.301,12.1957
3804.01,312991501,PC,3.2905683,18079.622642,2.7899266,13.1225
3805.01,189852832,PC,3.8960447,13340.0,2.15,12.7251
3806.01,16076354,APC,2.9859012,4150.0,1.205,11.9181
3807.01,289661991,CP,2.8989758,3680.0,1.307,11.5817
3808.01,138497780,FP,3.6754815,9843.1330115,2.3005775,12.2337
3809.01,252876117,PC,3.6346303,25220.0,2.728,13.0456
381.01,207084429,FP,4.89577,360.0,2.478,7.1995
3810.01,239136269,FP,1.0590994,5155.2973108,0.9853402,13.286
3811.01,138475192,PC,2.9594596,2140.0,0.706,11.4102
3812.01,239134248,PC,3.8850001,18102.202403,2.8815405,12.4679
3813.01,4605846,PC,3.7178656,11274.5959098,3.2262534,13.4461
3814.01,155873992,PC,4.9513106,8623.7001528,4.1704262,12.4988
3815.01,149995163,PC,4.8709815,12380.0,4.437,12.3972
3816.01,102848207,PC,1.0358225,6610.0,1.191,13.4768
2970.01,461136782,PC,4.420983,3980.0,4.083,11.406
2971.01,453452264,PC,4.8405428,7030.0,2.139,13.0634
2972.01,448536355,PC,2.8371201,11560.0,2.102,13.562
2973.01,437259571,PC,2.7519326,10200.0,2.411,13.113
2974.01,437253811,PC,0.689421,3580.0,1.233,13.0812
2975.01,423393242,PC,0.426988,7230.0,0.406,13.1221
2976.01,413372087,PC,3.4859402,11410.0,1.532,13.2277
2977.01,361343239,CP,2.3506217,13169.2664597,2.8864076,11.9383
2978.01,315096343,PC,4.3497551,1710.0,3.704,11.6687
2979.01,311252710,PC,5.4913314,34135.0717572,5.3710583,13.5214
298.01,206686292,APC,1.3287182,9179.5074187,1.7017624,12.7602
2980.01,289931756,PC,3.5910692,29100.0,2.891,13.4767
2981.01,287145649,CP,3.6015056,13630.0,3.024,12.7533
2982.01,211446495,PC,4.8701613,12330.0,2.623,13.4964
2983.01,168449943,PC,3.4287311,34250.0,2.3,13.5714
2984.01,168405330,APC,9.162268,20340.0,2.067,11.9316
2985.01,168384845,PC,3.8996784,3420.0,4.668,12.9575
2986.01,148497855,PC,3.2783445,3140.0,3.657,12.0682
2987.01,141631253,FP,1.6709011,1210.5574745,2.2820392,10.8521
3248.01,165667705,PC,3.2782956,8280.0,3.38,12.6831
3249.01,159262969,PC,3.2420704,10600.0,2.535,13.3359
325.01,66413476,PC,4.36907,3970.0,1.308,12.004
3250.01,125424836,PC,3.2806578,9820.0,2.93,12.0858
3251.01,121194926,PC,2.0694143,2900.0,1.768,12.27
3252.01,112037211,PC,4.3636327,10410.0,2.407,12.4299
3253.01,112037203,FP,4.3622356,18670.0,2.645,13.2041
3254.01,107506563,PC,1.6832809,12430.0,2.356,13.201
3255.01,83395136,PC,2.2458338,10280.0,1.462,13.2494
3256.01,322901324,PC,6.3096313,4370.0,2.761,12.5755
3257.01,76505260,FP,2.5336422,13290.0,2.865,13.2608
3258.01,369789627,PC,1.227961,2260.0,1.69,12.6593
3259.01,68523365,PC,3.4470312,15240.0,2.677,12.9104
326.01,144336525,APC,0.247325,2174.148068,0.913937,11.7549
3260.01,370138999,PC,11.4520097,1500.0,3.017,12.1225
3261.01,358070912,CP,0.8831279,2068.0674877,1.651686,12.4923
3262.01,280096473,PC,12.8770845,7385.1208646,1.9419484,12.0461
3263.01,469821652,PC,5.6155837,2690.0,4.495,11.7593
3264.01,468055102,PC,3.3133491,8900.0,3.881,12.6347
3519.01,417129824,PC,3.500869,6230.0,3.84,12.0676
352.01,47423120,APC,11.6235,44708.7,2.783,11.014
3520.01,120101789,PC,3.0086349,8530.0,3.034,13.3539
3521.01,429036977,PC,3.2440387,12161.3149119,1.6295908,12.561
3522.01,106224627,PC,3.3412415,12360.0,1.938,12.9096
3523.01,417047499,PC,2.304583,10800.0,3.457,12.1042
3524.01,106224626,FP,3.3418892,24860.0,2.084,13.4979
3525.01,373576942,FP,0.8912218,9160.0,1.846,12.8424
3526.01,89876424,FP,1.5378739,8588.6814116,3.449989,13.3403
3527.01,355748785,PC,1.755115,7747.1683435,2.3819547,12.5298
3528.01,67247610,FP,1.9740614,19601.2829646,2.1627229,13.134
3529.01,326203952,PC,2.5850398,12980.0,2.39,12.8771
353.01,100099031,FP,1.2979921,10855.6558194,2.5298876,13.4735
3530.01,64214215,APC,1.3570332,2150.0,1.161,11.4204
3531.01,316038054,APC,3.8099858,13073.8770598,4.3118658,10.711
3532.01,42484503,PC,2.4563456,9097.6513647,2.4372041,12.5112
3533.01,313408643,PC,4.3167817,8360.0,2.75,11.9114
3534.01,27916356,KP,3.2346944,10156.5613928,3.5710893,12.6877
3535.01,304514922,PC,1.9115371,11380.0,2.647,13.4268
3754.01,81593515,PC,2.5312823,1320.0,4.428,11.8974
3755.01,281196902,CP,5.5455798,8040.2832674,3.1170996,12.079
3756.01,67300566,APC,4.4236732,10682.1531772,1.4711492,11.5552
3757.01,445751830,CP,3.4391954,32914.4087358,1.6681096,13.1858
3758.01,280254984,PC,3.4177514,10160.0,3.415,12.5489
3759.01,27244707,FP,1.6882863,5190.0,2.636,12.816
376.01,144301273,PC,2.7509863,10686.8965192,1.998979,12.4502
3760.01,440186528,APC,0.5318566,15890.0,0.955,13.0123
3761.01,275703182,PC,25.8944827,27610.0,2.136,12.8508
3762.01,9833284,PC,0.6843601,720.0,0.762,10.6872
3763.01,432114158,PC,2.0042661,8701.8905063,3.2004171,12.5159
3764.01,275702126,PC,6.5718534,8510.3680527,2.4724722,12.5944
3765.01,432078760,PC,3.1479532,10550.5908783,3.3502554,11.7734
3766.01,9830791,FP,3.5414573,5930.0,2.83,13.1021
3767.01,274545328,PC,2.3907751,10809.3425575,4.1827898,13.4784
3768.01,268172361,PC,2.1803154,8016.0263872,2.6629308,12.9859
3769.01,428251130,PC,10.3380912,6750.0,3.972,10.5375
2988.01,105759569,PC,1.8865581,3150.0,1.699,12.426
2989.01,97825640,PC,3.1228396,28060.0,2.18,12.7103
299.01,156075294,PC,5.7217124,5455.5856088,3.7733987,12.3012
2990.01,73433128,PC,7.4659746,3570.0,2.396,12.023
2991.01,49046332,PC,5.5809252,10780.0,2.545,12.7171
2992.01,49045066,PC,3.00782,6510.0,3.503,11.9728
2993.01,48768158,PC,2.3378096,6880.0,2.307,13.5586
2994.01,36718161,PC,4.0257967,7390.0,1.945,12.148
2995.01,36381058,PC,1.6566182,12290.0,2.847,12.796
2996.01,35855047,PC,2.3627442,1870.0,3.095,11.6828
2997.01,35652085,PC,2.2060441,7122.1032213,4.1301608,12.3898
2998.01,34737413,PC,1.5297119,2410.0,2.297,12.5382
2999.01,34505005,FP,5.1627718,19050.0,3.139,12.9093
300.01,166697854,FP,2.75753,1071.45,1.376,10.8387
3000.01,23435610,PC,5.20807,29630.0,3.249,12.7959
3001.01,468977648,FP,2.090218,8180.0,3.329,13.0698
3002.01,402053027,PC,7.7971071,23150.0,1.873,13.2952
3003.01,400762242,PC,1.6224281,1250.0,2.013,11.9236
3004.01,400395395,FP,3.2891219,8100.0,2.948,12.4564
3265.01,466167563,PC,3.3792968,6680.0,1.196,12.599
3266.01,451566438,PC,3.7462806,6670.0,2.078,12.2613
3267.01,410372968,PC,2.7674682,5740.0,2.997,12.8058
3268.01,410358456,PC,1.8641295,4130.0,1.42,11.9039
3269.01,410314178,PC,4.132031,4220.0,1.354,12.839
327.01,206669860,PC,10.0550764,13107.7141418,3.3888241,13.4573
3270.01,407922734,PC,6.4751256,23500.0,2.217,12.2017
3271.01,406236094,PC,4.1394473,4070.0,2.94,11.059
3272.01,388280249,PC,3.146714,7360.0,2.106,13.2598
3273.01,372443687,PC,4.2955192,20630.0,2.874,12.3525
3274.01,360822008,PC,2.9075077,10020.0,2.92,12.9127
3275.01,325275736,PC,20.5020769,17680.0,7.382,13.445
3276.01,320327056,PC,7.0327412,17290.0,3.044,12.6919
3277.01,319568619,PC,1.5265889,23630.0,1.688,12.7572
3278.01,304130406,CP,3.2464257,8430.0,2.082,13.5215
3279.01,179987678,PC,0.4191451,1898.2608647,0.9767422,12.6889
328.01,139357541,PC,4.4781603,4339.8345448,1.5774426,12.7703
3280.01,290302491,PC,3.8348994,4600.0,3.138,13.0099
3281.01,254142310,PC,9.3108074,2860.0,5.27,11.1165
3536.01,27844066,FP,1.8532983,10790.0,1.197,12.5299
3537.01,294599100,FP,5.6133922,15850.0,1.424,12.6275
3538.01,27459498,PC,7.3105415,8940.0,3.1,13.0197
3539.01,294594423,PC,6.0978165,15220.0,3.402,13.1383
354.01,100097716,APC,3.0002084,8545.0,1.7,11.3534
3540.01,17865622,CP,3.1198404,8016.8009531,1.7646723,10.9541
3541.01,291147951,FP,2.5313956,9640.0,3.128,13.3888
3542.01,16187321,FP,4.2022082,9481.2110119,3.0821673,11.7211
3543.01,275887811,PC,6.481666,12000.0,3.35,11.9344
3544.01,15460993,PC,2.2020405,11000.0,1.675,12.5531
3545.01,274641986,PC,3.1872086,15583.7155253,3.4290537,11.5954
3546.01,13424053,PC,5.2019364,5830.0,2.994,12.1833
3547.01,274075364,PC,4.1632657,16500.0,1.874,13.3673
3548.01,271167979,FP,0.3093954,7680.0,0.442,13.0744
3549.01,269269740,FP,1.8639309,3640.0,3.297,12.5769
355.01,183593642,APC,1.0372587,1097.7645947,0.9802399,10.9767
3550.01,248058363,PC,1.1239202,1100.0,0.824,10.813
3551.01,247283596,PC,3.1940809,3380.0,3.706,11.6084
3552.01,247283054,APC,0.9277787,3020.0,0.997,12.2196
3786.01,321250206,APC,2.1040634,3200.0,1.38,12.3433
3787.01,457104362,PC,4.8163162,15809.0676843,3.5830779,13.398
3788.01,312811620,PC,3.0923729,7200.0,3.061,11.3321
3789.01,453410966,PC,4.120004,13334.2651359,1.9086349,13.1351
379.01,220396259,FP,0.91677,276.272,1.337,9.9124
3790.01,29117085,FP,13.247777,13420.0,3.301,11.2119
3791.01,400432230,PC,3.1833919,9850.0,2.017,11.5787
3792.01,453348525,APC,0.7729066,2850.0,1.109,12.7859
3793.01,29105766,PC,3.2551315,14394.4055364,2.3440735,13.1701
3794.01,416539317,FA,2.2019606,960.0,4.326,12.4091
3795.01,253030300,FP,2.8300213,3790.0,1.646,12.2361
3796.01,393251073,FP,14.9857436,9980.0,5.8,11.6387
3797.01,252912175,PC,17.6229161,8430.0,2.976,11.7983
3798.01,22683951,PC,2.6797436,9857.9233831,2.0292672,12.7739
3799.01,373614579,FP,8.2064867,29281.2259569,2.9678542,12.7085
380.01,100014359,PC,0.5045539,18806.2299248,1.0056629,13.5029
3800.01,21291176,PC,1.6667559,1730.0,2.35,11.7248
3005.01,386297468,FP,2.0958074,2350.0,2.992,12.3487
3006.01,386161311,PC,8.61346,12840.0,2.349,11.9644
3007.01,384034837,PC,4.2768515,5000.0,4.586,13.1623
3008.01,383666033,FP,3.9678136,760.0,4.238,11.2123
3009.01,357634632,PC,3.365343,7700.0,3.352,12.9119
301.01,144301052,PC,3.7440143,1773.5844948,2.9949786,12.0684
3010.01,357202877,PC,9.5537684,18260.0,3.414,11.9656
3011.01,356461227,FP,1.8418712,10500.0,1.633,13.2464
3012.01,437560683,PC,3.0920297,63491.9490893,4.0267639,13.7563
3013.01,383949205,PC,5.4722557,1800.0,6.366,12.7007
3014.01,383806208,PC,1.7946783,2860.0,3.306,13.2576
3015.01,357801293,PC,4.2745762,3620.0,4.288,13.2438
3016.01,356200601,PC,5.1139634,7090.0,2.24,13.1847
3017.01,122418622,PC,3.052529,14090.0,3.333,12.5422
3018.01,45684223,FP,6.5832019,5280.0,3.135,12.7818
3019.01,45296362,PC,5.9594909,15090.0,2.201,13.4834
302.01,229111835,PC,6.70145,10940.0,1.579,12.9317
3020.01,45191604,PC,3.0327366,12000.0,2.548,13.4366
3021.01,45054849,PC,11.2645152,10110.0,5.778,13.5566
3282.01,219924802,APC,2.9478339,5030.0,2.205,11.7212
3283.01,201660996,PC,3.502221,13290.0,2.911,12.4005
3284.01,166220082,PC,0.8102219,820.0,0.737,11.0125
3285.01,114181798,PC,2.7022764,11200.0,2.856,12.6771
3286.01,113648563,PC,2.0325685,18260.0,1.312,12.926
3287.01,113117112,PC,2.7176413,12100.0,3.285,13.0201
3288.01,79920467,PC,1.4338615,31360.0,1.61,13.2956
3289.01,31786438,PC,1.4259934,4670.0,1.434,12.8999
329.01,169765334,CP,5.7042858,940.986289,4.061264,10.6929
3290.01,31697707,FP,3.910946,5210.0,3.28,11.3612
3291.01,464593883,PC,9.0653768,8550.0,2.062,12.7602
3292.01,464481762,PC,4.2545208,9168.7791674,4.3764889,13.3827
3293.01,464445045,PC,2.589659,7430.0,3.385,13.1675
3294.01,464280516,PC,2.5658729,10050.0,2.425,11.481
3295.01,456574511,PC,3.4379994,8370.0,3.855,13.2972
3296.01,456560485,PC,5.9493696,10370.0,3.678,12.3726
3297.01,451538240,PC,3.9349141,7660.0,4.189,13.0197
3298.01,407772585,PC,3.0537856,12440.0,1.731,12.2415
3299.01,390723664,PC,2.9264345,7890.0,3.182,13.3888
3553.01,239628993,PC,1.9410635,4846.7705905,1.771526,11.0414
3554.01,239585909,PC,1.6127665,9630.0,1.717,13.3219
3555.01,233415701,PC,5.271813,20390.0,4.104,13.2883
3556.01,230840853,APC,4.118418,13140.0,2.232,12.7054
3557.01,271042173,FP,0.476873,1930.0,1.135,11.857
3558.01,195750008,PC,2.5650361,9190.0,2.273,13.2016
3559.01,184468386,PC,2.5402287,8272.7904433,2.3204775,11.5948
356.01,369336146,PC,5.7694373,4655.9610935,3.9249606,13.0524
3560.01,184295571,PC,1.9804293,1830.0,2.802,10.7978
3561.01,172754786,FP,4.1273472,18840.0,2.74,12.8903
3562.01,193708920,FP,1.3298469,2190.0,3.007,11.9635
3563.01,169461816,KP,17.8552322,8831.6711744,7.525823,10.931
3564.01,193482096,PC,4.0875563,15662.5623222,4.550493,12.2617
3565.01,1965256662,FP,4.3170598,10240.0,2.879,11.9683
3566.01,169187982,FP,1.764534,27120.0,2.187,13.33
3567.01,452658846,PC,1.9990323,12390.0,1.19,12.8649
3568.01,160390955,CP,4.4178042,6790.1682056,2.5881434,12.0729
3569.01,436314778,PC,4.5956692,11760.0,3.424,11.0161
2754.01,148233571,FP,0.9422588,1060.0,1.46,12.2082
2755.01,148004811,PC,3.3187528,6490.0,1.96,13.2899
2756.01,147437399,APC,1.5622382,3230.0,1.676,12.2592
2757.01,147125706,PC,3.4813976,21800.0,2.694,12.6603
2758.01,147034452,PC,4.5302876,22840.0,2.713,13.1915
2759.01,134315574,FP,1.5971584,5070.0,3.429,13.205
276.01,382188882,FP,4.8000953,5241.0677476,1.9968681,10.6559
2760.01,130611752,FP,0.4405893,1850.0,1.075,12.8004
2761.01,96736412,PC,6.1214801,17560.0,3.861,13.2221
2762.01,79431527,APC,3.9072351,14650.0,3.366,12.4325
2763.01,78441371,PC,3.9980153,5420.0,3.793,11.996
2764.01,53122063,PC,2.276734,3620.0,1.832,12.6918
2765.01,52976395,PC,1.0191022,2230.0,1.228,12.1304
2766.01,284288093,APC,7.2748135,15010.0,3.779,11.7351
2767.01,48806546,PC,0.934057,620.0,1.318,11.1649
2768.01,443556801,CP,1.5080197,1790.0,1.032,11.3676
2769.01,443534757,PC,3.08858,17060.0,2.214,13.4832
277.01,439456714,CP,3.9934418,5801.8957159,1.9693065,11.7315
2770.01,438057373,PC,4.5697688,9780.0,3.369,13.2389
3022.01,287721202,PC,8.990904,6500.0,1.78,11.7834
3023.01,454248975,CP,3.9014904,9050.0,4.83,11.4848
3024.01,452576848,PC,2.5071775,14812.1573416,3.0618698,13.5618
3025.01,452464529,PC,3.6794732,6360.0,4.13,13.4826
3026.01,449491381,PC,4.8206566,17740.0,4.468,12.8527
3027.01,282091492,PC,3.3794034,3610.0,3.332,12.2231
3028.01,467955232,PC,3.0525705,8760.0,4.811,13.1106
3029.01,465540915,PC,2.0252285,2725.4212975,5.2098256,10.8257
303.01,145750719,KP,3.5608112,4890.0,3.389,12.0213
3030.01,465275307,PC,2.1510781,16930.0,2.355,12.804
3031.01,460686828,PC,3.9935853,19930.0,2.846,12.4404
3032.01,401283491,PC,3.4677103,10000.0,2.234,13.2727
3033.01,398725538,APC,3.9982381,53030.0,2.867,13.5836
3034.01,391645374,PC,1.4032876,12010.0,2.534,13.2714
3035.01,390444761,PC,5.2803048,14540.0,2.752,13.156
3036.01,390157607,FP,0.3859142,5590.0,1.189,13.4748
3037.01,376209245,PC,2.1357662,13310.0,3.272,13.146
3038.01,376036292,PC,2.9677851,18226.8366329,3.539855,13.5635
3039.01,373033374,PC,3.412893,15960.0,2.6,12.4816
330.01,27966179,PC,4.2794669,17011.2798568,2.4641339,12.8696
3300.01,384299730,PC,6.6926834,3180.0,5.96,12.6579
3301.01,384016413,PC,5.451593,3490.0,3.628,12.5815
3302.01,383299778,APC,1.5570251,4220.0,1.431,12.909
3303.01,381982417,PC,8.6187455,3430.0,1.692,10.5695
3304.01,381789320,PC,3.4930546,7980.0,2.985,12.0148
3305.01,380775661,PC,2.025289,18480.0,2.257,12.9876
3306.01,369861731,FP,3.8780401,5030.0,2.757,12.3483
3307.01,369861728,PC,3.8784358,9620.0,2.677,13.1045
3308.01,365554300,APC,0.7614693,5980.0,1.059,13.3095
3309.01,365021641,PC,7.4832824,12910.0,3.802,11.8633
331.01,262531275,FP,2.4843369,4450.0,1.154,13.0261
3310.01,364072092,PC,1.3828196,10030.0,1.336,13.0374
3311.01,337274055,FP,4.8435717,6120.0,2.561,13.1052
3312.01,332314607,PC,5.3890264,29490.0,3.794,12.5578
3313.01,327210623,FP,2.128423,11080.0,2.872,12.6827
3314.01,315398848,PC,1.3677581,5840.0,1.363,12.4749
3315.01,312030014,PC,5.2330803,6900.0,4.617,11.8748
3316.01,311565540,PC,4.0668012,10210.0,2.373,13.4449
357.01,220016044,FP,0.9399664,587.9364245,1.122492,10.3987
3570.01,136122328,PC,2.1083693,9250.0,2.974,13.1749
3571.01,2010186093,PC,3.007925,7760.0,3.032,11.5752
3572.01,1976308113,FP,2.7568649,18380.0,2.312,13.0852
3573.01,407905370,PC,9.8170028,6510.0,3.341,11.438
3574.01,407694390,PC,3.6691817,9890.0,2.112,13.2036
3575.01,407658979,PC,8.084554,6180.0,1.991,12.1357
3576.01,405897415,PC,4.6387689,11400.0,3.569,12.9084
3577.01,396133015,CP,5.2667367,2910.0,2.788,11.3209
3578.01,358186451,FP,1.3176767,530.0,1.692,10.9683
3579.01,316606244,FP,3.310636,590.0,3.9,10.9511
358.01,321982642,PC,9.10326,14080.0,1.928,12.8895
3580.01,305478010,FP,3.121339,26300.0,4.331,13.2966
3581.01,295413003,FP,3.0373017,6290.0,4.664,12.9875
3582.01,290308758,PC,4.4168832,11250.0,3.659,12.7937
3583.01,289895191,PC,5.2462501,8285.7164803,5.702662,12.066
3584.01,289100911,PC,2.7567478,9790.0,2.167,12.4109
3585.01,287591638,CP,3.5410781,3020.0,2.062,11.2287
3586.01,286080865,PC,11.3201226,31070.0,3.276,12.3944
2771.01,437893926,FP,3.8454384,4590.0,4.736,12.4432
2772.01,435934762,PC,2.8504334,23800.0,3.768,12.8662
2773.01,420962989,APC,0.5993364,2180.0,1.024,12.993
2774.01,388934707,PC,4.4430866,8800.0,1.787,12.627
2775.01,36574157,FP,3.7804749,22150.0,3.615,12.9127
2776.01,35636165,PC,3.4590552,8820.0,3.001,13.3684
2777.01,35483319,PC,1.9297769,4540.0,1.701,13.3742
2778.01,332860211,PC,4.4445101,16730.0,2.737,12.3409
2779.01,319735319,FP,2.9038027,5860.0,3.511,12.4889
278.01,244161191,PC,0.299039,5780.6664824,0.7218103,13.1672
2780.01,317546777,PC,4.9062135,7400.0,1.671,12.8475
2781.01,317417916,PC,2.7636665,6370.0,1.279,12.9395
2782.01,306903715,PC,4.8680805,39314.879177,4.7630352,13.3612
2783.01,302976834,PC,2.3044132,20290.0,3.102,12.373
2784.01,302766000,FP,0.2573207,1330.0,0.629,12.428
2785.01,300204369,PC,11.5054399,15910.0,2.459,13.099
2786.01,281987399,PC,3.7576217,7680.0,4.483,13.3318
2787.01,270677031,PC,4.3217658,2640.0,5.515,13.425
2788.01,255756918,PC,4.0646554,7700.0,2.813,13.4177
304.01,262530873,FP,2.24172,23700.0,3.989,12.5145
3040.01,372596795,PC,3.5366051,12660.0,2.587,12.1787
3041.01,371864043,PC,2.9599541,7190.0,3.523,11.2553
3042.01,361219651,PC,2.7559464,4130.0,3.255,12.7296
3043.01,360706000,PC,2.3725483,5010.0,1.543,13.3257
3044.01,357538688,FP,13.2681095,2140.0,3.554,11.5088
3045.01,344568128,PC,2.3304358,9320.0,3.528,11.8172
3046.01,323966987,PC,4.1343989,18320.0,3.051,13.1849
3047.01,316652224,PC,2.7020875,10040.0,3.116,13.1043
3048.01,304426002,PC,5.7672677,29540.0,4.173,12.3662
3049.01,303867090,FP,1.3168344,3640.0,0.733,12.4092
305.01,102030574,PC,9.94915,22920.0,3.968,12.3294
3050.01,302003748,PC,5.939725,6600.0,1.481,12.7985
3051.01,288224503,PC,2.9489639,2730.0,2.278,12.077
3052.01,287584141,PC,2.3097953,4000.0,3.185,12.5285
3053.01,269859655,CP,2.9919962,17170.0,2.614,12.4041
3054.01,267712001,PC,2.8281656,22180.0,3.15,12.8798
3055.01,160522555,PC,1.3071566,3100.0,1.108,12.3858
3056.01,67798337,PC,1.8092906,15830.0,1.983,13.2765
3317.01,311292015,PC,2.9519989,8270.0,3.518,12.8739
3318.01,310854881,PC,12.8777188,21210.0,4.209,13.3675
3319.01,310267134,FP,0.5438807,3390.0,0.78,13.5252
332.01,139285832,CP,0.77685,830.0,1.43,11.5273
3320.01,307320565,PC,2.625748,4650.0,3.529,12.4472
3321.01,306648160,CP,3.6525305,9770.0,4.153,10.6651
3322.01,306357884,APC,1.0571733,2140.0,1.235,11.5624
3323.01,305512837,FP,3.0223957,14800.0,3.272,12.7316
3324.01,304695574,PC,2.8090597,6430.0,3.24,12.9566
3325.01,303617735,PC,4.2732096,5870.0,3.047,12.8376
3326.01,301455423,PC,1.0664194,14350.0,2.106,13.1482
3327.01,292477426,PC,4.1794516,4480.0,3.921,12.4256
3328.01,276647494,PC,10.1923252,1730.0,6.168,12.1098
3329.01,256158543,PC,5.0648278,9920.0,4.321,11.6723
333.01,224245334,CP,3.7852328,1338.8791278,3.5398298,11.5166
3330.01,255768108,PC,1.0815202,9050.0,1.317,12.4794
3331.01,194795551,CP,2.0180196,15190.0,1.967,11.3208
3332.01,194179013,FP,3.1785277,20330.0,5.974,12.7825
3333.01,193782529,PC,3.9823479,32030.0,4.463,13.334
3587.01,267373896,PC,4.1584817,7650.0,3.796,11.5199
3588.01,265242905,PC,3.7037478,4210.0,4.403,12.3142
3589.01,260761464,PC,3.0827487,14750.0,3.763,11.528
359.01,80432617,PC,16.45209,3320.0,6.461,12.3409
3590.01,236638487,APC,4.4064273,5280.0,1.422,12.3705
3591.01,190479710,PC,8.4843917,5630.0,4.224,12.8224
3592.01,162387333,PC,5.5280331,1850.0,5.153,12.231
3593.01,162289289,PC,3.8212977,13607.9927553,2.4584304,11.488
3594.01,162179096,PC,9.3236885,12730.0,2.0,13.2319
3595.01,440113053,KP,1.805376,21680.3724998,2.0790249,12.8416
3596.01,352690548,PC,4.9056578,9475.0,3.172,12.8277
3597.01,267650535,KP,4.0088245,21483.7462243,2.7370959,11.9475
3598.01,352469839,PC,3.7026941,13130.0,1.884,12.9723
3599.01,194461202,PC,3.2523102,11410.0,2.711,13.2597
360.01,13023738,FP,8.0635,5180.0,3.396,12.2524
3600.01,343726435,PC,5.016641,10347.0,3.203,12.9025
3601.01,191202679,PC,4.0517972,6256.0,2.84,12.4226
3602.01,331146317,PC,2.3874731,14252.9367639,2.8056588,11.7506
2789.01,251209368,FP,3.0071496,3310.0,4.461,13.0632
279.01,122613513,PC,11.4707838,1575.0,3.698,10.5012
2790.01,247518629,PC,2.3341583,10070.0,3.553,12.273
2791.01,237406657,PC,3.7482756,5010.0,4.989,12.7587
2792.01,237362186,PC,7.1185659,3920.0,1.734,12.3337
2793.01,235077268,PC,0.3559702,2320.0,0.523,13.2886
2794.01,232139628,PC,4.7654865,6120.0,4.43,13.0577
2795.01,232052748,PC,3.6337247,15330.0,1.763,13.4809
2796.01,220076110,CP,4.808498,11010.0,1.405,11.916
2797.01,206897186,PC,4.2380604,13070.0,3.385,13.194
2798.01,160347548,PC,3.994474,14090.0,4.436,12.8054
2799.01,156887426,PC,1.4367914,23180.0,2.178,13.1811
280.01,42054565,PC,10.1843061,839.9896915,1.7293131,9.9955
2800.01,147804034,PC,7.7538288,6560.0,3.454,12.18
2801.01,140287227,PC,5.4139736,8400.0,2.952,13.4242
2802.01,139444326,PC,3.5266608,1320.0,2.105,11.526
2803.01,124379043,CP,1.962292,20910.0,2.935,12.0753
2804.01,44764338,PC,4.8033954,867.1363349,0.9062451,8.9118
2805.01,5024743,FP,12.4498835,1827.0,5.45,10.1015
3057.01,67622702,APC,0.58007,16320.0,1.338,13.4444
3058.01,464711858,PC,2.3483946,2930.0,2.375,12.5068
3059.01,464067218,FP,1.3934565,2530.0,2.809,11.2012
306.01,114749636,KP,4.6027498,7456.7037756,4.2702334,11.7607
3060.01,463681005,FP,0.5465391,3122.1584293,1.6114979,13.5552
3061.01,463590116,PC,1.3185787,5930.0,1.748,13.4909
3062.01,463343283,PC,4.865928,10758.3826821,5.323532,13.5173
3063.01,463103749,PC,1.9512921,6702.5267443,4.7888548,12.5954
3064.01,463070290,PC,0.6771668,1095.0,1.4,10.4321
3065.01,462135459,PC,1.6995805,6740.0,2.305,13.3906
3066.01,461968320,PC,12.2027867,7070.0,2.428,11.5622
3067.01,459157691,APC,7.4365725,5020.0,2.774,11.686
3068.01,458995583,PC,1.5959199,20720.0,1.539,12.7752
3069.01,457268255,PC,3.8277062,3610.0,0.899,11.4573
307.01,9100874,FP,6.1668344,13145.6121347,2.2619245,13.1198
3070.01,452049244,PC,0.6587178,7010.0,1.576,13.3727
3071.01,452006073,CP,1.2669382,2580.0,1.93,11.8706
3072.01,451084885,PC,2.9828061,7320.0,4.28,13.2671
3073.01,448744179,PC,3.1420872,13090.0,1.884,13.0695
3334.01,160930264,PC,1.9242952,12690.0,3.075,12.8757
3335.01,120033290,PC,2.265394,4540.0,3.478,12.5521
3336.01,119950057,PC,10.1822686,12570.0,2.424,12.388
3337.01,119089245,PC,1.2436504,7630.0,1.215,13.3234
3338.01,86419190,PC,1.4893582,8600.0,1.286,12.5052
3339.01,86021841,PC,3.7465541,12890.0,2.623,12.2962
334.01,233964642,APC,17.9160113,9906.0,1.889,9.5498
3340.01,76761591,APC,11.968028,9480.0,3.925,10.9207
3341.01,75919790,PC,8.6369598,13620.0,4.91,12.7691
3342.01,75076261,PC,5.9709305,11800.0,3.145,11.8482
3343.01,58046864,FP,2.3651663,15360.0,2.462,13.4411
3344.01,57093805,PC,3.2229781,9310.0,3.793,10.9308
3345.01,21997420,PC,2.1917701,11650.0,3.145,13.207
3346.01,6404965,PC,4.8692603,5510.0,2.538,11.9812
3347.01,131581531,FP,3.0591641,2110.0,4.25,12.0536
3348.01,131347421,PC,2.6156239,2340.0,2.101,11.4872
3349.01,50909831,APC,2.0272642,4320.0,0.977,11.3546
335.01,41865539,FP,1.26092,4825.94,2.718,12.3571
3350.01,4959676,PC,2.2358979,610.0,1.588,10.6418
3351.01,941340744,PC,4.311529,9820.0,2.699,10.9932
3603.01,13961554,PC,1.2678043,8549.0,0.893,13.2666
3604.01,330135981,PC,1.0666963,19028.8653052,1.7165498,11.7344
3605.01,329373799,PC,3.6554335,9680.0,3.699,11.789
3606.01,315907220,PC,9.312167,15226.0,4.867,12.6864
3607.01,277505161,PC,3.5884855,6810.0,2.481,13.1142
3608.01,267867517,FP,2.6816329,3100.0,2.695,13.1802
3609.01,267861788,PC,6.3854622,6720.0,3.682,12.796
361.01,144276942,APC,1.5351652,2977.6306495,0.9492628,11.9699
3610.01,267484653,FP,1.7384809,3882.8974217,2.6777485,12.3512
3611.01,252549844,PC,3.0789699,9695.0,3.709,12.9106
3612.01,233948455,KP,1.4822451,21920.0,1.595,12.883
3613.01,233795794,PC,3.1493729,18830.0,2.708,13.1431
3614.01,233831759,FA,2.9708603,4020.0,3.122,11.171
3615.01,173711153,PC,3.1315583,5140.0,3.737,12.7295
3616.01,173298412,PC,2.4188647,5441.0,2.5,12.0526
3617.01,173176491,PC,3.2337884,9188.0,2.102,12.6627
3618.01,65981892,PC,3.4898546,14004.0,1.567,12.7362
3619.01,64938667,PC,3.1988858,12106.5704512,3.4044306,13.1611
362.01,305048116,PC,14.2337615,4283.0743607,2.5070875,12.5633
2806.01,193220940,PC,11.4045112,760.0,3.947,10.0524
2807.01,11936042,PC,3.9919157,535.0,2.938,9.6854
2808.01,192988021,PC,9.4453763,863.0,2.659,9.9139
2809.01,45655786,PC,3.1660849,5175.0320686,2.6922287,10.9095
281.01,38696105,PC,5.5765364,642.4206976,2.3140477,10.5041
2810.01,80682484,PC,8.4035706,490.0,3.906,9.0397
2811.01,78775584,FP,5.5553784,1050.0,2.256,10.7217
2812.01,105801221,FP,3.0750728,510.0,2.219,9.6913
2813.01,133427311,PC,4.5654898,8572.2024128,2.3029332,12.4783
2814.01,268187322,PC,5.479335,9196.3437964,4.7009896,11.1664
2815.01,306663205,PC,3.4044402,7190.0,1.895,13.2181
2816.01,131581522,FP,3.059168,7610.0,4.992,13.2864
2817.01,285526706,PC,6.2804387,10240.0,3.263,12.1234
2818.01,151483286,CP,4.0397189,15110.0,3.655,11.3944
2819.01,387275908,APC,4.3905983,8720.9304105,2.3792658,11.6805
282.01,29781292,CP,56.0045056,767.9192527,10.4337079,8.9387
282.02,29781292,FA,31.32312,385.0,1.541,8.9387
3074.01,447976172,PC,5.3583725,5000.0,4.916,13.325
3075.01,447891218,PC,1.8030565,2620.0,2.3,12.9687
3076.01,447593267,PC,7.8595931,18530.0,1.902,11.8468
3077.01,443341002,PC,6.3599636,4400.0,5.479,12.3984
3078.01,443042089,FP,0.5496848,2860.0,0.82,12.7683
3079.01,441444262,PC,1.9892499,20634.2990944,3.8785674,13.6374
308.01,281710229,APC,8.3092965,17010.0,2.201,11.7628
3080.01,439926641,PC,4.5744909,8890.0,4.534,13.2159
3081.01,432467894,PC,3.4365075,4410.0,3.353,13.263
3082.01,428699140,CP,1.9268037,2260.0,1.4,11.7662
3083.01,405620289,PC,2.1532179,6780.0,2.072,13.0723
3084.01,397423462,PC,5.1057571,10840.0,2.616,13.2733
3085.01,376740324,FP,4.5300175,35800.0,5.331,12.1229
3086.01,374158843,PC,10.9506335,1820.0,2.635,11.4005
3087.01,364427226,PC,4.1414861,7770.0,2.573,12.3411
3088.01,362607799,PC,2.6337971,4790.0,2.591,12.928
3089.01,347715478,PC,9.3096136,11570.0,2.171,12.4641
309.01,228507250,PC,6.15733,12845.011488,2.7071868,12.4154
3090.01,309913305,PC,6.3272169,8060.0,3.667,13.0037
3091.01,306255021,PC,2.7499877,15480.0,3.84,11.9519
3352.01,33840683,PC,13.8198966,288.2987782,5.2290824,10.2756
3353.01,391903064,CP,4.6658022,513.7476343,2.92252,8.7843
3353.02,391903064,PC,8.8176426,742.797085,3.5001902,8.7843
3354.01,260367888,PC,46.3810093,1108.3541952,6.1350191,10.9567
3355.01,382045742,PC,15.6600896,400.0,4.785,10.8204
3356.01,229138584,PC,2.9122454,1210.0,3.269,12.1289
3357.01,412259468,FP,2.6535777,1446.2753601,2.1014914,11.0285
3358.01,146244533,FP,8.8088443,3550.0,4.411,10.5387
3359.01,360714300,PC,15.8118347,601.0,4.449,9.6216
336.01,55452495,FP,17.7075892,3894.1636618,2.1383262,9.9524
3360.01,342343963,APC,16.7375044,2570.0,1.319,10.6857
3361.01,440324561,APC,10.5634342,11150.0,1.011,10.956
3362.01,464300749,CP,18.0953159,3176.0,2.627,10.3823
3363.01,385858569,PC,9.7433732,1566.0,3.747,10.2509
3364.01,280655495,CP,5.8769438,7168.7849256,4.5933803,10.8137
3365.01,34297761,PC,5.3928876,7447.1137923,3.8463963,10.8467
3366.01,220547837,PC,8.4562659,8430.0,4.338,10.7038
3620.01,620780629,PC,4.8893985,6907.0,2.848,12.8069
3621.01,435861696,FP,5.6902814,21290.0,2.344,12.0
3622.01,432761635,PC,3.2131823,13772.0,3.325,13.2595
3623.01,422881018,PC,5.7456862,9441.0,3.339,13.1948
3624.01,414922696,PC,7.6460931,3132.0,3.508,11.8728
3625.01,1980725947,PC,2.9708659,11761.9984291,3.4295536,12.373
3626.01,398912927,FP,19.8875338,3020.0,1.34,10.8154
3627.01,1979500576,FP,2.6342729,3190.0,3.998,12.2546
3628.01,238624131,PC,3.4945148,8254.0,2.555,11.6203
3629.01,455784423,CP,3.9365629,15461.0,2.19,12.7882
363.01,262530780,APC,8.22388,16190.0,1.834,12.9465
3630.01,189380158,KP,1.9617969,14086.214603,2.7570171,13.0942
3631.01,429414530,FP,2.6340964,2250.0,3.477,11.963
3632.01,186292194,PC,3.2403602,9687.0,3.216,12.1665
3633.01,429218084,PC,2.5266409,2690.0,1.502,12.2391
3634.01,80478272,FP,5.0859432,7091.0,2.57,11.224
3635.01,428003305,PC,1.8048106,4555.9682539,4.3641932,12.7382
3636.01,61205803,KP,4.2186625,18527.6525232,3.2580998,12.7628
3637.01,370981403,PC,3.7330471,22330.0,5.863,12.9487
282.03,29781292,CP,84.2607645,440.1660616,10.925059,8.9387
282.04,29781292,CP,22.8909897,226.3518918,2.3187085,8.9387
2820.01,130948731,PC,13.3454771,24630.385709,3.135485,13.2795
2821.01,281489322,PC,0.2856701,1990.0,0.297,12.9152
2822.01,130349701,PC,2.8798613,4820.0,4.111,12.8504
2823.01,271035369,PC,4.7962078,21130.0,3.328,12.1195
2824.01,128135100,PC,2.2087864,4710.0,4.045,13.0931
2825.01,268496304,PC,5.9492615,7490.0,4.304,13.0215
2826.01,123462119,PC,1.9275568,39070.0,2.621,12.8565
2827.01,440775339,PC,5.3393042,2610.0,2.965,11.1865
2828.01,268042363,FP,4.6141256,4920.0,1.566,12.9858
2829.01,114103134,FP,1.1468708,2762.6275979,1.3965477,11.6079
283.01,382626661,CP,17.6174716,659.8868455,3.635468,9.6768
2830.01,307456716,APC,4.2555436,2410.0,5.058,11.8365
2831.01,259165246,PC,2.6926692,4150.0,3.101,12.0778
2832.01,107340585,PC,2.6889686,10930.0,2.677,12.9674
2833.01,238335094,PC,4.3897272,6550.0,3.234,13.0718
2833.02,238335094,PC,1.8947564,4246.8573903,2.1094288,13.0718
3092.01,274911536,PC,4.4163989,7110.0,1.81,12.8017
3093.01,272885406,PC,4.3653308,8090.0,3.456,12.9661
3094.01,272645619,PC,2.8396238,10100.0,2.391,12.5612
3095.01,270075071,PC,4.2839945,9440.0,3.08,13.0517
3096.01,229465678,PC,4.4282303,17180.0,2.577,13.151
3097.01,163262555,PC,1.3683875,8410.0,1.357,12.99
3098.01,163260812,PC,4.7323433,15681.823373,4.1038025,11.315
3099.01,163030461,PC,2.5543095,18680.0,2.239,12.5869
310.01,175477257,PC,4.2695675,8610.3886424,3.7002918,12.4191
3100.01,162620529,PC,3.2907468,15760.0,2.309,13.1472
3101.01,157213708,PC,4.0467915,5180.0,3.979,13.2285
3102.01,147092818,PC,3.8769776,2760.0,4.526,12.7544
3103.01,133129971,PC,4.3437796,7750.0,2.774,12.842
3104.01,132963419,PC,10.3069451,6340.0,2.599,12.6304
3105.01,124454726,PC,5.3332571,2020.0,3.102,11.6814
3106.01,124453339,PC,1.485163,4490.0,1.789,11.8817
3107.01,124174267,PC,4.7343852,12440.0,4.468,12.477
3108.01,124146529,PC,6.900352,10420.0,2.452,13.1948
3109.01,120723776,FP,2.8831285,26290.0,3.53,12.483
3367.01,131730580,PC,3.7493233,1170.0,2.274,10.6973
3368.01,131419624,PC,7.2611991,3980.0,3.389,12.8281
3369.01,190981760,FP,3.5463582,6020.0,4.168,12.7345
337.01,155986102,FP,6.87168,39248.4,3.16,12.0235
3370.01,131250246,PC,2.3506831,1940.0,2.743,12.0148
3371.01,186470510,PC,3.5071842,3155.9223023,3.3833003,11.5432
3372.01,131036011,FP,11.0701242,11750.0,4.097,13.1038
3373.01,186459119,PC,6.534605,6530.0,2.957,12.889
3374.01,131025778,PC,2.6543295,18470.0,3.275,13.0959
3375.01,185482513,FP,1.2368321,1930.0,2.144,12.6206
3376.01,130797885,PC,4.7260751,6910.0,4.275,13.4213
3377.01,184670625,FP,0.5241284,2400.0,1.017,12.5004
3378.01,133655284,PC,2.6101478,2843.8872049,4.3645203,12.0588
3379.01,130191319,FP,1.6117444,3120.0,1.524,12.1038
338.01,116156517,KP,5.36777,6650.0,4.271,11.3151
3380.01,176148945,APC,2.0086823,1150.0,1.903,11.756
3381.01,129881395,FP,3.3630421,20990.0,2.776,13.4704
3382.01,13737885,PC,4.4575332,2900.0,5.319,11.5546
3383.01,175317833,PC,9.7325799,11099.2665877,1.6549887,12.8451
3638.01,47094691,PC,4.9276886,13381.8682851,1.7461195,12.5931
3639.01,365447203,PC,5.7208592,15720.0,3.034,13.201
364.01,47425697,PC,0.4941631,536.0,0.916,10.4913
3640.01,200917197,PC,1.2205315,3898.0,1.867,12.1395
3641.01,192878624,PC,5.7361495,11834.0,4.718,13.3405
3642.01,186614891,PC,4.084447,20681.0,1.829,12.5822
3643.01,453230066,FP,1.5492212,1420.0,2.287,10.9469
3644.01,445496795,FP,1.831733,2188.0,2.006,12.1497
3645.01,184733148,PC,2.959842,11248.0,2.53,12.851
3646.01,445407434,PC,2.1795448,24110.0,2.523,13.3858
3647.01,149855074,PC,3.1116107,2590.0,2.729,12.3524
3648.01,433144048,PC,2.923461,5092.0,3.379,13.0449
3649.01,139559780,PC,3.2637419,8150.0,1.977,13.137
365.01,118586896,APC,12.11028,35060.0,3.335,13.2642
3650.01,139507260,PC,1.7556768,12260.0,2.071,13.321
3651.01,415976665,PC,1.5244603,1648.0,1.665,11.4822
3652.01,116848450,PC,3.4796904,3796.0,3.691,11.7419
3653.01,410552165,PC,4.6017262,14162.0,1.471,13.0006
3654.01,396556650,APC,2.277182,5220.0,1.675,12.7096
3655.01,94609570,APC,3.3325651,12600.0,2.146,12.1904
2834.01,156172268,PC,4.6391531,14100.0,3.239,11.288
2835.01,98286422,FP,2.9646096,27860.0,2.232,13.1057
2836.01,144628120,PC,3.2379325,8340.0,3.112,11.4675
2837.01,238020894,APC,0.8602467,14559.4590959,1.5314093,13.5012
2838.01,81231810,FP,5.4521068,8170.0,4.702,12.9
2839.01,182470056,FP,0.879268,4550.0,1.529,12.9604
284.01,277103955,FP,1.3090665,209.0,2.844,9.2927
2840.01,178577607,PC,1.532427,29020.0,2.351,12.9159
2841.01,79930628,PC,2.1663502,5930.0,4.258,12.6313
2842.01,178162579,CP,3.5514016,8480.0,2.207,12.0327
2843.01,79030066,PC,1.8882882,18080.0,2.714,13.4949
2844.01,387342052,CP,3.5524144,2060.0,2.784,11.5829
2845.01,177612321,FP,3.145502,6190.0,2.411,13.2863
2846.01,66151343,FP,2.6792695,10530.0,2.56,13.3693
2847.01,175604949,PC,2.648845,16770.0,2.131,12.2224
2848.01,285524410,FP,3.0244222,267015.5224574,5.3680787,11.422
2849.01,61687533,PC,2.9510628,9480.0,3.404,13.2877
285.01,220459976,PC,,2425.505189,3.459632,12.1677
2850.01,453105377,PC,6.6329154,3190.0,0.598,10.7599
4161.01,441572821,PC,4.2607797,3857.0364187,6.4465003,11.9399
4162.01,420114036,PC,4.3744258,8580.0,5.275,12.095
4163.01,420112217,PC,21.5615248,3600.0,5.73,12.4899
4164.01,420108587,FP,3.522843,800.0,2.874,12.2779
4165.01,398371628,PC,7.1406422,7517.3472752,1.9916579,12.1926
4166.01,389777651,PC,5.236124,930.0,2.622,11.6431
4167.01,377165123,FP,14.793901,8150.0,3.171,12.9474
4168.01,372758077,PC,29.3821476,6575.439488,2.9371293,11.447
4169.01,372747949,PC,3.4026932,2900.0,5.23,12.7553
417.01,339733013,FP,5.6215458,981.8831116,3.5280883,10.0793
4170.01,366972162,PC,2.190225,8750.0,3.151,12.3623
4171.01,362223355,PC,3.7453991,1390.0,3.327,12.4747
4172.01,359388309,PC,4.1915095,900.0,3.187,12.2997
4173.01,358613376,PC,8.2713274,20740.0,3.809,12.6361
4174.01,356822426,PC,1.5569519,950.0,1.066,12.456
4175.01,952046774,PC,2.1632835,830.0,1.362,8.0935
4176.01,58533991,APC,3.2089372,6310.0,3.1,9.5399
4177.01,130981260,APC,3.6928289,5223.0,3.866,10.1793
440.01,143350972,FP,1.0817,341.533,1.588,7.6818
4400.01,231630147,PC,7.0642486,11469.7564374,3.6816469,11.943
4401.01,178170828,PC,0.450264,331.3974583,1.1871566,11.0876
4402.01,197807778,PC,3.6989939,198.9402668,3.1680872,9.8429
4403.01,350931281,PC,4.4620528,289.9548667,4.3381703,10.7888
4404.01,342314656,PC,39.6251926,4527.8284055,2.0275642,10.7108
4405.01,177254988,PC,5.9214231,1221.9430373,2.2680522,12.3813
4405.02,177254988,PC,1.0929203,377.4316425,1.5258481,12.3813
4406.01,206541859,CP,30.083503,5439.2108279,3.9858103,10.5663
4407.01,207238953,PC,7.1366507,768.4493836,2.1906434,10.9015
4408.01,260189643,PC,2.054238,1994.0593535,1.2287948,13.2896
4409.01,382200986,PC,92.4918048,11487.575281,6.8943594,11.8911
441.01,316916655,FP,2.87436,2490.41,1.901,9.19901
4410.01,280803800,PC,26.0179101,766.5356589,4.5258048,10.5978
4411.01,366484980,KP,13.7748361,309.0,4.454,9.15722
4412.01,35315453,FP,2.0341073,1090.8647356,3.3935378,10.2956
4623.01,56399553,KP,3.2588316,22743.2337536,2.2220346,11.5476
4624.01,84339983,KP,2.7908285,10049.6938823,2.2599869,10.5136
4625.01,58472992,PC,2.191342,1062.791258,1.8100691,10.5774
4626.01,241442273,PC,17.4756122,790.0,2.895,8.4492
4627.01,89702406,FP,23.1438551,6955.8738937,5.7659467,11.5252
4628.01,404421005,KP,6.32668,520.8002154,2.0310601,9.66562
4629.01,304339227,PC,714.6970956,457.0864505,5.6919436,8.6577
463.01,176831592,FP,2.53405,4070.0,1.944,9.1013
4630.01,292202337,PC,721.5621758,2177.931991,4.5933413,9.046
4631.01,313006381,PC,33.6356252,724.0198395,3.884357,8.7551
4632.01,336075472,PC,63.1448519,1697.0188103,4.9925509,10.6329
4633.01,307958020,CP,271.938639,483.1688883,11.1292466,8.3498
4634.01,17150865,FP,0.8706763,1861.0,1.007,12.5065
4635.01,337129672,FP,49.1077047,28125.1452075,2.9402319,10.6029
4636.01,405484221,FP,42.8289152,85688.8204519,2.3248526,15.7488
4637.01,306485267,PC,14.3540583,1053.0719668,2.5122529,10.3991
3919.01,23769326,CP,7.4332642,6000.0,3.051,12.3342
392.01,328350926,APC,0.8490674,4907.2475531,1.0946576,8.300901
3920.01,2016376984,FA,2.317939,13140.0,1.676,12.7509
3921.01,1101909431,FP,23.2556119,35720.0,7.878,12.5638
3922.01,1101855081,PC,3.8960617,22610.0,1.734,12.251
3923.01,467265105,PC,4.1377886,11490.1857603,2.2969037,13.0743
3924.01,456042145,FP,2.0474832,6790.0,3.159,13.4802
3925.01,435167167,FP,3.0330919,1280.0,4.043,12.1474
3926.01,434171145,PC,2.7873223,5548.0,3.671,12.089
3927.01,434171113,PC,4.4921154,19562.0,3.108,12.7594
3928.01,427153307,PC,2.2035349,7570.0,2.573,12.9774
3929.01,422554579,PC,3.4608812,16514.0,3.608,13.2363
393.01,29960109,FP,2.49221,1480.0,1.605,11.2003
3930.01,422514153,PC,2.9284231,5159.0,3.835,12.6265
3931.01,421336001,PC,7.6644,8534.5638357,4.1888923,13.4428
3932.01,408094424,APC,2.4892754,2750.0,1.513,11.3258
3933.01,388393034,PC,1.97549,5457.0,2.409,13.2345
3934.01,375981105,PC,11.7512673,7683.0,2.143,12.7091
3935.01,372207084,PC,1.2257683,5512.0,1.874,13.4234
4178.01,289988797,FP,2.2042212,4250.0,1.011,10.0415
4179.01,297148017,PC,2.5485772,1270.0,3.113,10.3738
418.01,178284730,KP,2.2359865,19058.0137423,1.5254332,10.3074
4180.01,126737992,APC,1.5954319,473.6397437,1.0,8.2938
4181.01,426017070,FP,0.5992533,24379.9383482,2.3197658,15.951
4182.01,31637479,PC,27.848697,343.0,3.519,9.2747
4183.01,421951960,PC,11.7915574,661.9685157,1.6063345,9.10478
4184.01,394357918,CP,4.9019938,10774.951206,1.3243804,14.2612
4185.01,152563846,PC,16.5414219,1098.6666331,3.4223633,10.7194
4186.01,300579472,PC,12.7503356,692.0,3.297,8.985
4187.01,176780257,PC,30.8812601,425.1596999,10.7723374,8.301
4187.02,176780257,PC,,534.3464628,12.7019393,8.301
4188.01,424747720,FP,10.2813284,37333.9631684,2.4414916,13.0123
4189.01,7422496,PC,46.9621053,757.7887314,5.7665722,8.7601
419.01,279251651,FP,0.4038426,636.6337963,1.0592218,10.5886
4190.01,65416038,PC,15.6062307,659.0717891,3.6444849,10.6617
4413.01,142019343,PC,4.4719815,169.7903607,2.4860529,9.6256
4414.01,1405997635,FP,1.8697825,2940.0,2.721,10.3147
4415.01,1234810324,APC,1.8301063,3225.6010195,2.1165462,10.0209
4416.01,79605791,PC,9.3305355,5515.5306443,5.490496,9.5378
4417.01,208297760,PC,5.2574607,1449.1884569,2.2667178,9.3456
4418.01,295593712,PC,7.6247443,831.7682633,2.1769628,10.0819
4418.02,295593712,PC,25.7086236,1430.0,3.831,10.0819
4419.01,352229268,PC,16.1552073,784.7245056,4.1767587,10.3468
442.01,70899085,CP,4.0520368,5512.4033193,1.5605128,10.7329
4420.01,362709886,FP,4.7259317,6309.6615331,2.7740362,9.550201
4421.01,141412823,FP,21.7004042,406.0,9.415,10.4078
4422.01,263748033,PC,4.908291,8881.0,4.324,9.944
4423.01,344600402,FP,1.3875331,952.0,2.679,10.4425
4424.01,326386495,PC,17.7424733,880.0,3.082,9.8496
4425.01,106940971,PC,5.412802,5278.1957566,4.5898431,9.3777
4426.01,271354351,KP,3.905126,23549.9259888,2.9136919,14.5787
4638.01,58824746,CP,10.2829583,865.1246457,3.5348916,10.7434
4639.01,91251292,PC,3.990679,670.2495772,2.7900392,10.671
4639.02,91251292,PC,13.0780555,932.1214968,4.4541336,10.671
464.01,398733009,FP,0.8185672,44712.1811611,0.9809687,15.61
4640.01,337216118,PC,2.6857229,632.8097747,2.2391182,11.0771
4641.01,436873727,CP,22.0933922,2633.6009111,5.4095076,7.1323
4642.01,336961891,PC,3.6022377,2229.9856882,1.032552,11.9847
4643.01,270355392,PC,5.0256637,650.1415697,1.8885767,10.6127
4643.02,270355392,PC,10.7387039,803.3539058,1.5317637,10.6127
4644.01,387423096,PC,0.3181853,480.0,0.762,11.0505
4645.01,46698351,PC,5.0872348,4037.0,8.035,10.2381
4646.01,286696849,PC,8.9299483,26516.4016202,3.2002668,12.2257
4647.01,303204165,PC,8.8346147,646.0966072,3.0143987,9.59055
4647.02,303204165,PC,11.0696104,591.1055416,3.1681143,9.59055
4648.01,257774438,KP,15.3886607,407.1050545,4.3300643,8.97055
4649.01,404713783,PC,15.0758735,645.0,3.502,10.1448
3936.01,371676181,PC,1.4858906,7264.0,1.697,12.5722
3937.01,367425982,PC,1.6923573,20172.9323968,1.9912433,12.9577
3938.01,367333043,FP,2.8778095,4830.0,2.824,13.2875
3939.01,366115856,PC,2.3466472,25278.0,1.957,13.2129
394.01,9858404,APC,0.39149,578.202,0.746,8.00006
3940.01,346081845,PC,3.4895723,32560.0,2.378,13.4454
3941.01,345697569,PC,2.8817718,13332.0,2.842,12.9307
3942.01,345329200,PC,3.1082514,5659.4686877,1.5649451,12.8967
3943.01,343330330,PC,5.5613023,2200.0,5.64,12.5714
3944.01,338065029,PC,2.3151015,5256.0,2.084,12.5871
3945.01,336824844,PC,4.4638411,3791.0,1.556,12.5917
3946.01,336399144,PC,5.7033411,14730.0,3.039,12.475
3947.01,336092760,PC,6.7716021,4580.0,6.279,12.933
3948.01,335489455,FP,2.1176601,2000.0,3.591,12.5455
3949.01,334493051,PC,2.2297524,8798.0,2.498,13.4743
395.01,38541473,APC,6.0613441,15346.1553014,2.5796829,10.7706
3950.01,334394274,PC,3.4488281,14430.0,3.091,13.3364
3951.01,334385701,PC,2.1861455,8780.0,2.42,13.3788
3952.01,321861405,PC,2.9897732,12893.0,3.06,11.9401
4191.01,167905035,PC,742.8561164,415.3404179,5.6483285,8.6282
4192.01,41995709,PC,4.2300182,3470.0,1.847,11.8791
4193.01,382419744,PC,6.5081212,8260.0,5.472,12.7464
4194.01,299176311,APC,1.0432995,3260.0,1.169,12.5496
4195.01,67598139,PC,5.4447698,5420.0,1.366,12.6802
4196.01,67566164,PC,3.125924,18690.0,2.985,12.5345
4197.01,332579116,PC,3.9017499,27430.0,1.845,12.8512
4198.01,459913687,PC,4.746318,12470.0,3.117,13.3547
4199.01,220144363,PC,4.4466179,7930.0,4.511,11.5141
420.01,408159788,FP,2.300698,780.0,3.451,10.6152
4200.01,53593542,PC,1.027641,12630.0,1.977,13.5569
4201.01,95057860,CP,3.5809733,36850.0,2.18,13.5011
4202.01,237603062,PC,2.6689906,14140.0,2.854,13.519
4203.01,72494421,PC,2.9531039,16770.0,2.501,13.5854
4204.01,158697949,PC,3.9592516,3160.0,3.269,10.9786
4205.01,280645209,PC,5.9056572,10720.0,4.314,12.672
4206.01,281242007,PC,2.4170503,7730.0,3.246,13.2045
4207.01,37242226,FP,1.0681394,7290.0,2.082,13.3581
4208.01,280304556,PC,1.72328,14180.0,3.005,13.6625
4427.01,207339000,PC,4.6182631,20287.618268,2.7008637,11.3427
4428.01,271042217,KP,1.8555745,10888.0377261,2.3121742,13.9174
4429.01,233188747,PC,3.4505658,15044.6453237,3.0397698,12.7714
443.01,117979897,KP,3.3106692,9189.7342523,3.7033867,12.0682
4430.01,362222177,PC,6.6363577,7470.0,6.385,12.8668
4431.01,121660904,KP,4.8854844,7009.1394983,5.2333985,12.4532
4432.01,198610218,APC,3.0413391,27645.4859583,1.5149962,12.5386
4433.01,158551257,FP,0.9023951,5385.0871091,1.6045865,14.2502
4434.01,63452790,KP,2.6843081,18209.9206621,2.7683352,13.814
4435.01,122596693,KP,3.5256535,23882.7029386,2.5111799,14.6147
4436.01,420268415,PC,1.7590566,10499.9757194,3.5349264,11.8931
4437.01,237205154,PC,5.8929985,17850.0,3.788,13.0024
4438.01,22233480,CP,7.4463034,4045.7241785,2.0033138,11.2695
4439.01,267545252,PC,3.3792358,18782.5364499,2.8993928,13.8686
444.01,179034327,CP,17.9635083,1266.94519,4.4297958,9.0567
4440.01,164786087,KP,4.0822894,16484.9762858,3.2882557,14.6979
465.01,270380593,KP,3.8361623,5357.5774934,2.4128495,10.7307
4650.01,60646268,PC,2.6672418,11150.0,2.858,13.492
4651.01,147302550,PC,11.1878978,8190.0,2.457,13.3592
4652.01,139877968,PC,18.6224802,9890.0,4.088,12.1679
4653.01,238854767,PC,16.3764188,1230.0,4.775,11.3326
4654.01,99648579,PC,10.6936683,10680.0,2.411,13.2157
4655.01,209310912,PC,3.6749802,23820.0,1.743,13.4227
4656.01,120523488,PC,3.439221,5050.0,1.693,13.3652
4657.01,434110695,PC,8.115667,1807.4400226,0.9600196,11.5471
4658.01,224279091,PC,6.0142432,1210.0,2.262,11.5047
4659.01,178215634,PC,1.0451165,1010.0,0.794,10.9774
466.01,4616072,KP,4.1876154,10906.185708,3.0070217,12.8893
4660.01,435259601,PC,1.5090806,26050.0,1.796,13.2616
4661.01,441135051,PC,8.8085782,9550.0,1.92,11.858
4662.01,166778944,PC,4.7034187,1390.0,1.937,11.4031
4663.01,237358490,PC,5.2916448,17870.0,2.645,13.0006
4664.01,299551666,PC,3.0002713,8490.0,3.519,12.7285
4665.01,165201455,PC,3.6831574,6190.0,4.43,13.2467
4666.01,165202476,CP,2.9093856,45160.0,2.075,13.3272
3953.01,320503729,PC,2.9873441,6090.0,1.668,13.3171
3954.01,316453500,PC,3.4043154,9317.0,0.805,13.3356
3955.01,314375831,PC,3.1274951,13633.9167281,2.5639391,12.402
3956.01,309849817,PC,2.6686464,7370.0,1.249,13.0795
3957.01,305550963,FP,1.5891628,3550.0,1.576,13.2445
3958.01,279383896,PC,12.0031646,5497.3001958,5.2145528,11.5687
3959.01,275421144,PC,3.8426038,5880.0,2.022,13.0367
396.01,178155732,CP,5.9739124,232.5621027,3.1235464,5.9053
396.02,178155732,CP,3.58529,180.0,2.495,5.9053
396.03,178155732,CP,11.2304605,208.629137,3.6009978,5.9053
3960.01,272785423,PC,3.2399875,18440.0,2.749,13.2091
3961.01,272219353,PC,3.5434689,20265.0,1.849,12.8669
3962.01,271761420,PC,3.3501179,4066.0,1.651,12.4615
3963.01,271439193,FP,6.2329571,2367.0,3.043,12.2996
3964.01,270435047,FA,1.8011961,2280.0,3.23,12.8114
3965.01,269043098,PC,4.7253516,7817.0,5.123,12.8051
3966.01,262880826,APC,3.9967263,12060.0,2.886,12.0753
3967.01,256867493,PC,4.6709424,870.0,0.101,12.1661
3968.01,252071095,APC,2.2171904,3010.0,1.639,11.7345
4209.01,200090347,PC,0.8631737,6330.0,1.227,13.2977
421.01,94986319,CP,16.067522,2929.6501469,2.6182382,9.2711
421.02,94986319,CP,5.1976858,437.4376044,1.8810737,9.2711
4210.01,409315469,APC,1.0754208,4950.0,1.01,12.9715
4211.01,385654601,PC,2.2715616,8190.0,2.741,12.9289
4212.01,126864892,APC,2.3485025,3070.0,1.804,11.974
4213.01,32408928,FP,1.0435229,4970.0,1.476,12.6825
4214.01,409594381,PC,3.491383,4650.0,2.999,11.0071
4215.01,7274938,PC,1.0994412,3860.0,1.394,13.0896
4216.01,187861378,FP,2.1816809,1280.0,3.83,11.2486
4217.01,108939482,FP,1.1870337,8164.5762553,2.7329029,13.5295
4218.01,142628514,PC,2.6269521,12010.0,3.503,12.7868
4219.01,114103136,FP,1.1471548,2670.0,1.403,16.0657
422.01,117979455,APC,0.6333372,1063.7800027,0.6217089,8.96
4220.01,346995484,PC,1.9138779,18720.0,2.352,13.475
4221.01,334252687,PC,2.8395663,9860.0,2.1,12.8542
4222.01,318054782,FP,0.8335712,3340.0,1.509,12.9913
4223.01,157088184,PC,7.2654708,13930.0,3.568,12.8006
4224.01,148667071,PC,1.161347,4320.0,2.471,12.2815
4441.01,23982469,PC,4.3745757,8101.7247421,4.8649118,11.0477
4442.01,446158352,PC,4.0434287,8960.0,3.388,13.4835
4443.01,158241252,CP,1.8498567,195.4102498,2.518276,7.9147
4443.02,158241252,CP,10.3088724,372.3295802,2.2763645,7.9147
4444.01,158167408,PC,5.2410659,8947.1015296,3.0113696,13.5728
4445.01,158388163,KP,4.2253498,7240.8152367,2.7695297,13.4584
4446.01,137899948,KP,2.4552388,44130.1605859,1.7323271,14.9826
4447.01,153937417,PC,4.1596197,17837.7774982,2.4127131,13.5868
4448.01,138359318,KP,1.0186989,91558.6353269,1.4947875,14.956
4449.01,322046084,PC,2.7519172,9811.0,1.329,10.3446
445.01,14091704,PC,0.7649571,1900.0,1.094,9.1577
4450.01,373017346,PC,10.6925011,1200.0,3.491,10.5801
4451.01,23229805,PC,8.8517354,1034.8661285,4.3401879,8.5608
4452.01,229581160,PC,3.4149091,13219.6475165,2.7231879,13.5167
4453.01,243333538,FP,2.9985667,28040.9068572,3.025166,13.7703
4454.01,48217457,KP,3.1208396,17027.4064902,2.405278,14.3168
4667.01,422884521,PC,17.9450925,16550.0,1.673,13.413
4668.01,142938659,FP,1.0049552,8600.0,0.92,13.8371
4669.01,71401634,FP,0.2476684,2460.0,0.401,13.1599
467.01,20178111,FP,1.734422,1230.0,2.32,10.2767
4670.01,404506270,PC,15.5014296,90070.0,1.663,14.8743
4671.01,439873430,PC,17.1470323,2310.0,3.895,11.6733
4672.01,332911893,PC,6.6132132,10010.0,5.646,11.8795
4673.01,118573065,PC,4.8667353,6370.0,0.728,12.9735
4674.01,89062142,PC,4.2430633,7270.0,3.582,13.1662
4675.01,279095914,PC,3.5779775,830.0,1.795,11.0418
4676.01,219225319,PC,13.291966,7360.0,2.48,13.2172
4677.01,100974694,PC,4.0589926,2440.0,0.789,12.4969
4678.01,206717400,PC,4.7743169,10690.0,2.968,13.0862
4679.01,283605976,PC,6.8170909,2977.5740385,4.392584,11.7948
468.01,33521996,KP,3.3252703,34741.7763037,2.0538144,13.3383
4680.01,31258738,PC,17.4314043,8180.0,4.06,13.1744
4681.01,248689510,PC,3.0421828,20390.0,2.628,13.3206
4682.01,449197624,FP,6.7934811,5400.0,1.824,12.2624
4683.01,264460005,FP,3.0929206,5640.0,2.248,12.9876
3969.01,252049912,PC,3.8522402,17145.0,4.195,12.5806
397.01,219379012,FP,1.5464949,930.0,1.101,10.231
3970.01,237221436,PC,10.6001229,6115.0,5.375,13.3604
3971.01,237077180,PC,3.2292942,10130.0,2.47,13.4642
3972.01,284206913,PC,10.511362,16120.0,3.112,10.7486
3973.01,233654042,PC,2.0615575,4560.0,1.694,13.0646
3974.01,156007004,PC,1.7922888,18880.0,1.622,13.3926
3975.01,155947004,FP,9.4258906,4450.0,2.406,11.8993
3976.01,154293917,CP,6.6080989,6740.0,3.928,11.8136
3977.01,116382006,PC,23.2547644,9410.0,7.935,11.379
3978.01,468329664,PC,3.5472157,6550.0,4.503,13.4497
3979.01,444523623,FP,2.041659,3230.0,3.521,12.9447
398.01,1129033,KP,1.3600283,19427.6944703,2.1652751,9.62713
3980.01,312548829,PC,3.6089193,5318.0,2.255,11.863
3981.01,312548415,FP,2.2437501,2880.0,3.821,12.9165
3982.01,25773352,PC,5.3438948,6479.0,4.139,12.9324
3983.01,20303110,FA,3.8961515,8620.0,1.742,11.208
3984.01,20182780,CP,4.3533211,21740.0,1.894,13.4609
3985.01,604863428,FP,3.2358535,5460.0,3.777,13.2638
4225.01,141405814,FP,1.1355457,393.5764226,2.63,9.7402
4226.01,127328218,PC,2.9628955,4610.0,1.909,11.5637
4227.01,99081059,PC,3.4169475,6880.0,2.454,12.5536
4228.01,415143674,PC,6.0219203,14130.5442597,6.6297461,13.5444
4229.01,319282294,FP,1.1385671,6220.0,1.897,13.5964
423.01,43647325,KP,3.1615697,17482.2328085,3.1425792,10.4408
4230.01,128127712,PC,1.9401022,6596.371503,2.4525242,12.6356
4231.01,127895118,PC,3.2970252,6550.0,2.279,12.3563
4232.01,126357909,FP,1.2247985,7640.0,1.645,13.5184
4233.01,113295476,FP,1.820443,7330.0,2.643,13.5689
4234.01,81055189,PC,0.908232,5020.0,2.28,13.5392
4235.01,157528286,FP,1.6562803,5610.0,0.929,13.0556
4236.01,36227841,PC,0.4021401,3337.1746961,1.1432107,12.7411
4237.01,30825828,PC,3.0482015,7620.0,2.433,13.1731
4238.01,24615998,PC,1.2732245,23100.0,1.634,13.3502
4239.01,22121296,PC,2.8123314,7201.8344297,4.7153653,12.7797
424.01,117979694,FP,1.9784257,720.0,2.106,10.5094
4240.01,19547831,PC,10.1238604,7090.0,2.239,12.6943
4241.01,4102368,PC,3.1118943,16660.0,2.761,13.6438
4455.01,138644215,KP,1.5449334,4941.8700913,1.1043459,12.8939
4456.01,27774415,KP,4.9427985,11349.4838661,3.3153828,13.2394
4457.01,299220166,KP,3.2175184,12691.8036893,1.8986264,14.3258
4458.01,229671380,PC,3.939371,4051.5089426,5.8132051,11.0672
4459.01,230129753,PC,5.7475343,11890.0,1.846,14.3668
446.01,1449640,APC,3.5018023,16196.191206,3.917956,11.921
4460.01,461635621,PC,28.6648749,1025.0,5.395,10.3859
4461.01,149282072,FP,3.7006003,1044.204058,3.9433476,10.4787
4462.01,76420654,FP,4.9133073,4223.9478347,6.0265748,10.445
4463.01,8599009,CP,2.88069,10380.0,1.784,10.4673
4464.01,441589581,PC,8.0379975,320.0,3.287,9.12551
4465.01,157236902,CP,,13520.0,12.002,9.85277
4466.01,268604331,KP,5.0141991,6026.126007,4.5606871,13.3926
4467.01,48506505,KP,7.7942155,2950.7357104,0.9710311,11.8933
4468.01,441763252,CP,2.7708596,22640.0,2.17,13.2847
4468.02,441763252,CP,7.014001,1646.6732684,2.9681334,13.2847
4469.01,75262942,KP,2.6634154,37522.94895,1.8429688,14.1959
4684.01,399757537,PC,6.4879123,7260.0,1.648,12.8181
4685.01,431693152,PC,7.0308254,1560.0,3.198,11.6829
4686.01,316875094,PC,7.9461192,8750.0,2.339,13.372
4687.01,302759417,PC,3.313358,6230.0,3.014,13.3354
4688.01,245793479,PC,7.7688831,7970.0,1.353,12.587
4689.01,396935099,PC,2.4337374,12540.0,1.835,12.52
469.01,33692729,CP,13.6308024,1179.1033339,4.3426564,8.7615
4690.01,455033897,APC,11.5341529,1750.0,1.332,11.0796
4691.01,200321577,PC,8.5725884,4880.0,4.495,13.364
4692.01,153723304,PC,4.0519584,8050.7654789,1.1244352,13.2815
4693.01,117843365,APC,1.9113216,7400.0,1.167,11.8326
4694.01,50745119,PC,5.629318,8030.0,1.847,13.5249
4695.01,139550876,PC,35.7861915,20160.0,2.924,12.4332
4696.01,243011228,PC,4.1249095,5480.0,3.025,13.3233
4697.01,250189842,PC,5.0274739,4070.0,6.229,13.5473
4698.01,411781649,PC,4.2333233,10850.0,2.325,13.5306
4699.01,34395020,PC,10.1766089,7980.0,4.474,13.2669
470.01,37770169,CP,12.1914558,2625.0570737,3.3188127,10.6995
4700.01,468911753,APC,2.2964514,3430.0,1.734,13.8159
3986.01,470911286,FP,1.6212474,1100.0,3.262,12.5225
3987.01,452972453,FA,3.2358247,3260.0,3.629,12.753
3988.01,452938965,PC,2.8744227,5002.0,4.081,12.2454
3989.01,444413256,FP,4.0104917,6051.0,2.293,11.9551
399.01,219388773,FP,1.5716819,743.4097278,1.9672248,10.6793
3990.01,420446142,FP,5.8423636,2280.0,2.416,11.6697
3991.01,418133917,FP,2.2774846,1520.0,3.756,12.1197
3992.01,403347341,PC,6.397886,9792.0,2.296,12.4316
3993.01,403340402,PC,2.2237067,4640.0476893,2.7337946,11.5625
3994.01,372505528,FP,3.8974136,1990.0,2.061,11.0986
3995.01,347210614,APC,6.4219775,22004.0,4.211,12.1602
3996.01,347011522,FP,17.2045725,3770.0,4.987,12.0205
3997.01,327004130,PC,3.4600026,8214.0,1.827,12.9854
3998.01,320281287,PC,1.81451,12864.0,1.746,12.1134
3999.01,284528889,FP,4.112385,2110.0,3.474,11.6437
400.01,35857242,KP,3.6344447,9230.0,3.871,11.3161
4000.01,283015592,FP,3.7027214,12963.8708752,3.8099577,12.5696
4001.01,83148519,PC,4.8982659,2055.0,2.874,11.7194
4002.01,83053699,FP,3.3378852,5564.0,3.261,12.9214
4242.01,445582110,PC,3.0579913,7764.9825702,3.125607,12.4688
4243.01,400683848,PC,1.0886286,412.1764427,2.4298631,10.7492
4244.01,393340920,PC,1.8665254,3606.0,3.109,12.4027
4245.01,52928939,PC,3.1527177,4102.6968156,1.8963737,11.7519
4246.01,291465998,PC,12.8860009,11434.9523427,5.137673,12.9
4247.01,286153328,PC,4.3539599,41586.4865614,3.4390219,13.5597
4248.01,190986054,PC,5.1442317,4310.0,5.856,11.548
4249.01,269568703,PC,6.772626,8606.4623591,4.592009,13.551
425.01,169532369,FP,3.60364,6281.32,3.728,11.5781
4250.01,269249506,PC,4.0185922,6230.0,4.47,13.4202
4251.01,192520375,FP,0.9109508,4720.0,1.473,12.5405
4252.01,145038729,PC,2.6085023,10431.5892384,1.9206019,12.6583
4253.01,145249556,PC,3.4192373,19414.5446339,3.37339,12.9027
4254.01,92744152,PC,1.1462769,4058.2232173,2.7834681,12.5347
4255.01,82302240,FP,2.5057108,3170.0,1.962,12.5225
4256.01,77102895,FP,1.0962372,2460.0,2.336,12.7158
4257.01,75208638,FP,4.6512523,3110.0,2.251,11.7159
447.01,14091633,APC,5.5292743,17914.4576673,2.542935,8.8695
4470.01,256364928,KP,2.2185748,25854.2144559,1.8233621,6.8481
4471.01,27318774,KP,3.2432488,17481.8216448,3.0748441,14.4394
4472.01,63211674,KP,8.6004516,3575.6614227,8.950521,13.1981
4473.01,122441491,KP,3.7970076,16421.7314916,2.5256778,14.148
4474.01,264508014,KP,3.3119026,7620.7493837,1.181072,13.692
4475.01,159098316,KP,3.578757,11391.7385882,3.1806502,13.4231
4476.01,399794420,KP,1.5947535,15065.2565497,1.94145,15.0236
4477.01,64531556,FP,7.8127892,8437.624349,6.5600809,11.7018
4478.01,233823679,PC,2.7586362,4240.0,2.868,11.4682
4479.01,126606859,CP,1.1589013,3470.6759302,1.1688702,12.9374
448.01,1528696,CP,0.8820624,11755.4509288,0.5759672,13.1686
4480.01,377873569,KP,3.8493846,1372.2876678,2.6908269,11.0418
4481.01,239332587,CP,0.9263237,952.0,0.81,8.72762
4482.01,27990610,KP,2.8164979,19270.727034,2.6896665,14.4889
4483.01,209752908,KP,1.752217,77630.4124578,2.1714375,15.1403
4701.01,9344899,PC,8.5821795,6790.0,3.835,12.735
4702.01,248690688,PC,3.121702,12650.0,3.323,12.2469
4703.01,293514367,PC,5.1155806,6250.0,3.042,13.1052
4704.01,455030519,APC,2.6875966,2480.0,1.469,12.4562
4705.01,436637677,PC,11.9140328,3050.0,5.076,11.4616
4706.01,37117064,PC,735.982363,9100.0,5.289,11.4558
4707.01,322825139,PC,0.4709937,1900.0,0.336,12.2096
4708.01,232194097,PC,3.3560085,10850.0,3.354,13.4142
4709.01,317328621,APC,6.2397532,11490.0,3.209,12.8771
471.01,47911178,KP,3.5857076,11813.302926,2.7072065,9.79059
4710.01,144486060,PC,1.4798437,3090.0,2.702,12.8983
4711.01,177718896,PC,3.7081082,1490.0,6.54,12.6127
4712.01,317089770,PC,8.8720052,4370.0,3.592,12.4505
4713.01,102542376,APC,2.9532479,6210.0,3.095,11.8362
4714.01,251111783,PC,7.9144674,20760.0,3.114,13.2837
4715.01,268372005,FP,6.4274159,3940.0,1.277,11.907
4716.01,268689126,PC,5.2376102,3830.0,6.518,12.9871
4717.01,269190305,PC,4.1583367,9610.0,3.043,13.187
4718.01,234958949,PC,5.1409029,5830.0,2.265,12.6581
4003.01,399346877,PC,3.9606593,5810.0,3.442,12.9762
4004.01,397924314,PC,5.3798996,8550.0,2.85,12.849
4005.01,395773226,FP,3.8471662,1770.0,2.214,11.7899
4006.01,390048041,FA,3.0491667,6641.051542,4.0262835,12.715
4007.01,389910188,PC,4.5432349,12236.0,3.609,12.4705
4008.01,379629854,FP,2.8278059,650.0,2.174,10.702
4009.01,368734712,PC,4.3271416,5340.0,2.382,12.1693
401.01,259701242,FP,2.4854887,190.9708134,2.5647259,8.235
4010.01,352682207,CP,5.4146235,4983.0756289,2.9417261,11.5163
4010.02,352682207,CP,14.7091662,5047.9326311,3.6278152,11.5163
4010.03,352682207,CP,1.3483075,1206.3535884,1.7568331,11.5163
4011.01,289264348,PC,4.3359117,8530.0,3.461,13.2395
4012.01,280315875,PC,1.82544,21650.0,1.744,13.3507
4013.01,279265701,PC,2.6325313,4220.0,4.167,13.0217
4014.01,85791385,PC,2.8067423,17630.0,1.997,13.4891
4015.01,85429139,PC,4.7427131,13560.0,3.115,10.767
4016.01,461491274,PC,1.8137851,3625.0,1.29,13.1216
4016.02,461491274,PC,4.3962009,4441.9711318,3.9496949,13.1216
4258.01,74484886,FP,3.8505662,6070.0,2.499,13.3285
4259.01,268643535,PC,8.9612626,11333.9389745,1.8325932,11.9452
426.01,189013224,CP,1.3205037,469.4537481,2.0155519,9.59689
4260.01,74967390,PC,5.4588359,3290.0,4.555,12.1899
4261.01,74197917,FP,1.5040804,6130.0,2.955,13.7682
4262.01,53365065,PC,5.9977892,7349.0892262,4.4957853,11.1882
4263.01,48276576,FP,0.8334976,3841.4834968,1.452144,13.5379
4264.01,45996325,PC,3.1580472,7782.0821448,2.6816352,11.8471
4265.01,118308828,FP,3.7353995,2360.0,1.836,12.1162
4266.01,442050698,APC,0.8118585,6450.0,1.102,13.453
4267.01,80783538,APC,1.2125595,5110.0,1.344,13.079
4268.01,341272282,FP,0.8133123,310.0,1.079,11.0418
4269.01,178657161,PC,4.5766182,3770.0,4.912,12.4946
427.01,70914192,APC,0.6090253,6100.0,1.099,10.361
4270.01,151920165,CP,3.4671474,4770.0,2.405,12.5695
4271.01,146842334,PC,4.5016988,4360.0,4.716,11.693
4272.01,146664561,PC,2.7302636,9410.0,2.645,12.8441
4273.01,133331642,PC,2.9346956,11160.0,3.447,13.3012
4274.01,290388627,PC,0.4459299,14630.0,1.266,13.3992
4484.01,272707711,PC,2.6890703,38330.4094984,2.1209962,15.0893
4485.01,137903329,KP,7.3405675,11139.7005929,3.2557004,13.9154
4486.01,99224131,KP,2.6915408,7265.0,3.986,9.93225
4487.01,193754373,PC,3.9540617,5820.0,3.869,11.4923
4488.01,269269546,KP,4.45417,21409.0524466,2.27143,14.3945
4489.01,267572272,KP,2.7974757,18699.8504805,2.2149132,12.7678
449.01,139528693,KP,2.1751729,7780.6435196,4.7918806,11.8282
4490.01,268924036,KP,2.0523417,34476.0907387,2.1224957,14.7344
4491.01,193336820,CP,5.006622,1290.0,1.66,10.4382
4492.01,298297931,CP,4.4331838,9166.0,3.856,9.63105
4493.01,263218688,PC,1.5076298,280.0,1.93,8.94942
4494.01,40466976,PC,32.535016,3821.0,3.67,7.3664
4495.01,120826158,CP,5.1830043,670.0,2.783,9.00568
4495.02,120826158,PC,2.5693728,290.0,2.471,9.00568
4496.01,275758701,PC,1.18803,3840.0,1.322,9.159
4497.01,436166416,PC,3.6001959,7820.0,2.887,10.3544
4498.01,305943739,FP,5.3075286,203.9674499,5.2175653,7.948
4499.01,120183168,PC,3.4902115,366.0,2.449,10.1293
4736.01,265619984,PC,2.8564778,5320.0,4.678,13.4148
4737.01,142532090,CP,9.3202467,2200.0,4.963,11.992
4738.01,247873937,FP,4.6498719,8110.0,4.995,12.1359
4739.01,281716779,APC,8.1703609,9410.0,3.365,10.5293
474.01,59843967,KP,2.5167257,16406.5457432,2.5896099,12.7632
4740.01,72097808,PC,5.7728793,6900.0,3.883,11.572
4741.01,291198795,PC,2.4849639,6830.0,2.977,12.6648
4742.01,237637903,PC,4.1034672,6920.0,2.918,12.9065
4743.01,23725901,PC,6.2185453,7840.0,3.122,13.0802
4744.01,293931909,PC,4.8013522,4690.0,4.644,12.7323
4745.01,269278156,PC,4.413935,10370.0,2.604,13.1524
4746.01,160180298,PC,7.5395871,2920.0,2.44,11.9046
4747.01,235078021,PC,5.2192426,1500.0,2.45,11.8128
4748.01,59770954,PC,4.1018859,10690.0,3.576,13.3212
4749.01,153412485,PC,1.3832999,9020.0,2.774,13.4835
475.01,100608026,PC,8.2617663,1418.3308985,2.5663307,10.8835
4750.01,317189702,PC,3.2141617,3370.0,1.618,11.6252
4751.01,291580615,PC,3.6014534,10790.0,3.747,12.097
4752.01,237700098,PC,5.0467874,7190.0,4.516,13.3596
4017.01,407313319,PC,7.0423707,5890.0,2.687,12.636
4018.01,407243316,PC,3.0755983,6482.0,1.617,13.4612
4019.01,284305328,FP,2.2963814,7950.0,2.649,12.6967
402.01,120896927,CP,4.7559995,360.5191272,2.4468544,8.3157
402.02,120896927,CP,17.1796673,561.3005312,2.1061533,8.3157
4020.01,10974783,FA,3.2174446,11554.503179,3.8917348,11.852
4021.01,10507330,PC,5.1175439,3090.0,1.483,11.08
4022.01,1271152446,PC,7.2089041,6140.0,3.445,13.3972
4023.01,470678283,PC,2.7991658,9180.0,2.157,13.4975
4024.01,470169396,PC,6.3262148,4928.0,5.353,13.2309
4025.01,441730540,PC,16.2840915,4600.0,6.45,13.3177
4026.01,428963229,PC,3.1239771,4477.1379466,2.73696,13.1759
4027.01,427866520,PC,3.6074546,1168.0,2.197,11.3099
4028.01,406634633,PC,3.9589142,16160.0,2.42,13.0911
4029.01,393633044,PC,5.8850401,3030.0,3.622,11.1718
403.01,257567854,KP,3.532822,11283.619423,3.44312,11.185
4030.01,390021939,PC,2.5089892,2970.0,2.341,13.2338
4031.01,389968080,PC,10.0462596,18214.2478783,2.1788712,13.2687
4032.01,387603144,FP,2.4567112,530.0,1.716,11.0498
4275.01,363635669,FP,0.7617828,3487.6353826,2.0029797,12.2951
4276.01,469811655,PC,11.851162,5066.6012319,3.1401245,12.0846
4277.01,466682238,PC,3.2738129,13200.0,3.306,13.2152
4278.01,466222485,PC,1.7519943,4360.0,1.624,13.0236
4279.01,407146536,FP,2.0976705,2503.6856881,3.3618036,11.2851
428.01,117979850,APC,0.6333315,320.0,0.404,7.82829
4280.01,387193925,PC,3.518972,13820.0,3.21,13.1296
4281.01,384386061,FP,5.7626055,7420.0,3.963,13.1335
4282.01,374348168,PC,13.5098037,24500.0,2.695,12.0797
4283.01,343952976,PC,3.0131053,13660.0,2.207,11.227
4284.01,280726137,PC,3.5008785,6338.2982031,4.9601804,13.0528
4285.01,310105752,APC,1.1703152,5380.0,1.319,12.9526
4286.01,294097592,PC,1.0268508,1430.0,2.172,13.5159
4287.01,290407621,PC,4.2337624,5740.0,2.413,12.5483
4288.01,278821913,PC,6.0597,8270.0,1.242,13.1853
4289.01,278540265,PC,2.9757428,6820.0,4.43,12.0021
429.01,259592689,PC,,7525.67,9.528,10.1672
4290.01,278196907,PC,1.1771655,1050.0,1.048,12.1412
4291.01,257520272,PC,12.1525595,6400.0,5.254,13.3404
4499.02,120183168,PC,5.5387718,439.0,3.163,10.1293
450.01,77951245,APC,10.7148661,56325.9173745,2.1121584,12.4258
4500.01,406190563,FP,1.773346,710.0,3.291,10.351
4501.01,22069559,PC,2.0348789,176.0,2.379,8.46837
4502.01,239372503,FP,0.8560277,247.0,1.587,8.716291
4503.01,167719618,PC,710.6982018,691.3914728,7.1450196,9.0803
4504.01,349972412,CP,82.9294114,13067.7332328,7.4967507,12.5542
4504.02,349972412,CP,2.4261538,754.8303067,2.1344641,12.5542
4505.01,150299840,PC,19.4723789,7062.8806063,7.7309404,10.4223
4506.01,434105094,PC,5.4107024,22498.1066362,0.7211954,13.6343
4507.01,179582003,CP,104.6162557,6111.4633395,9.3317949,10.2301
4508.01,170789802,PC,3.4672779,3657.0603553,0.4055928,11.8371
4509.01,319610598,PC,,3177.6204985,6.4567709,11.4003
451.01,257605131,CP,16.364873,2075.0944118,4.0478302,10.2666
451.02,257605131,CP,1.8586624,497.6683497,2.0525797,10.2666
451.03,257605131,CP,9.1910792,940.8500219,3.055677,10.2666
4770.01,112110888,PC,1.9491813,11670.0,3.119,12.9825
4771.01,266441563,APC,6.0049484,8932.0,3.366,11.9135
4772.01,455153906,PC,2.8894603,17030.0,2.561,13.3319
4773.01,415276070,PC,1.7454828,6919.1303309,1.923273,11.4048
4774.01,148129139,PC,8.6000244,1620.0,3.974,12.5447
4775.01,412521892,PC,2.4732088,2740.0,2.244,11.5293
4776.01,196286578,PC,10.4137997,6720.0,3.774,11.6309
4777.01,170368805,PC,2.9588764,12900.0,2.682,13.3209
4778.01,145163386,PC,3.8074213,8643.7888966,4.4775157,12.9318
4779.01,170221808,PC,10.7490194,9240.0,2.256,13.4765
478.01,172464366,FP,2.921685,17562.44572,3.17791,11.0913
4780.01,231937828,PC,4.6942884,5310.0,3.224,12.4648
4781.01,176242778,PC,1.9055614,5841.0,1.726,11.14
4782.01,423128096,APC,3.7244324,6600.0,2.913,12.2563
4783.01,218988652,APC,6.7519508,11050.0,1.603,12.6847
4784.01,409207712,PC,3.3583921,9170.0,2.644,13.2701
4785.01,50751260,PC,6.4311106,5930.0,2.385,12.7651
4786.01,127012328,PC,5.6984189,4031.0,4.475,11.9623
4787.01,431981595,PC,3.5037708,6140.0,2.716,12.5494
4033.01,387330895,PC,3.6142971,14219.0,2.016,13.2787
4034.01,375654303,PC,1.8020923,8570.0,2.949,12.5798
4035.01,372392226,PC,3.0295916,14333.0,2.473,13.0874
4036.01,367913453,FP,2.7761628,1340.0,2.139,12.3618
4037.01,367287018,FP,4.7257129,1740.0,2.701,11.3896
4038.01,366580825,PC,4.2989288,4590.0,3.022,13.0885
4039.01,366120401,PC,4.7308142,8780.0,3.062,12.9186
404.01,166833457,KP,2.9626402,27118.3262165,1.9096724,12.3943
4040.01,356786657,PC,7.1357259,1047.4205923,2.5094893,12.3407
4041.01,345645749,PC,7.8808589,5120.0,4.788,10.9342
4042.01,332393279,PC,2.3238426,9780.0,2.391,13.1659
4043.01,322262448,PC,5.1191172,6317.0,5.563,12.2319
4044.01,307956396,FP,4.1508803,12290.0,2.256,13.2653
4045.01,298264260,PC,7.9927894,16540.0,3.884,13.2155
4046.01,284760740,PC,0.7583741,850.0,0.748,10.6525
4047.01,279769094,FP,4.5029619,2890.0,4.169,13.028
4048.01,279605855,FP,1.972401,7460.0,2.435,13.1947
4049.01,259274960,PC,31.4001189,15097.0640966,2.545496,13.2588
405.01,176984236,FP,1.7560902,1650.0,1.763,10.5683
4292.01,255918903,FP,1.7201092,7570.0,2.622,13.0566
4293.01,101696403,PC,1.6242109,17740.0,2.273,12.6211
4294.01,30499203,FP,2.4330551,15280.0,1.882,13.5137
4295.01,325527653,PC,11.3929129,6880.0,4.46,13.4783
4296.01,72668830,FA,19.9706574,1037.3799062,1.8801996,10.4161
4296.02,72668830,PC,5.0959342,809.862235,2.4687001,10.4161
4296.03,72668830,PC,12.4911003,900.1950063,2.8688538,10.4161
4297.01,28116365,PC,16.5272651,1074.4297512,3.5945709,10.8724
4298.01,146282666,PC,722.2619756,480.796335,7.7126298,9.1259
4299.01,67535663,PC,6.6019866,600.0,5.754,10.2696
430.01,459942762,FP,0.58644,443.281,1.441,8.2482
4300.01,266843799,FP,0.8062768,660.0,1.963,9.9747
4301.01,307079330,PC,6.5445251,787.0,2.138,10.1737
4302.01,182078202,PC,38.7619532,785.4007844,4.5738199,10.2891
4303.01,200296137,PC,8.6110844,542.6102038,2.0181798,9.4623
4304.01,366443426,KP,15.5718552,380.0,4.931,8.4642
4304.03,366443426,KP,31.7180208,292.8649645,2.3326321,8.4642
4510.01,340458804,PC,194.2432864,810.9983952,9.2564583,10.3607
4511.01,333674399,PC,20.9040576,930.0,5.197,9.81932
4511.02,333674399,PC,10.9776867,860.0,3.596,9.81932
4512.01,243014114,KP,19.5620458,1397.8148985,6.4231417,11.2723
4513.01,408261725,PC,9.7607632,790.0,1.967,9.96064
4514.01,436875934,KP,2.7535993,14460.0,2.141,13.1361
4515.01,456862677,CP,15.2664658,16186.172954,2.6673792,11.302
4516.01,85593751,KP,3.7224626,19962.6105832,2.595678,10.9332
4517.01,301289516,KP,1.2089755,668.0,1.286,9.0684
4518.01,398572544,KP,3.408833,16032.0,3.163,11.6238
4519.01,419957393,PC,5.8903558,8410.6143369,2.5374738,13.4911
452.01,139733308,KP,4.7633952,13160.629831,3.0078272,11.9012
4520.01,404243877,KP,3.2047072,7448.0,3.331,13.1749
4521.01,439842788,KP,3.0717182,14228.6266087,1.5983426,11.4825
4522.01,369480087,FP,0.3643225,38216.7895418,0.2120684,15.6615
4523.01,427332229,KP,2.7186256,13160.0,2.129,11.021
4524.01,333657795,CP,0.9260632,221.0,1.035,8.1359
4719.01,306363166,PC,14.3953055,17315.0,2.87,12.4967
472.01,52280468,APC,0.5682596,42540.0,0.755,12.3123
4720.01,124322274,PC,3.7810832,8030.0,3.069,13.3224
4721.01,229210014,PC,4.0086493,9213.7506419,2.468972,12.8219
4722.01,142530031,PC,10.8910909,4350.0,3.992,12.9256
4723.01,322824542,PC,3.6590997,8630.0,2.955,13.0796
4724.01,119638424,CP,3.572359,1300.0,2.731,11.2567
4725.01,26587613,PC,2.0763072,16220.0,1.223,12.2651
4726.01,409009431,PC,4.2971136,26010.0,2.775,12.1022
4727.01,39824732,PC,7.151653,11740.0,1.193,12.7858
4728.01,270716565,PC,6.0879495,26720.0,1.639,13.2415
4729.01,52738649,PC,6.9279673,6830.0,1.868,12.5934
473.01,52640302,KP,1.5732848,16875.7909849,2.4285285,12.0506
4730.01,97866515,PC,4.0681112,2150.0,3.284,11.5548
4731.01,438368981,PC,1.4553693,9810.0,1.236,11.801
4732.01,78489364,PC,1.8911553,14530.0,1.085,13.1802
4733.01,438149332,PC,5.3054422,18200.0,3.785,13.0454
4734.01,97714451,PC,6.2356356,2470.0,5.544,11.9039
4735.01,280292434,PC,3.541053,21620.0,2.031,12.922
4050.01,255865833,PC,4.6546139,5540.0,1.365,13.2838
4051.01,237101326,FP,1.5374024,1562.1528688,1.1554562,13.0273
4052.01,236775063,FP,0.7409429,2460.0,1.084,13.0109
4053.01,235684392,FP,21.7894491,12276.8028409,6.8044292,13.0309
4054.01,233719215,PC,17.356719,12730.2717116,2.5707102,13.0533
4055.01,233053554,PC,4.567925,18440.0,3.047,13.1755
4056.01,232567319,PC,5.0518907,3310.0,3.743,11.4354
4057.01,230388132,PC,2.4076941,4810.0,1.438,13.2611
4058.01,229639351,PC,2.8668029,7280.0,1.879,13.4062
4059.01,229605891,PC,2.0381761,23020.0,1.988,13.084
406.01,153065527,CP,13.1757294,2479.3477138,2.1570272,11.2828
406.02,153065527,CP,6.614911,1060.5715819,0.9654605,11.2828
4060.01,229508727,PC,23.1315739,8950.0,2.293,13.1135
4061.01,224601047,FA,7.2087245,4690.0,3.506,13.109
4062.01,219866209,PC,6.7473822,14810.0,2.112,13.4167
4063.01,219499488,APC,1.6323062,12429.1862217,1.890872,13.0444
4064.01,219489550,PC,3.8823511,3177.344653,2.6909833,12.6555
4065.01,219485050,PC,3.5908038,6690.0,3.027,12.8377
4305.01,372068780,PC,183.0019106,396.3670005,2.5483505,7.8459
4305.02,372068780,PC,374.3644315,310.5114444,3.6392863,7.8459
4306.01,44898913,CP,2.7299049,7427.7249664,0.8257288,14.2683
4307.01,141186075,CP,32.696666,108.5170828,4.428309,6.6418
4307.02,141186075,PC,4.6545798,24.5834929,3.1445137,6.6418
4308.01,144193715,CP,9.1512776,1074.0,2.616,10.339
4309.01,56662591,PC,,661.1667085,2.1563739,9.456101
431.01,31374837,CP,12.4610086,2078.1425981,3.3195777,8.1705
431.02,31374837,CP,0.4900589,291.0399722,1.0123328,8.1705
4310.01,303317324,CP,29.5667355,1403.33897,5.8086454,9.4961
4311.01,122617317,CP,15.0700779,852.6165721,3.8675641,10.7236
4311.02,122617317,CP,0.9902892,278.9096992,1.3567356,10.7236
4312.01,251086776,FA,726.1175225,1707.6927809,2.2543368,10.4779
4313.01,294324819,PC,6.8227645,225.7612905,6.5295445,9.6032
4314.01,459952217,FA,73.580982,347.4450365,2.1441598,8.22109
4525.01,36592530,KP,2.4841975,10361.0,1.511,10.931
4526.01,39926974,KP,2.2604346,6082.0199641,0.9618922,13.3455
4527.01,380887434,CP,0.3994445,330.8173737,0.8028796,9.16764
4528.01,376981340,FA,4.0249712,20420.7314775,2.5421502,12.806
4529.01,384888319,CP,5.8795752,1352.7622114,2.0778157,10.1406
453.01,452808876,KP,2.70582,7500.0,4.968,9.538961
4530.01,35022727,KP,3.6528112,18681.4630568,2.8788573,12.2192
4531.01,262662119,KP,4.53347,11929.8619692,3.6052513,12.1796
4532.01,376939759,KP,5.8176452,9178.0,2.577,13.0121
4533.01,418761354,KP,2.1747824,560.0,1.654,11.375
4534.01,437704321,KP,2.8492802,3881.5844287,2.0072155,12.3071
4535.01,26017005,KP,4.0984741,16869.9465037,2.323409,12.5489
4536.01,380907135,KP,4.0460644,8004.0,5.824,10.5559
4537.01,251039147,PC,6.6629951,949.4386612,1.3454748,8.1954
4538.01,262715204,KP,7.1385672,2064.0,2.464,11.2451
4538.02,262715204,KP,3.4715644,883.544012,3.0898302,11.2451
4538.03,262715204,KP,10.4534748,1031.892884,2.375617,11.2451
4753.01,306604742,PC,5.3970484,2800.0,6.194,12.4037
4754.01,61344769,PC,3.6307276,10550.0,3.198,13.0345
4755.01,267197567,PC,22.7273078,6510.0,2.485,12.022
4756.01,119556803,PC,8.0823172,4360.0,1.414,12.687
4757.01,53744258,PC,2.0804611,5260.0,3.608,13.4965
4758.01,34524670,PC,5.7627112,9670.0,3.501,12.7743
4759.01,49705089,FP,9.6578504,2300.0,5.943,12.2627
476.01,156987351,PC,3.0629783,4201.1811431,3.0551871,8.8742
4760.01,291332861,PC,7.7223185,11390.0,3.344,13.4145
4761.01,440849210,PC,3.7863767,2190.0,5.123,12.1499
4762.01,119069946,PC,4.3591525,1030.0,3.559,11.2806
4763.01,143072696,PC,5.8679992,4550.0,5.605,11.9337
4764.01,268456052,PC,1.6025971,13050.0,2.212,13.488
4765.01,21747057,PC,16.3734954,7810.0,5.022,13.0513
4766.01,271307949,PC,1.9326573,14051.9827876,1.6191056,12.6574
4767.01,157127081,PC,2.7319222,3880.0,3.913,13.1935
4768.01,108940329,PC,7.2644599,7988.0,3.233,10.4397
4769.01,333814134,PC,2.8636452,8590.0,3.402,12.512
477.01,170102285,KP,2.9444273,20291.3838652,2.4478494,11.7583
4066.01,193556520,PC,6.7201811,18030.0,3.187,13.3925
4067.01,162577466,FP,3.6772391,13763.2116365,4.2517064,13.1815
4068.01,159334269,FP,1.1578392,9660.0,1.363,13.3675
4069.01,143009290,PC,2.7240303,12600.0,1.649,13.0531
407.01,349518800,APC,2.1654694,4990.0,3.408,12.7862
4070.01,115270627,PC,3.1504798,9210.0,1.096,13.0022
4071.01,115182469,PC,6.5169955,930.0,2.416,10.7133
4072.01,85459171,PC,2.1390271,19090.0,3.556,13.3802
4073.01,648958344,PC,2.3079651,1650.0,2.064,11.7332
4074.01,628103717,PC,3.2175013,11871.0,3.2,12.6844
4075.01,627323667,PC,3.0492435,7425.0,3.627,13.0731
4076.01,57193198,PC,4.3965758,6250.0,2.827,12.5834
4077.01,57159675,PC,5.5679111,12867.4456847,2.4294368,12.8682
4078.01,444724127,PC,3.1639309,4080.0,3.143,12.2305
4079.01,444558604,PC,1.9872259,19450.0,2.486,12.1484
408.01,176778112,FP,1.33679,700.0,1.488,9.6114
4080.01,428892437,PC,3.7519831,17240.0,2.891,13.3593
4081.01,421973253,PC,9.2584055,2039.8195589,3.8583323,10.6675
4082.01,400899926,PC,4.625568,9810.0,3.645,12.804
4315.01,139148528,PC,8.2861614,617.1152562,3.436315,10.2768
4316.01,7020254,KP,20.2730282,17182.0,3.651,12.7462
4317.01,422914082,PC,358.2825093,1862.6949843,4.1416672,10.0121
4318.01,311130133,PC,1.1343824,313.8458861,1.4445,10.3687
4319.01,157115010,PC,,6743.4455261,7.7272055,10.82
432.01,38686737,FP,2.24704,18890.4,2.713,12.6038
4320.01,404518509,CP,25.1290153,465.0,4.271,8.6022
4320.02,404518509,FA,46.4093732,435.7347505,4.822337,8.6022
4321.01,325081244,PC,,177.9248977,5.7408858,7.3016
4322.01,13883872,PC,13.4190972,348.2384065,5.209244,10.162
4323.01,143022742,FA,14.6762658,3499.9379734,3.2320455,12.531
4323.02,143022742,FA,21.9692578,7940.6152389,3.5662307,12.531
4324.01,408416746,CP,6.2509468,770.1195597,1.1882969,9.75311
4325.01,202185707,PC,1.6500673,2709.5349576,0.9198679,11.8206
4326.01,303586471,PC,1826.0790324,587.1608288,4.1474226,7.7158
4327.01,140687214,PC,0.8303285,680.0,0.665,12.1285
4539.01,102264230,KP,4.1591512,11970.9341343,3.5899215,11.29
454.01,153077621,APC,18.082622,8002.7855656,2.3867987,9.441
4540.01,388816604,PC,2.5048178,1723.0,2.077,12.9485
4541.01,293432942,APC,1.1339769,630.0,0.852,10.027
4542.01,4464022,PC,5.9167681,28729.1407932,1.7482041,12.2614
4543.01,435336785,PC,5.7740318,4820.0,4.551,6.7943
4544.01,435339847,KP,8.2000875,1079.5927267,2.4601181,11.2867
4545.01,610976842,KP,4.0248735,23775.0,2.384,12.813
4546.01,25911962,PC,0.745637,932.0,0.671,10.0376
4547.01,206284139,KP,3.0026495,4411.9691117,2.9675422,12.1112
4548.01,21130820,PC,4.6003967,1130.0,1.402,9.962
4549.01,9030119,PC,3.3129214,1815.0,2.097,12.8466
455.01,98796344,CP,5.358776,2708.4393715,1.3697764,8.84294
4550.01,400972123,PC,1.8868756,368.0,2.393,9.7741
4551.01,204650483,CP,9.956296,1024.0,10.474,9.02765
4552.01,248250955,CP,0.3011506,1457.6973975,0.6404841,11.9251
4553.01,383721338,PC,20.3129649,5194.3258042,7.1852402,10.4895
3817.01,99572130,PC,4.8504819,6852.3350469,4.9957058,13.147
3818.01,99097200,PC,3.2371501,10146.6837063,3.3511315,13.2237
3819.01,95660472,CP,3.244299,5692.0048309,2.6887498,11.9824
382.01,229091748,FP,0.4568,3428.7,0.548,12.7226
3820.01,95234976,PC,5.4290781,7391.6084773,3.1018506,11.5562
3821.01,88485645,PC,2.5972551,9907.4814267,2.7403458,13.0367
3822.01,88385463,PC,3.1235179,15459.8027576,2.7145235,12.3381
3823.01,81212289,APC,0.6848358,1430.0,0.88,11.4534
3824.01,71134735,FA,2.3378945,4971.1871392,2.5247352,13.041
3825.01,39077574,FP,7.1404043,8300.0,1.719,13.2971
3826.01,9346507,APC,4.9807125,26850.0,3.333,12.6865
3827.01,8677530,FA,2.91463,9960.0,2.977,12.033
3828.01,841226526,PC,19.5105608,3300.0,4.471,11.227
3829.01,801354155,PC,2.9150294,13530.0,2.819,12.3722
383.01,167418898,FP,10.9803025,2390.0,1.659,10.2401
3830.01,445807396,PC,3.2493152,9260.0,1.849,13.239
3831.01,393853275,PC,1.7088305,9720.0,1.871,13.1894
3832.01,356736743,PC,24.0819851,7830.0,4.032,12.6635
4083.01,399444057,FP,2.0714803,1660.0,3.108,11.6433
4084.01,346673534,PC,15.634183,12980.0,2.888,12.8934
4085.01,336840314,PC,2.8285323,9695.9755103,2.7144158,11.9705
4086.01,328814605,PC,5.6917579,5379.1683802,5.3459619,12.111
4087.01,310002617,CP,3.1774814,14190.0,2.824,11.2961
4088.01,302381397,PC,2.7284428,10460.0,2.201,12.2523
4089.01,298752252,PC,3.2462849,9210.0,1.513,11.6421
409.01,167754523,FP,6.7992776,210.0,1.58,9.1536
4090.01,289373041,PC,3.177514,3640.0,2.043,12.5509
4091.01,289316336,FP,3.0038696,760.0,3.24,11.2834
4092.01,288242606,PC,7.495973,7790.0,5.366,12.8687
4093.01,284454822,PC,10.4722034,1769.0,3.282,12.1517
4093.02,284454822,PC,17.7046155,1283.7058316,4.2555427,12.1517
4094.01,280035202,PC,4.9111786,606.3968298,2.6459244,11.1004
4095.01,274974693,PC,4.1539244,7500.0,1.41,12.9287
4096.01,272782321,PC,10.1045108,1490.0,3.23,12.4983
4097.01,264295655,PC,2.7741864,1910.0,2.005,12.4222
4098.01,264223828,PC,1.1789842,1160.0,0.856,12.0216
4328.01,77175217,PC,703.79367,601.9566843,2.9297301,7.7679
4329.01,256722647,CP,2.9224661,5724.017673,5.5560255,11.8832
433.01,188989177,FP,1.17409,3680.0,1.701,9.1414
4330.01,47617038,FP,3.3513304,400.0,2.739,7.6581
4331.01,148833828,PC,2.9034242,860.0,2.154,10.1952
4332.01,178959058,FP,5.4468377,842.0,3.303,9.783
4333.01,144645881,PC,8.9021443,1427.9681446,1.7633959,9.326
4334.01,128531633,PC,8.2197647,1040.0,1.673,10.2591
4335.01,443658196,FP,4.5006638,2110.0,4.588,11.5124
4336.01,166184428,CP,16.3363665,3884.6785375,1.9933922,11.0196
4337.01,399642071,FP,2.2887763,1890.6463423,4.8634851,11.1567
4338.01,253434221,APC,7.4997158,3023.5215223,2.0504305,10.0865
4339.01,7439481,FP,1.2540806,66025.099426,1.3435517,14.0644
434.01,78055054,KP,4.3888516,24964.547823,3.0184015,12.8461
4340.01,454038613,PC,2.6680587,580.0,2.978,10.0116
4341.01,62301521,FA,18.4043334,9135.2110162,7.879331,13.7827
4554.01,369768787,APC,703.9376608,337.4561615,9.0245368,9.6632
4555.01,141770198,PC,522.6272677,238.5844154,9.8639237,8.1676
4556.01,107018378,PC,3.792456,3553.2788818,1.2264922,13.0454
4557.01,258917846,PC,32.291901,1517.2139238,8.0916468,10.3342
4558.01,220414682,PC,6.5812768,55.2290807,4.663367,8.7147
4559.01,271169413,CP,3.9649053,1160.5626137,1.6788114,10.9139
456.01,77228304,FP,0.336826,18251.292089,0.883311,15.7298
4560.01,307716123,PC,3.7634028,140.4352916,2.5259027,9.1007
4561.01,33716474,PC,8.9356558,420.5298106,1.9539147,11.0559
4562.01,349576261,CP,225.1037885,10850.1349366,4.0237136,11.5326
4563.01,418255064,PC,743.4843888,5535.4604085,3.8041623,11.6157
4564.01,400786146,FP,22.1536777,4469.3198771,7.5893785,10.7716
4565.01,381897917,PC,19.7859838,1517.7212751,2.5575383,10.3154
4566.01,269728501,PC,2.0844882,609.0046533,1.5541575,11.5832
4567.01,307849973,PC,0.8409429,549.3465906,1.1780506,11.9212
3833.01,356539624,APC,0.4399856,6830.0,0.603,13.3585
3834.01,355953198,PC,3.3952015,8260.0,2.368,13.2742
3835.01,330795142,PC,1.3460633,15780.0,1.829,12.5984
3836.01,900240532,PC,2.5733766,6710.0,2.457,12.9621
3837.01,308073360,CP,11.8886495,7800.0,4.803,11.366
3838.01,307915084,APC,0.8275646,3670.0,1.056,12.7477
3839.01,298074043,PC,3.0193545,2360.0,1.345,12.8957
384.01,155995204,FP,9.30734,42774.4,4.683,13.5281
3840.01,287231664,PC,3.6217624,6140.0,2.963,13.1697
3841.01,252474634,PC,4.1124956,5537.3250771,1.9071145,13.0933
3842.01,165985431,PC,3.6566206,21730.0,2.557,12.6496
3843.01,841226527,FP,19.5112506,4080.0,3.896,11.4794
3844.01,165885558,APC,0.896271,12490.0,0.996,12.9959
3845.01,156816238,FP,2.1461672,14110.0,1.942,12.7553
3846.01,149918151,KP,1.540776,27310.0,1.705,12.9178
3847.01,149917086,PC,11.0783748,9060.0,2.673,12.228
3848.01,147994863,PC,15.9544918,12480.0,3.742,13.3104
3849.01,147890655,PC,1.2220437,20110.0,1.871,13.2705
385.01,300810086,FP,0.6680063,569.3164896,0.9885108,9.0567
4099.01,264173803,PC,4.3954123,850.0,2.306,11.9512
410.01,206466531,FP,1.42744,450.0,1.973,10.0081
4100.01,243297296,PC,3.585982,2920.0,2.384,12.1308
4101.01,243280335,PC,4.3202706,3400.0,1.211,12.7584
4102.01,237235093,FP,2.6834113,760.0,1.146,11.812
4103.01,235902467,PC,12.2740928,14450.0,3.532,11.2056
4104.01,235664497,PC,2.3757662,7500.0,3.323,12.9978
4105.01,233576159,PC,5.7152049,2080.0,2.783,12.5452
4106.01,233535738,APC,16.3558787,1220.0,4.674,11.2452
4107.01,232632239,PC,3.5322939,2450.0,1.901,12.8398
4108.01,232603560,PC,14.4348737,1640.0,6.023,11.9824
4109.01,230084146,PC,12.320331,5790.0,2.327,12.73
411.01,100990000,CP,9.5730787,288.090893,3.3490357,7.757
411.02,100990000,CP,4.0403007,143.5196245,2.7248629,7.757
4110.01,230075120,FP,0.7676706,340.0,1.057,11.1315
4111.01,230006888,PC,12.2788421,4960.0,4.387,12.955
4112.01,229976631,FA,10.7166249,1308.3913665,3.8540186,11.024
4113.01,229786610,PC,22.1575175,837.0,3.374,11.101
4342.01,354944123,CP,5.538329,1407.1118648,2.2263888,11.0318
4342.02,354944123,CP,10.6886084,1501.1726341,2.6672245,11.0318
4343.01,278988097,PC,11.5418525,415.9874628,2.9492981,11.255
4344.01,38939275,PC,731.4808779,244.9088772,14.7095051,9.4826
4345.01,469791892,PC,12.8910022,15119.3900089,4.0905287,14.752
4346.01,389371332,FP,3.9077116,599.6319099,9.5278364,12.4375
4347.01,32498058,PC,35.3573239,617.495317,6.8669784,8.83419
4348.01,350299588,PC,602.2450921,220.3440139,9.0912461,8.3987
4349.01,313889049,PC,749.1605231,1750.9801691,4.9894211,11.7463
435.01,44647437,CP,3.352907,4205.1961016,2.3906731,12.9383
4350.01,50379036,PC,4.8759656,154.830677,3.3372737,8.9504
4351.01,358253047,PC,20.1459438,575.5886941,4.4706494,11.0155
4352.01,237332812,PC,11.8918633,362.6899452,4.78248,9.3391
4353.01,176797879,PC,718.1809317,973.6269156,2.9233151,10.3347
4354.01,332715376,PC,10.6306165,775.4826057,1.8847446,10.1075
4567.02,307849973,CP,23.5422422,1411.9717256,3.2390849,11.9212
4568.01,447088034,PC,14.0063813,305.930429,2.0218909,6.9608
4569.01,149126400,FP,1.2253159,6006.5175069,3.435758,15.764
457.01,89256802,PC,1.1759834,14881.4796123,0.9928338,13.741
4570.01,137402055,KP,1.9737719,32350.4373939,2.1771701,15.0523
4571.01,48451130,KP,30.3599812,19347.5990647,6.0823745,13.7589
4572.01,154940895,PC,13.4755461,1090.0934414,2.2763948,11.9212
4573.01,362103298,PC,10.7155521,424.299807,2.727777,11.0444
4574.01,298428237,PC,0.768988,870.0,0.512,11.7495
4575.01,372759746,PC,27.9815639,722.0,4.901,10.3203
4576.01,157667414,PC,10.4834062,1767.8841835,3.2981777,10.1658
4577.01,138364831,KP,1.6255124,10095.3614497,2.6590029,14.4669
4578.01,154474036,PC,8.6239097,675.1210806,2.6192964,10.7757
4579.01,27769688,KP,88.495683,2838.5756569,6.9510849,11.3523
458.01,64071894,PC,17.5288347,1131.5075681,2.1115133,9.6438
4580.01,219742885,PC,0.9167992,39.0383592,1.3578155,8.5954
3850.01,143008050,PC,14.4832964,10870.0,4.696,12.4645
3851.01,142739544,CP,3.383466,1400.0,2.746,11.1774
3852.01,142635225,PC,16.1020097,22600.0,3.871,13.191
3853.01,142618165,PC,5.6922342,1550.0,2.975,12.1726
3854.01,142562395,PC,3.2693612,10790.0,2.029,13.2278
3855.01,126325149,PC,3.4952497,19250.0,1.745,13.4791
3856.01,125552076,PC,2.0436029,12980.0,1.513,11.655
3857.01,105379013,PC,3.2956376,20300.0,2.487,13.167
3858.01,86273567,PC,16.5968329,1750.0,4.395,11.1971
3859.01,1122079,APC,1.8460997,3740.0,1.706,12.7134
386.01,238059180,PC,5.1119778,732.971875,1.6665255,10.0139
3860.01,416542079,PC,3.0012386,13660.0,3.164,13.3887
3861.01,396950329,PC,1.7763987,5670.0,0.638,12.3903
3862.01,141205978,CP,1.5574603,3900.0,1.272,11.7201
3863.01,383531543,PC,10.9543562,8770.0,4.737,12.8385
3864.01,1001477809,FP,7.6605425,5210.0,4.425,13.0949
3865.01,376688393,PC,3.011593,6740.0,1.894,12.5759
3866.01,376632626,PC,2.1371195,15620.0,2.38,13.2252
3867.01,320208949,PC,5.7310859,10870.0,1.693,12.7251
4114.01,229408913,PC,4.8038539,2380.362129,2.7824259,12.3109
4115.01,199610140,PC,2.9855843,9990.0,1.184,12.8076
4116.01,198616607,FP,3.6311362,7610.8430372,2.920805,12.4627
4117.01,198189972,PC,25.0930011,5820.9357478,5.5344286,12.6541
4118.01,193773468,PC,2.5551882,11630.0,2.356,12.7376
4119.01,160618074,PC,5.201975,4990.0,1.175,12.9267
412.01,7624182,FP,1.1096992,620.0,2.097,8.7929
4120.01,159438097,PC,4.8952783,4730.0,5.325,12.8777
4121.01,157218656,PC,2.8622679,14440.0,2.646,11.6881
4122.01,156215204,APC,2.4307782,1310.0,1.708,12.0844
4123.01,153896150,FP,2.787945,3211.467356,1.5084757,11.8522
4124.01,150761163,PC,3.4138019,9850.0,2.877,11.436
4125.01,147761049,PC,4.7155974,11242.4339671,3.4748078,12.72
4126.01,141616639,FP,3.2428744,1470.0,2.417,12.3454
4127.01,141488193,CP,56.4043748,9060.0,4.069,11.0383
4128.01,137420801,PC,1.9795413,2640.0,2.088,12.2769
4129.01,123357034,PC,3.2724973,5320.0,1.459,11.8417
4355.01,260655847,PC,,186.2920833,12.2281537,7.2298
4356.01,149389419,PC,579.6472035,564.4270183,4.0952456,9.2546
4357.01,300011941,FP,1.8141215,129.4041201,4.6006154,10.5385
4358.01,273418421,PC,97.6087634,658.8471408,5.5654641,8.9077
4359.01,133505138,FP,2.4360845,350.0,2.495,9.5115
436.01,44745077,FP,1.8756,5666.3,0.989,13.0734
4360.01,52307802,PC,3.0749507,1979.2841401,1.2179384,12.747
4361.01,334632624,PC,741.4238314,503.5494079,5.2389454,8.6661
4362.01,238164799,PC,7.5480709,239.8900935,4.9550247,8.4592
4363.01,325682877,PC,2.118659,664.8120556,1.5585526,11.2473
4364.01,4070275,CP,5.4240691,1766.8589296,1.6875037,11.3993
4365.01,413343957,PC,3.3784364,1232.0,2.165,10.3593
4366.01,297361900,PC,2.6374449,495.0,1.661,10.1441
4367.01,313675203,FP,2.5025812,807.0,2.771,9.462
4368.01,314724818,FP,4.4518604,3558.2211894,2.8339358,10.0199
4369.01,278862750,PC,13.5768971,277.6370297,4.7857755,9.329001
4581.01,273231214,KP,22.3428773,5934.9200116,6.700128,11.7889
4581.02,273231214,KP,,3767.5217478,6.6171206,11.7889
4582.01,219854519,CP,31.0343214,1572.1891091,12.0587354,10.5481
4583.01,103604037,FA,19.5202386,2962.4035565,4.096058,10.571
4584.01,120255950,KP,31.5786847,2119.3256676,2.1295055,10.6114
4585.01,233529335,PC,,384.7552746,12.8976378,9.64656
4586.01,416534875,PC,5.3909915,570.0,1.954,10.7382
4587.01,137683938,KP,3.2903136,15334.2181362,1.7465253,14.5505
4588.01,48031665,PC,13.1187746,333.0027831,4.5278413,9.06584
4589.01,164458714,KP,17.8335899,289.0,3.642,9.03131
459.01,38603673,FP,4.4291257,561.4845395,0.910131,9.5473
4590.01,154923406,PC,25.9213509,589.3171527,2.1208392,9.6446
4591.01,356868487,FP,27.9102929,18279.5176543,10.6336018,11.7167
4592.01,122785299,KP,8.8849511,16966.9658671,1.9958507,14.575
4593.01,399954349,KP,7.8344688,2017.3628771,3.1260803,11.6052
4593.02,399954349,KP,3.0051929,737.8355831,1.8111648,11.6052
3868.01,310994622,PC,18.565813,9420.0,3.82,12.3572
3869.01,253044312,APC,11.2005651,7000.0,1.367,12.0089
387.01,92359850,FP,4.155,4900.0,2.807,9.65521
3870.01,165989915,PC,2.6292572,3790.0,1.582,12.565
3871.01,165468291,PC,4.754432,13130.0,2.147,12.3591
3872.01,165431806,PC,4.4100654,6450.0,2.362,12.3882
3873.01,154126149,PC,3.8951475,8970.0,1.386,12.6262
3874.01,154105890,PC,5.5822739,7390.0,1.463,13.0635
3875.01,153978165,PC,6.0835972,8460.0,2.133,12.0165
3876.01,150388393,PC,6.5846694,22460.0,2.572,12.76
3877.01,144310492,PC,4.1225477,5760.0,2.206,11.9123
3878.01,141275395,PC,0.8377576,1410.0,1.074,11.3616
3879.01,139086171,PC,4.8104679,1940.0,2.547,11.3093
388.01,422655579,KP,2.9036858,4642.2749148,5.0469369,10.1638
3880.01,138973825,PC,2.1614819,6340.0,1.076,13.0673
3881.01,136998882,PC,3.3401814,4960.0,2.452,12.131
3882.01,101643582,APC,2.071333,1920.0,2.282,11.8825
3883.01,99330090,FP,7.0080817,14900.0,3.179,11.1693
413.01,170634116,KP,3.6623918,12253.6582523,3.7669692,9.6757
4130.01,71396541,FP,6.269716,1240.0,3.696,10.7386
4131.01,47937361,PC,2.3382502,13090.0,2.289,12.8667
4132.01,335655755,PC,11.7647926,4428.9591948,4.4338184,11.8921
4133.01,468396217,PC,4.1571604,8040.0,4.348,12.9532
4134.01,420803693,FP,0.9135968,540.0,1.247,11.2063
4135.01,288471040,FP,2.5139764,560.0,2.36,10.5893
4136.01,420680343,PC,3.7630305,1580.0,3.503,12.1943
4137.01,417646390,CP,3.8016217,8310.0,3.223,10.8557
4138.01,257060897,CP,3.660032,7749.7203265,4.7853014,11.2633
4139.01,408729765,FP,4.6200781,3480.0,2.149,12.9551
414.01,325680697,FP,1.82488,2950.0,1.757,9.15779
4140.01,400103802,PC,4.2511214,13830.0,2.823,12.1311
4141.01,400093775,PC,3.6022715,9700.0,2.752,12.5401
4142.01,39573090,PC,3.6593967,4230.0,3.917,12.6521
4143.01,371711170,FP,9.8482192,1670.0,4.24,12.1158
4144.01,313194972,PC,16.9020565,14890.0,5.729,11.9039
4145.01,279947414,CP,4.0664446,19740.0,1.712,11.5241
437.01,32499655,KP,2.7439029,13852.3979585,1.503168,13.5452
4370.01,335040423,PC,2.5610662,170.0,4.338,9.32312
4371.01,450649506,PC,1.0604139,1050.0,2.084,10.2089
4372.01,401980624,PC,3.2751886,783.0704155,2.6135344,10.4286
4373.01,315350812,PC,5.9422824,1160.0,1.911,9.8459
4374.01,308191940,PC,13.2689495,770.0,2.8,10.1908
4375.01,343708863,FP,5.9685742,340.0,2.059,9.4128
4376.01,250306572,PC,1.6089592,320.0,2.58,10.2973
4377.01,394918211,CP,4.3780194,1604.3825129,8.4203321,10.7934
4378.01,394721720,PC,1.0690665,2898.6037459,1.4807714,11.7993
4379.01,97766057,CP,3.2535299,6115.0131399,5.1923833,11.8994
438.01,468880077,PC,5.8123508,957.5741671,2.200213,9.4464
4380.01,169958952,PC,1.3290008,2087.9113778,1.7795322,11.2211
4381.01,305767364,PC,1.4974223,39324.5082012,2.2238426,12.2907
4382.01,32460142,PC,10.6895417,643.3958437,3.6496675,9.3397
4383.01,384744828,FP,3.0421334,2054.3050277,1.5964685,9.8062
4384.01,259230140,PC,14.3171998,1649.0,5.454,9.657
4594.01,158555987,FP,5.5460893,1956.6215347,2.2804171,11.8995
4595.01,159725995,KP,3.7705865,12789.7368577,3.9149764,14.9767
4596.01,86951294,PC,4.1194175,722.0,2.057,9.2564
4597.01,68573534,PC,4.6663795,6900.0,2.526,7.82403
4598.01,29017001,PC,8.2003748,1521.0,2.168,9.58025
4599.01,307809773,CP,2.7694936,712.0,1.031,7.89863
4599.02,307809773,CP,5.7060868,821.0,0.863,7.89863
460.01,9804616,FP,0.5168347,33190.706911,0.936413,14.1118
4600.01,232608943,CP,82.6901439,6529.5765126,7.5240298,11.8787
4600.02,232608943,CP,482.8191,6928.144617,10.8504687,11.8787
4601.01,349071261,PC,2.7875233,8077.6726128,1.7384121,10.3099
4602.01,467651916,CP,3.9813082,464.0,3.1,7.7746
4603.01,437856897,CP,7.2455997,1106.0,2.734,8.6554
4604.01,27039476,KP,2.2251639,284.0,1.545,9.3928
4605.01,19155785,FP,3.1442556,2095.0,1.81,10.2207
4606.01,68577662,KP,11.1684037,9660.0,5.354,9.31437
4607.01,28294709,PC,5.5109534,520.0,2.411,9.67952
3884.01,86263325,CP,4.5445569,35598.6327422,1.6368258,12.9113
3885.01,55748194,FA,2.5227786,18880.0,2.177,12.293
3886.01,48220826,PC,3.0215428,15111.7114542,3.08889,13.4971
3887.01,21549805,PC,4.2441117,7540.0,3.771,12.7279
3888.01,18067025,PC,5.3298577,9330.0,1.95,13.0874
3889.01,950525831,PC,2.5228506,21300.0,2.15,12.4244
389.01,271900960,FP,13.45913,2579.32,3.428,8.2606
3890.01,18017227,FP,0.6203033,1390.0,1.031,11.9245
3891.01,459215281,PC,2.7694074,1010.0,2.692,12.387
3892.01,3896759,PC,4.5808535,11480.0,3.488,11.9956
3893.01,458424950,PC,9.0576962,3430.0,2.37,12.852
3894.01,165464482,CP,4.3345378,10000.0,3.336,11.323
3895.01,3808740,PC,6.6713748,7480.0,3.299,12.7533
3896.01,445837596,PC,4.3773113,1430.0,2.329,11.6832
3897.01,154181821,PC,7.6607094,1860.0,4.261,11.9937
3898.01,450337675,PC,8.6789911,9700.0,3.865,13.4312
3899.01,441697509,PC,5.2077671,850.0,2.369,11.0866
390.01,250386181,FP,1.470258,2700.0,1.126,9.89377
3900.01,366755319,PC,14.7802661,6840.0,3.497,11.9689
4146.01,23124038,APC,0.7011578,5890.0,0.932,11.5765
4147.01,138329479,PC,2.3745416,10590.0,3.17,12.7833
4148.01,137157546,FP,3.6841446,2260.0,2.967,12.0672
4149.01,103096524,PC,3.2928068,16460.0,2.107,12.8508
415.01,152476657,KP,3.6112621,5684.0944144,3.5377447,10.5831
4150.01,102719996,PC,9.7938352,6228.3071316,4.6542394,12.8051
4151.01,406926040,PC,11.6999152,2960.0,3.863,11.2924
4152.01,1813844121,PC,1.5822588,13280.0,2.964,11.7729
4153.01,470171739,CP,4.6174254,9412.560054,4.5173138,11.1477
4154.01,470156846,PC,7.3446285,4210.0,5.044,12.7397
4155.01,467331291,CP,3.3207642,940.0,2.487,11.2473
4156.01,462553953,PC,4.461878,500.0,2.937,10.7152
4156.02,462553953,PC,12.822639,750.9057494,3.1703392,10.7152
4157.01,461538935,FP,5.289835,2330.0,3.179,11.5576
4158.01,441797394,PC,13.4167713,1780.0,2.151,12.275
4159.01,441600335,APC,0.8659846,1660.0,0.891,12.2075
416.01,49899799,FP,7.0114,8970.0,4.8,8.28222
4160.01,441580526,PC,4.4427146,12220.1525687,3.2966866,12.2319
4385.01,22186226,PC,9.2172172,2470.4394385,7.3550279,10.6163
4386.01,350575997,PC,2.0134428,834.1383899,1.8544075,9.7688
4387.01,33350443,PC,3.562038,4495.4158742,6.1241184,10.8267
4388.01,313554509,PC,4.4742339,3061.515714,2.7863202,12.0996
4389.01,41387532,APC,11.4041935,2216.7191401,1.7478969,9.50494
439.01,13021029,KP,3.85589,9747.6035597,3.9555399,11.7231
4390.01,369345064,PC,4.3954381,1586.4867992,1.9407323,9.4148
4391.01,66620917,PC,5.2910096,1670.0,4.122,7.301
4392.01,429791387,PC,3.9693722,570.0,2.005,9.2752
4393.01,107440797,PC,2.2676081,880.0,1.671,10.4708
4394.01,341805908,FP,1.491916,1474.3347879,2.3336552,10.3355
4395.01,218483943,PC,3.7590399,716.9285307,2.7780572,9.087
4396.01,379723086,FP,7.4398211,1362.0,3.068,10.0288
4397.01,107728509,FP,2.6646183,840.0,4.135,10.4304
4398.01,214243287,APC,5.752521,8852.0,3.718,9.933
4399.01,464646604,CP,7.7121208,728.4849109,2.4343481,7.7582
4608.01,427740976,PC,2.3494903,9053.0,2.014,11.4512
4609.01,118820486,PC,2.6921752,9194.0,3.246,10.4117
461.01,4646810,CP,10.9245478,653.537141,1.8716477,8.8723
4610.01,1950736,FP,3.1129681,585.0,2.308,10.0745
4611.01,68646526,PC,5.2289874,320.0,3.386,9.02078
4612.01,97735908,KP,4.1137862,5739.0,5.235,8.22398
4613.01,436652523,APC,4.5461685,5251.0,3.323,12.0336
4614.01,408809625,PC,13.8338893,8899.362156,1.4260598,11.0302
4615.01,84599716,PC,5.3193755,6537.0839819,6.6913995,11.7892
4616.01,258796169,CP,1.5538188,3449.9519182,0.923936,12.8872
4617.01,18373995,PC,3.4878754,18093.4842065,2.8827447,12.357
4618.01,284326455,KP,3.7998536,25455.0849851,1.8114914,12.2341
4619.01,238586172,PC,3.4732399,10338.2192807,4.3731099,13.8232
462.01,420049884,PC,4.1074291,900.9217753,3.0844055,10.6573
4620.01,171160243,PC,1.3887494,3301.0,1.38,9.56967
4621.01,293457754,KP,4.5195089,17738.8625444,3.1628648,12.3553
4622.01,94727308,APC,1.2969404,52197.5005433,3.4301667,16.1779
3901.01,357373216,PC,9.546972,17300.0,2.112,13.3215
3902.01,310094771,PC,2.9406027,9820.0,1.167,13.3819
3903.01,288434231,PC,14.8496574,8710.0,4.287,13.403
3904.01,233462817,APC,10.1614815,3230.0,1.259,11.3815
3905.01,180672438,PC,5.3599361,11350.0,3.407,13.0187
3906.01,180607846,APC,0.6451059,3430.0,0.573,12.773
3907.01,165723070,PC,1.7213564,11890.0,2.035,12.8532
3908.01,165412561,APC,1.4680992,18506.4662144,2.0456598,11.4582
3909.01,161003569,PC,3.5115357,9290.0,3.527,12.3758
391.01,382391899,KP,1.9550932,19634.9908668,1.78762,11.0529
3910.01,158617175,PC,5.7158895,22050.0,2.437,12.0581
3911.01,158497525,PC,9.3517097,1590.0,2.682,11.6301
3912.01,156648452,CP,3.4936188,9730.0,3.355,11.8747
3913.01,155898758,PC,4.0384773,8110.0,1.185,12.5764
3914.01,139118482,FP,6.7136512,11490.0,3.541,11.3366
3915.01,81247877,PC,2.2012625,25690.0,2.175,12.3655
3916.01,68074302,PC,3.4014954,7370.0,1.959,12.9339
3917.01,68035558,FA,8.3289771,6010.0,2.984,11.483
3918.01,23815847,PC,3.0654283,5850.0,2.194,13.4565
5135.01,172110606,FP,2.0197299,426.0,2.563,8.96147
5136.01,175236511,KP,7.8092052,480.0,3.393,12.0789
5137.01,14570132,PC,3.2092033,2038.0,0.677,12.345
5138.01,38087018,KP,1.7292681,23043.2055193,1.8278099,14.6026
5139.01,95337971,PC,5.9471027,3540.0,1.544,12.7263
514.01,366576758,KP,11.3909685,16337.7657792,3.8062467,13.6674
5140.01,175193677,PC,15.6113633,520.4897607,3.2002615,6.3687
5141.01,350020859,KP,11.8141726,1504.894167,5.5649352,8.74761
5142.01,393495970,KP,1.7554285,14716.5922677,1.7729986,11.0658
5143.01,281837575,PC,5.20971,11394.4691538,1.6975678,11.2668
5143.02,281837575,PC,2.3843304,1128.6229858,1.9448395,11.2668
5144.01,380619414,KP,2.6556753,20259.2262626,2.6111014,10.15
5145.01,281885301,KP,7.9177855,6150.3984312,3.150639,12.3049
5146.01,173103335,KP,10.0546003,1321.020031,2.640621,10.5459
5147.01,95361530,PC,3.9178573,4270.0,0.739,12.2325
5148.01,291517604,PC,5.063716,4940.0,6.023,10.0143
5149.01,286094277,PC,27.3714952,11052.8460427,9.708321,10.4815
5394.01,61109252,APC,15.1935123,5720.0,2.582,8.0152
5395.01,298070500,PC,6.5811814,267.0,2.982,9.74007
5396.01,202428245,FP,32.1400505,883.0,2.809,9.3373
5397.01,18019350,PC,9.6477019,670.0,3.003,10.1174
5398.01,8260536,CP,10.590923,10290.0,4.105,9.58055
5398.02,8260536,CP,4.7728997,920.0,2.906,9.58055
5399.01,284688043,FP,4.0625969,320.0,3.952,9.8008
540.01,200322593,CP,1.2391534,2318.6594409,0.4887749,11.5045
5400.01,332564140,PC,19.8067259,2060.0,4.5,10.9815
5401.01,397058826,CP,6.8291029,815.4832965,9.8781473,6.33044
5402.01,29781207,PC,3.3174026,462.3783567,3.021272,12.3768
5403.01,438519486,PC,12.8355591,12450.0,1.805,12.5648
5404.01,56798909,PC,2.177475,4450.0,2.454,13.2476
5405.01,172353721,PC,9.0711977,10360.0,4.183,13.424
5406.01,127226712,PC,0.8045139,3750.0,1.259,13.1891
5407.01,372424377,PC,5.4683192,10640.0,3.251,12.8161
5408.01,430093142,PC,0.9598377,2270.0,1.429,12.8456
5409.01,115628210,APC,0.594385,2280.0,0.573,13.0709
5630.01,316416562,PC,3.2220038,536.0,3.262,10.3331
5631.01,347430350,KP,2.2438471,10310.0,2.574,9.32423
5632.01,420779000,KP,4.2342153,6137.4069869,2.5166257,10.9016
5633.01,119131709,PC,17.2837172,2759.6931813,3.8104834,11.1586
5634.01,119585136,CP,2.2054776,28280.0,1.633,14.9839
5635.01,233173039,PC,25.0577354,3500.0,4.741,12.899
5636.01,105616091,PC,4.2744435,1960.0,1.958,11.3476
5637.01,136992839,PC,17.7916498,1550.0,6.405,11.9229
5638.01,154258295,PC,1.0034686,600.0,1.56,11.2836
5639.01,166054851,PC,3.3957241,1370.0,3.226,12.5811
564.01,1003831,CP,1.6511456,3205.5671437,0.9495247,10.6701
5640.01,373729723,FP,13.0518467,39070.0,3.333,12.0633
5641.01,141202786,PC,2.1808015,23790.0,1.343,14.5044
5642.01,160521907,PC,10.2682326,4380.0,1.469,12.9947
5643.01,284592754,APC,17.1101127,8560.0,2.631,12.3255
5644.01,441658213,APC,6.640285,5700.0,1.257,11.9816
5645.01,156377968,PC,4.5362433,3390.0,2.936,12.4054
5646.01,366804698,CP,2.4277208,990.0,3.158,10.8829
489.01,455096220,KP,3.6466612,8994.5736642,3.9225178,11.8997
4890.01,92004082,PC,3.0471275,8595.2872607,3.2974347,11.6042
4891.01,458199018,PC,2.4498012,12322.1183044,3.9189168,12.8844
4892.01,6010784,PC,4.516649,6110.0,3.654,13.2078
4893.01,441234277,PC,7.3262605,12150.0,1.786,12.6087
4894.01,469333534,PC,3.5611222,5240.0,2.736,13.4175
4895.01,463365347,PC,8.9641788,3510.0,1.636,12.1122
4896.01,438278301,PC,5.1609259,4600.0,4.411,12.554
4897.01,81693792,PC,4.3066915,7630.0,2.149,13.1546
4898.01,124235800,PC,2.7652293,2390.0,1.262,11.9277
4899.01,376610581,PC,2.3908076,6010.0,3.28,12.4218
490.01,455135327,KP,2.8106013,10912.6752583,2.2499254,9.93908
4900.01,425508314,PC,7.6650157,7190.0,5.834,13.1119
4901.01,107017977,PC,16.0462248,7300.0,2.492,12.5306
4902.01,358072664,FP,4.1934945,2710.0,1.873,12.8989
4903.01,457789844,PC,4.9142901,5270.0,4.595,12.3934
4904.01,464388115,PC,2.4118274,9250.0,1.722,12.5927
4905.01,463011281,PC,11.1378464,5350.0,1.622,12.6595
515.01,366622912,CP,3.1148931,25980.7010915,2.3721346,13.7988
5150.01,40954422,FP,1.7578288,2116.0,3.218,10.0768
5151.01,388130237,PC,92.1950434,27400.0,4.425,12.8337
5152.01,257527578,CP,54.3212423,3708.0,4.024,10.6509
5153.01,124029677,CP,20.9108406,5936.0,4.478,11.215
5154.01,240849748,APC,17.7256773,2860.0,1.629,10.7203
5155.01,388811663,KP,9.7956535,1633.7953711,2.7073092,11.7603
5156.01,468889418,PC,22.8524131,1265.0,2.035,10.2409
5157.01,38161230,APC,2.5194039,1935.0,1.113,11.7475
5158.01,337647366,PC,4.7464485,1940.0,2.408,12.8325
5159.01,286712787,PC,5.8365098,256.7044803,2.6998895,8.6739
5159.02,286712787,PC,3.6469454,145.1854235,2.4652655,8.6739
516.01,318937509,APC,1.04855,34644.953978,1.062799,14.114
5160.01,4165850,PC,4.2807509,447.0,2.051,10.187
5161.01,277697921,PC,5.7519475,1200.0,2.428,12.1875
5162.01,60286662,KP,8.5623289,4321.4694896,3.0961685,13.2027
5163.01,115010361,KP,15.4658691,2380.0,3.16,11.6271
5164.01,6892385,KP,8.2669589,1316.0,3.328,11.2089
541.01,143271144,APC,1.3534084,18071.0821704,1.8466332,14.7117
5410.01,76882795,PC,4.1059353,11400.0,3.031,13.2148
5411.01,76032342,PC,3.0604071,12460.0,3.175,13.176
5412.01,386197662,PC,0.3828485,960.0,0.493,10.8006
5413.01,269838674,PC,12.612483,1510.0,3.406,10.883
5414.01,371164829,PC,10.7833596,26560.0,3.957,14.3554
5415.01,52517713,PC,2.9858191,9730.0,2.966,13.2792
5416.01,87405719,PC,13.0086903,20626.9583179,3.7378335,12.9331
5417.01,79316101,PC,2.8675385,14570.0,2.88,12.7225
5418.01,115564354,FP,1.6421819,1100.0,2.459,11.6985
5419.01,68443254,PC,4.8002161,10620.0,2.439,13.3683
542.01,49771092,PC,1.6318282,14067.4193794,1.2668494,14.8067
5420.01,195155818,PC,6.0614403,4760.0,3.601,12.9624
5421.01,47132480,PC,6.5552932,4730.0,3.016,11.7692
5422.01,80611440,PC,5.3767997,4420.7451206,4.7792512,11.2391
5423.01,47319867,PC,5.7188414,3214.065952,2.2172849,12.6165
5423.02,47319867,PC,3.3928027,2201.6366114,2.2095141,12.6165
5424.01,436099179,FP,0.8999342,1720.0,1.606,12.5284
5647.01,67743054,PC,4.0134273,10480.0,1.445,12.1436
5648.01,23863106,FP,3.3078803,32920.0,1.508,13.8994
5649.01,392319808,PC,4.7518771,8670.0,2.459,12.4399
565.01,1103432,APC,3.7271641,17476.7084817,3.922972,12.8283
5650.01,353807936,PC,34.2825595,2540.0,6.989,12.469
5651.01,256326844,PC,10.6893108,1349.0,6.883,12.3879
5652.01,232628532,PC,18.2598774,3140.0,6.544,13.1125
5653.01,298729646,PC,7.4992916,1480.0,3.724,12.8625
5654.01,233465389,PC,4.2528141,2390.0,1.67,11.4459
5655.01,282940781,PC,29.120986,950.0,3.98,10.686
5656.01,458458156,PC,3.2487833,3110.0,1.626,12.3503
5657.01,441736986,PC,0.8037513,7880.0,0.912,13.441
5658.01,119178132,PC,1.6064494,26980.0,0.946,14.5486
5659.01,207491214,APC,6.2230846,12370.0,4.405,13.0445
566.01,1133072,FP,0.846542,2524.567663,2.408837,12.625
5660.01,311116297,PC,4.8183501,10370.0,1.816,13.419
5661.01,349312122,PC,2.8329023,18630.0,2.029,12.958
5662.01,422217860,PC,2.3144207,1720.0,1.402,11.8706
5663.01,198161914,PC,45.0854117,7870.0,1.646,13.2643
4906.01,385459345,PC,11.9768241,6760.0,3.662,13.3678
4907.01,447585233,PC,3.3405202,3150.0,2.693,12.9489
4908.01,356835341,PC,19.7112002,4150.0,5.452,13.2223
4909.01,272211398,PC,11.6484665,6183.9678461,5.8782939,10.609
491.01,468987719,KP,3.3326812,17008.0,3.125,12.7656
4910.01,303327435,PC,5.506691,16086.399083,1.911388,13.467
4911.01,303814029,PC,4.4573401,7447.0,3.75,12.7706
4912.01,219769290,PC,7.4105517,10640.0,1.856,13.346
4913.01,72401290,PC,6.5430693,3820.0,2.585,12.3375
4914.01,49254857,CP,10.5988743,12920.0,1.638,11.6629
4915.01,440937096,PC,3.3362143,2130.0,2.121,11.7211
4916.01,454069765,KP,4.1197036,2690.0,4.547,12.1137
4917.01,317362389,PC,4.7738904,9170.0,3.304,11.1646
4918.01,60859922,PC,6.5329169,2860.0,3.342,12.0272
4919.01,155419920,PC,3.6470909,9420.0,2.383,12.9098
492.01,17746821,KP,3.1220166,6304.9170255,3.5718864,11.3155
4920.01,132611413,PC,2.5329225,8461.7107172,4.0440414,12.8127
4921.01,404227343,PC,3.4975869,4500.0,1.734,12.1004
4922.01,411943564,PC,7.5492321,6530.0,5.259,12.798
5165.01,349986198,CP,3.577501,1300.0,1.662,12.5389
5166.01,59582240,PC,1.7726881,390.0,1.409,10.0063
5167.01,458686504,PC,4.8740385,6410.0,4.125,13.3935
5168.01,363548415,KP,6.7713411,2930.0,2.836,11.9186
5169.01,350023518,PC,8.0387972,738.0,1.487,8.1644
517.01,308307606,FP,9.8850244,9891.3681761,2.4234353,13.2361
5170.01,330690135,KP,14.7565015,2238.4830035,4.9375033,11.5559
5171.01,110996418,PC,15.7814103,11238.72916,3.9122053,13.4003
5172.01,53287554,PC,4.7269294,1418.4787667,2.6983296,10.648
5173.01,98669309,KP,4.0035773,14273.8513137,2.0958153,14.1768
5174.01,49428710,CP,12.2193392,1670.1310625,4.8876935,10.6309
5175.01,55266835,PC,6.8548465,16276.2815794,1.5226064,13.0207
5176.01,437054764,PC,20.3550739,37499.7343542,3.5018936,14.6831
5177.01,350033870,CP,2.2085904,151.0,3.992,8.8471
5178.01,149969625,KP,14.0666014,1450.8250307,2.7078373,10.7875
5179.01,288671122,PC,0.2874782,1940.0,0.445,11.3617
518.01,264979636,PC,17.87897,976.801579,2.124101,10.1432
5425.01,429501231,APC,0.4553752,3490.0,0.604,12.8591
5426.01,127957099,APC,5.8095099,1750.0,2.427,10.9753
5427.01,52420398,PC,5.2374183,11630.0,3.741,11.659
5428.01,76545118,PC,3.0343155,3200.0,1.664,11.9736
5429.01,5800958,FP,4.2318085,1780.0,2.558,11.9696
543.01,53593457,FP,0.530893,33453.597195,1.910177,15.0404
5430.01,46774573,PC,3.8635521,11350.0,3.896,13.2621
5431.01,302895184,PC,4.788785,7600.0,3.135,13.1207
5432.01,86898676,PC,2.9525486,5730.0,2.694,11.444
5433.01,75697959,PC,4.1459886,26190.0,2.604,14.9819
5434.01,307377219,FP,4.1629444,3670.0,2.064,12.4151
5435.01,294309873,PC,1.2699324,1325.19922,1.596,12.1706
5436.01,155369758,PC,11.9285531,20690.0,2.283,13.3742
5437.01,6853696,PC,3.42015,11140.0,3.801,13.4489
5438.01,367193060,PC,2.5842514,2360.0,1.837,11.5419
5439.01,247912728,PC,5.0775738,8620.0,4.053,13.3853
544.01,50618703,CP,1.5483542,926.4111032,1.2030925,9.6504
5440.01,29374525,FP,3.813812,2310.0,2.572,11.8338
5441.01,91697121,PC,2.8633026,4710.0,0.941,13.3605
5664.01,158022899,PC,3.8863969,3340.0,3.906,12.5757
5665.01,274223601,PC,2.2465076,4340.0,4.181,13.3931
5666.01,235684964,PC,5.468394,11340.0,2.809,13.0994
5667.01,28242530,PC,19.511064,25510.0,3.25,13.3272
5668.01,357347296,PC,4.1753448,810.0,3.941,10.8833
5669.01,162577468,PC,3.676651,4280.0,3.663,12.1196
567.01,13349647,KP,1.5373643,17828.6194882,1.7528779,12.212
5670.01,860207014,PC,14.616858,9117.0,9.085,10.3918
5671.01,23863105,PC,3.3079817,81180.0,1.666,14.8084
5672.01,461239485,KP,3.0390851,12337.5570732,1.6455076,11.4063
5673.01,175772482,KP,2.8386215,15270.0987848,2.332647,12.2688
5674.01,368805700,KP,3.5771891,15679.3921242,3.0669978,12.1159
5675.01,181949561,KP,4.0552832,23434.8052486,2.868068,11.3763
5676.01,311133118,KP,3.5061649,18379.4360484,1.6009658,10.5319
5677.01,287959034,APC,3.8480524,2571.1163277,1.0142569,9.50835
5678.01,209464063,CP,119.3355264,2400.0,6.863,10.6691
5679.01,143257768,PC,1.6622263,12560.0,3.415,11.2016
4923.01,219181903,PC,12.9175271,4615.0,4.46,12.2607
4924.01,307099276,PC,3.1467665,5630.0,3.359,13.0029
4925.01,399847887,PC,3.9511085,13125.9567011,3.436472,13.484
4926.01,454828937,PC,6.809144,1990.0,6.35,12.29
4927.01,376421071,PC,0.8166936,2890.0,1.234,13.1571
4928.01,448820344,PC,2.7792649,3610.0,3.764,11.3943
4929.01,359403471,PC,2.5547255,5580.0,2.953,13.405
493.01,19025965,PC,5.944441,2791.4272138,2.3016013,11.4479
4930.01,307221757,PC,6.7789159,2640.0,4.138,12.0678
4931.01,296850254,PC,6.7635161,5690.0,3.079,12.129
4932.01,148772620,PC,3.9417247,2770.0,5.762,12.5116
4933.01,35106764,PC,5.3861006,6440.0,4.62,12.7116
4934.01,292797572,FP,2.8013515,4590.0,5.405,12.6554
4935.01,412635642,PC,17.4219809,11750.8364848,4.0812901,11.5845
4936.01,68030406,PC,4.7750178,9470.0,3.64,13.0936
4937.01,241638905,PC,5.0414219,2340.0,6.675,12.4864
4938.01,457018819,PC,2.913692,20130.0,2.665,12.4741
4939.01,149109125,PC,9.1717558,5240.0,3.54,12.1624
494.01,19519368,PC,1.7018818,570.0,1.551,10.0854
5180.01,346972413,PC,2.7779767,7890.0,1.753,12.2175
5181.01,346667887,PC,3.8922407,6100.0,2.652,11.7242
5182.01,99654378,PC,7.3039588,2050.0,3.218,11.1303
5183.01,298829544,PC,2.7395591,9227.4218481,3.4295122,13.4685
5184.01,28643432,FP,2.2750903,4241.3314258,2.7583125,11.649
5185.01,462808933,PC,4.2788309,7750.0,4.399,12.3595
5186.01,68453985,PC,2.503254,9960.0,2.828,12.2428
5187.01,441590110,PC,17.8597459,2180.0,4.862,11.6215
5188.01,141677268,PC,22.43341,940.0,6.077,10.5784
5189.01,408549705,FP,9.5064017,8710.0,3.258,12.9177
519.01,218795833,CP,1.2652338,110215.6795079,1.2121003,14.4347
5190.01,289574465,PC,5.7488688,5080.0,4.412,11.7191
5191.01,359469754,PC,3.0278609,6680.0,3.669,12.6103
5192.01,336125492,PC,4.7271324,8600.0,4.672,12.5231
5193.01,336126253,PC,18.9972068,2960.0,3.906,11.8002
5194.01,288612903,PC,7.0485133,4950.0,3.543,12.1605
5195.01,357145112,PC,3.1523405,6440.0,3.111,12.1391
5196.01,383828887,PC,2.5677096,10430.0,2.882,13.2357
5442.01,406684949,APC,12.7091678,4620.0,1.746,12.1047
5443.01,400515645,PC,1.6757659,2580.0,2.248,12.8173
5444.01,367193046,APC,10.2780324,7350.0,1.642,12.1258
5445.01,255735567,APC,6.3780197,7050.0,1.226,11.8888
5446.01,84788795,FP,4.4977307,5324.061552,3.2573447,12.7601
5447.01,239722954,FP,1.4958429,2830.0,1.534,13.1472
5448.01,291016451,PC,3.214031,5730.0,2.215,12.1629
5449.01,119130170,PC,2.5444539,5440.0,3.709,13.4597
545.01,37168957,KP,1.9000862,25717.0085858,2.3058232,14.2465
5450.01,6653897,FP,0.8857522,760.0,1.579,11.4541
5451.01,69028091,PC,1.6822448,12090.0,1.388,12.6819
5452.01,101569583,PC,0.9907914,4860.1048997,1.5908957,12.6167
5453.01,58997701,PC,8.3762443,7670.6889364,3.6856551,13.1132
5454.01,26406123,PC,3.7196227,4280.0,4.948,13.2612
5455.01,75171363,PC,4.267781,5120.0,4.58,13.3462
5456.01,87044036,FP,1.0711292,2030.0,2.213,12.3128
5457.01,456971986,PC,1.2452975,1410.0,2.086,11.7207
5458.01,367434266,PC,22.0632969,4597.497672,2.2329319,10.6275
568.01,37575651,FP,9.5971977,600.5813487,2.9439152,8.2866
5680.01,368739874,CP,3.3575477,26240.0,1.788,12.9463
5681.01,207439380,APC,1.1041295,12540.0,1.18,12.8086
5682.01,17538423,PC,3.1159994,6920.0,3.966,13.0266
5683.01,155949264,PC,0.7748443,21020.0,0.431,14.812
5684.01,32260988,PC,1.1000285,29080.0,1.561,12.4344
5685.01,460396820,KP,2.3409909,12040.0,2.5,11.0062
5686.01,255928426,PC,4.2366102,14790.0,3.559,12.012
5687.01,281100535,APC,2.924439,11110.0,1.448,11.536
5688.01,193634953,CP,2.9479689,24090.0,1.584,14.2085
5689.01,323250919,PC,3.3299795,23460.0,2.101,13.3173
569.01,123482865,CP,6.5562078,2970.0,2.314,9.4727
5690.01,115508409,PC,10.4995545,7030.0,2.123,12.6502
5691.01,17652022,PC,3.3894889,3650.0,2.372,12.6151
5692.01,37150278,PC,1.6929628,14820.0,1.546,12.5806
5693.01,272519426,PC,2.8900249,25960.0,0.506,12.169
5694.01,23638678,APC,1.1544795,51180.0,0.817,14.4753
5695.01,103865797,FP,2.2232698,31700.0,0.648,14.2399
5696.01,393546540,PC,1637.265104,1323.0,5.981,9.1352
4940.01,237929468,CP,25.8663869,2612.8827406,4.0838781,11.8153
4941.01,77680373,PC,3.5569996,18990.0,1.985,13.1014
4942.01,166242494,PC,7.9248476,3330.0,4.022,12.5098
4943.01,418567812,PC,8.0176705,12290.0,2.714,12.998
4944.01,242190195,PC,4.075051,9210.0,1.176,13.0161
4945.01,332017079,PC,1.6500255,14270.0,2.937,13.184
4946.01,319783554,FP,1.819376,5240.0,2.97,12.1164
4947.01,382975217,PC,4.1400273,4520.0,3.936,11.5362
4948.01,160476088,FP,0.4722347,3610.0,1.074,13.164
4949.01,401028336,PC,1.7819156,12020.0,2.748,12.4171
495.01,22529346,KP,1.2749246,18699.0,2.783,10.056
4950.01,245341495,PC,3.9358604,4510.0,4.341,11.997
4951.01,448435566,PC,4.1042587,2790.0,4.642,11.8412
4952.01,400073524,PC,0.6534841,1970.0,0.988,12.547
4953.01,405571798,PC,2.9590176,12520.0,2.832,13.4571
4954.01,147723246,PC,6.6819653,9100.0,4.357,12.69
4955.01,188865842,PC,3.1409607,10670.0,1.284,13.3356
4956.01,8005485,PC,5.1087099,16220.0,1.011,13.3624
4957.01,412485680,PC,4.6622996,3810.0,3.382,11.9955
5197.01,219431828,APC,20.5773388,8520.0,1.503,11.906
5198.01,193628179,FP,3.2623446,8471.3722762,3.0845119,11.9993
5199.01,298049015,FP,3.9131371,37860.0,1.846,14.9652
520.01,148479278,PC,0.523613,82.9259401,2.3004521,9.3777
5200.01,21101556,PC,17.4372954,2060.0,2.967,11.3862
5201.01,267810289,PC,3.8558229,13730.0,3.462,13.306
5202.01,320324079,PC,34.6141657,1470.0,2.66,11.5405
5203.01,158323182,PC,15.1255732,2080.0,6.424,12.6934
5204.01,65845738,PC,1.593603,5300.0,3.244,12.3428
5205.01,419411415,CP,1.6306523,68050.0,1.202,13.6136
5206.01,159117779,PC,4.4716261,5000.0,6.451,12.8715
5207.01,147892178,PC,24.6951647,13290.0,3.696,13.2754
5207.02,147892178,PC,67.8410209,16244.5390069,3.0940127,13.2754
5208.01,110738386,PC,12.2307873,4330.0,3.627,11.4731
5209.01,111108561,PC,2.635737,21500.0,2.207,12.8462
521.01,27649847,CP,1.5428486,2154.4855781,1.1958898,12.4029
5210.01,265979849,PC,4.5661309,7630.0,3.543,11.4194
5211.01,215595454,PC,2.0961984,13710.0,3.22,13.3285
5459.01,1942969,PC,2.8078585,4820.0,1.516,12.8255
546.01,36440357,KP,9.2016496,13812.3233628,4.4317333,13.1573
5460.01,445990611,PC,6.2987919,3920.0,4.909,12.8132
5461.01,118963720,PC,7.4603194,3070.0,2.516,11.8517
5462.01,79971247,PC,3.5533716,1470.0,1.856,10.86
5463.01,437786834,PC,1.100804,3509.2224564,1.4856033,13.1584
5464.01,171646471,PC,1.1606902,32450.0,1.232,14.9671
5465.01,87827371,APC,4.3983492,10124.9081186,2.0638959,12.8749
5466.01,45368525,PC,2.8066134,14530.0,2.483,12.7625
5467.01,83275782,FP,2.6570006,4050.0,2.125,11.8423
5468.01,172222885,PC,20.9233666,9470.0,2.47,12.2122
5469.01,302419660,PC,29.3312035,3470.0,3.269,11.9567
547.01,36352297,KP,1.5089635,13140.0,2.373,13.0501
5470.01,367267217,APC,1.450491,3870.0,1.286,12.5627
5471.01,47132361,PC,4.9017215,6600.0,2.3,13.2751
5472.01,76798849,PC,2.2703829,12110.0,1.947,12.8015
5473.01,81808065,PC,7.5554044,6170.0,4.003,12.2605
5474.01,97669493,PC,8.4332312,2010.0,8.47,11.6861
5696.02,393546540,CP,32.429738,988.0,4.419,9.1352
5696.03,393546540,PC,,1204.4442717,8.0912058,9.1352
5697.01,416739490,PC,6.2183322,744.7463441,2.5958709,10.8327
5698.01,264052454,PC,2.346931,5198.0,0.955,11.3529
5699.01,224328450,PC,22.0183163,3736.0,3.48,10.4488
570.01,126733133,FP,1.4687098,1567.6508147,1.0472885,10.027
5700.01,76193403,PC,1.7812778,540.0,2.261,10.4557
5701.01,43276438,PC,15.0764899,678.0,3.981,10.36
5702.01,141985686,FA,3.1291319,680.0,1.993,9.83993
5703.01,10792081,PC,10.1694553,852.0,4.534,10.0223
5704.01,148673433,CP,3.7711066,1647.6730314,2.3375061,10.6147
5705.01,165625229,PC,10.5998647,924.0,3.021,9.77081
5706.01,137843225,PC,0.3576555,996.7081729,0.483495,10.7641
5707.01,441614965,PC,2.0364271,268.0,1.847,9.73378
5708.01,335813325,PC,2.6953698,757.7733755,0.7628489,9.1454
5709.01,286813592,PC,3.3810227,797.2617518,1.9012451,11.1501
571.01,270468559,KP,4.6418435,7525.447523,3.8566772,11.5598
4958.01,457649900,PC,748.8277169,2167.0,5.812,10.7546
4959.01,290337456,PC,4.6011828,11320.0,3.476,13.3895
496.01,88977253,APC,2.767691,22690.263354,1.876437,12.33
4960.01,329672278,PC,4.0557174,4240.0,1.615,10.7133
4961.01,420202798,PC,7.4793374,17147.3051175,3.5371419,11.6602
4962.01,210681065,PC,2.074205,8150.0,2.806,12.6445
4963.01,407827885,PC,2.365766,5750.0,4.298,13.1009
4964.01,406443564,FP,1.1167145,12810.0,1.817,13.2364
4965.01,129890791,PC,7.0857491,2227.0,5.047,11.4543
4966.01,295507430,PC,7.3136902,1480.0,5.53,11.9852
4967.01,243476396,PC,0.5979368,3760.0,1.018,13.2313
4968.01,253961767,PC,2.2355936,11467.2654828,3.8169843,12.5808
4969.01,406106335,PC,3.0773658,5140.0,3.579,12.8132
497.01,108645766,FP,2.974175,11707.257241,3.031634,13.2312
4970.01,359523751,PC,4.8338813,15572.8655746,3.9585267,12.365
4971.01,453942180,PC,7.9674915,2920.0,3.374,11.9736
4972.01,149585119,PC,2.6492703,10560.0,2.42,13.1773
4973.01,397522142,PC,7.9486299,6340.0,1.29,10.7271
4974.01,148478039,PC,10.6006859,16260.0,3.663,12.7126
5212.01,424699834,FP,2.4011407,3193.9893038,3.6926411,12.8257
5213.01,247356332,PC,4.5333993,7690.0,1.083,12.8179
5214.01,7583660,PC,5.3333965,2710.0,5.577,12.0228
5215.01,236632480,PC,7.4244269,7290.0,3.655,12.8507
5216.01,256561562,PC,1.8951273,2130.0,3.518,12.9392
5217.01,215018906,PC,4.3713133,2960.0,4.113,10.9992
5218.01,259172249,CP,4.2914879,19180.7233775,2.3462656,14.5179
5219.01,378708888,PC,2.88753,7680.0,3.547,13.4066
522.01,19451711,FA,0.3969687,110.7179018,1.5006666,7.3645
5220.01,394691478,PC,2.0876485,12940.0,2.873,13.1562
5221.01,233409941,PC,4.4247361,13312.0,2.757,13.3911
5222.01,30791047,APC,13.3057762,3700.0,5.5,11.3171
5223.01,377297285,PC,4.0656968,13698.7386688,4.2275632,13.0628
5224.01,406361982,PC,5.2819763,3320.0,5.909,12.5459
5225.01,383645563,PC,22.9367426,3520.0,1.706,12.5117
5226.01,195093356,FP,7.8283592,30592.1687893,5.633323,11.8572
5227.01,313453776,PC,3.7325203,4800.0,2.851,11.6078
5228.01,154014059,PC,8.3221959,4460.0,2.771,12.9534
5475.01,78601408,APC,10.0532043,5160.0,1.543,12.2106
5476.01,353361266,PC,10.3413829,10410.0,3.595,13.197
5477.01,127229631,PC,5.8936518,9580.0,2.217,13.0406
5478.01,95122849,APC,8.3026667,6940.0,5.728,12.0515
5478.02,95122849,FP,10.1197017,2570.0,2.129,12.0515
5479.01,67444896,PC,15.1306782,6030.0,4.204,12.2773
548.01,42821097,KP,3.8971203,6312.7462771,4.8258882,13.1861
5480.01,46307587,PC,3.6079916,6055.0,2.991,12.352
5481.01,69295263,PC,3.9315754,5580.0,3.427,13.4144
5482.01,459947163,PC,7.9923268,5780.0,2.176,12.9922
5483.01,192982424,PC,3.7702854,10030.0,2.343,12.2304
5484.01,443961200,APC,1.1282471,2920.0,1.411,11.394
5485.01,186815660,PC,2.5840753,1757.0,1.666,12.8125
5486.01,291109653,PC,2.0247088,4390.0,1.34,12.2937
5487.01,302305400,PC,4.6549271,3500.0,4.06,12.8708
5488.01,281815702,PC,3.1910454,12090.0,1.619,13.324
5489.01,468983280,PC,3.1522131,1039.7670237,1.4637784,11.6923
5489.02,468983280,PC,4.9212788,884.5792337,1.4072515,11.6923
5710.01,173002823,PC,28.4064643,886.162065,4.0008805,10.305
5711.01,441804533,PC,16.303675,1119.9625254,3.221932,11.506
5712.01,388898854,PC,8.2077264,667.6868432,4.4353335,10.5591
5713.01,219041246,CP,10.4419896,3992.4372644,1.714349,12.7022
5714.01,467158766,PC,7.7784947,760.4735322,2.605685,10.3463
5715.01,147923561,PC,6.2822993,632.5840625,1.9391524,11.4201
5716.01,298074836,CP,6.7662729,1998.3738721,1.0575063,13.1066
5717.01,53481079,PC,13.478722,1323.2275744,4.0987608,10.8222
5718.01,17932757,PC,716.8426894,1562.8136485,4.424864,10.8075
5719.01,4843495,PC,,511.7373229,7.6230584,9.67055
572.01,289535142,APC,2.3382709,14693.7520628,2.895948,12.54
5720.01,230055368,CP,1.4344602,1028.2187852,0.9348877,11.6196
5721.01,85292615,PC,729.4823472,819.483247,6.9397715,9.92937
5722.01,458481611,PC,61.3191144,6593.1382192,5.7455309,12.9454
5723.01,235901733,PC,170.6465146,12283.6633675,6.1836278,12.8857
4975.01,304085024,PC,4.4834145,4810.0,2.363,12.967
4976.01,210629725,PC,3.027103,6250.0,3.964,13.3665
4977.01,68081952,PC,7.7023687,27310.0,2.321,12.5156
4978.01,145204443,PC,4.7190303,6800.0,1.538,12.2913
4979.01,311736478,PC,3.6305988,570.0,2.303,10.5895
498.01,121338379,APC,0.2750478,703.0554225,0.5251393,9.58094
4980.01,200435203,PC,16.1565078,13030.0,1.814,12.9331
4981.01,14029793,PC,0.2097217,1250.0,0.25,12.4813
4982.01,46627476,PC,2.5665666,9060.0,3.177,13.3495
4983.01,80137654,PC,5.7527363,12970.0,5.075,13.01
4984.01,177391159,PC,3.6748618,2990.0,4.042,12.4373
4985.01,294315741,FP,3.5678072,17670.0,2.968,13.3162
4986.01,5592720,PC,6.5946181,9920.0,2.884,12.8742
4987.01,293607057,CP,4.2889696,5850.0,2.517,10.6311
4988.01,445392860,PC,2.3696548,46129.4275972,1.8925768,14.881
4989.01,303385111,PC,3.429078,13770.0,1.795,13.0413
499.01,123702439,APC,8.5334865,1756.0,2.369,10.1374
4990.01,295312916,PC,5.6386197,5940.0,2.621,12.9123
4991.01,247180220,PC,0.7702101,29130.0,0.857,14.6594
5229.01,288428649,PC,5.9184575,1240.0,2.947,11.9919
523.01,93125144,FA,9.91102,6044.13412,2.981681,9.6833
5230.01,55778666,PC,7.1452343,14520.0,3.169,13.1924
5231.01,105387356,FP,1.5163302,1345.99736,4.8782241,11.4186
5232.01,69356857,CP,4.0966887,5620.0,4.557,11.7791
5233.01,259100469,PC,25.763332,2560.0,1.668,11.1752
5234.01,335681838,PC,15.1016086,520.0,4.403,10.8964
5235.01,154814765,PC,26.1442304,1980.0,2.368,10.8131
5236.01,193765661,PC,10.9974977,3400.0,7.182,11.3335
5237.01,435740442,PC,2.9889845,13920.0,1.858,12.4705
5238.01,219016883,CP,4.8721904,2180.0,2.584,11.637
5239.01,230290708,PC,11.3182327,5080.0,2.956,12.7986
524.01,365690646,FA,12.983175,1180.996904,1.527578,10.094
5240.01,40055053,FP,4.1793301,4900.0,5.161,11.6917
5241.01,305948428,PC,4.8398399,7040.0,2.818,12.1019
5242.01,426122503,PC,2.4038486,16500.0,1.87,12.789
5243.01,322504451,PC,1.6087939,8160.0,1.966,12.5949
5244.01,352151292,PC,5.0821798,4930.0,4.249,12.8105
549.01,32830028,FP,0.516278,20289.210823,0.565611,14.2321
5490.01,59575189,PC,2.5193047,4540.0,3.596,12.5501
5491.01,247166992,PC,5.0280368,1360.0,2.161,11.5182
5492.01,350024178,PC,2.9238483,11130.0,2.773,13.1211
5493.01,468979441,PC,24.4383239,2401.8740065,5.5899007,10.7421
5493.02,468979441,PC,9.4043652,456.6940548,4.1627706,10.7421
5493.03,468979441,CP,14.5643289,451.953459,4.6039057,10.7421
5494.01,14440334,PC,2.0760349,2480.0,2.043,11.7628
5495.01,380671216,PC,9.6569059,800.0,4.278,10.6421
5496.01,323658120,FP,43.8418559,4630.0,4.599,10.7717
5497.01,270679144,PC,11.2120396,5450.0,3.454,12.3902
5498.01,262736264,PC,18.2050594,10830.0,3.347,12.6811
5499.01,386772576,PC,4.8038446,17000.0,2.038,12.8935
550.01,311183180,FP,13.24981,27250.0,3.299,9.1073
550.02,311183180,FP,10.043245,21393.227138,3.099789,9.1073
5500.01,62740096,PC,1.7530712,11660.0,1.019,13.189
5501.01,94823134,PC,24.166804,4020.0,5.257,12.3295
5502.01,126322519,PC,11.6260799,840.0,2.937,10.3404
5738.01,198162530,PC,0.768125,491.4350185,0.9992062,12.1898
5738.02,198162530,PC,28.5462089,1744.4659966,1.7666666,12.1898
5739.01,328934980,CP,8.4306162,182.9089572,5.5823881,7.1367
574.01,315002523,KP,3.3023907,8027.6122024,5.1743599,12.4257
5740.01,230087765,PC,1.689442,318.7756761,1.3359142,11.958
5741.01,159851831,PC,24.0004143,1240.0,3.138,10.4514
5742.01,258557847,FP,3.965824,680.0,2.911,10.042
5743.01,308300731,PC,7.6603722,9918.0,2.159,10.4748
5744.01,157768969,PC,5.7488832,190.0,5.003,9.75577
5745.01,18016577,PC,,863.297992,4.5873679,9.8127
5746.01,318209162,FP,711.7642825,20978.1367866,3.4176443,10.5295
5747.01,4918918,CP,0.5734766,818.3903403,0.9004508,10.7818
5748.01,407495930,PC,3.0269043,7120.0,3.819,12.9255
5749.01,387329912,PC,5.4328364,1420.0,7.38,10.7778
575.01,386435344,FP,19.3721051,3219.5594645,3.0859149,8.77728
5750.01,310262516,PC,1.9044134,31200.0,0.952,14.6578
5751.01,426144112,PC,1.7465205,7080.0,1.453,13.3889
4992.01,362111691,PC,4.8807474,11440.0,3.148,13.1812
4993.01,360221713,PC,3.1062522,3680.0,4.824,12.782
4994.01,277128619,CP,21.4921464,5960.0,4.199,11.9545
4995.01,294295243,PC,8.7802662,2140.0,2.45,11.8014
4996.01,384709136,PC,4.8131406,5030.0,4.932,12.7523
4997.01,340624586,PC,13.3178839,3920.0,4.344,11.1281
4998.01,76228620,PC,9.7800223,4340.0,4.245,11.2723
4999.01,33227166,PC,5.5846356,2220.0,5.066,10.8235
500.01,134200185,CP,0.5481573,226.8573536,0.9424668,9.4022
5000.01,179230828,PC,5.5422295,14910.0,2.556,12.6702
5000.02,179230828,PC,15.3392841,12910.0,2.933,12.6702
5001.01,95709395,PC,5.069043,8170.0,4.185,12.1641
5002.01,418471116,PC,3.7318818,10850.0,3.231,13.4479
5003.01,301900477,PC,4.4540914,9790.0,1.16,11.8406
5004.01,384386062,PC,5.7626113,8710.0,4.004,13.0071
5005.01,282485660,CP,6.3084728,3690.0,2.871,11.13
5006.01,449107129,PC,4.254955,2370.0,4.228,11.9055
5007.01,424196109,CP,2.5432595,21300.0,1.12,13.6366
5008.01,150531994,PC,2.7755355,12833.8046992,3.755829,12.9499
5245.01,123041007,APC,0.4305826,15510.0,0.435,14.5795
5246.01,295807723,FP,0.6972223,6460.0,1.095,13.4161
5247.01,289307883,PC,12.9177538,11460.0,1.8,12.4228
5248.01,256154857,APC,0.701239,13700.0,1.05,13.4319
5249.01,185598695,PC,4.6285493,15300.0,2.844,13.4752
525.01,71512186,PC,14.8608019,556.6027212,6.1932625,8.7784
5250.01,278105308,PC,5.4463931,8350.0,2.222,11.7781
5251.01,436007113,PC,2.3205922,8900.0,2.393,12.2492
5252.01,395385033,PC,8.5394045,6460.0,5.884,12.899
5253.01,284660935,APC,1.1110609,4060.0,1.155,13.286
5254.01,126225595,PC,4.4836616,3420.0,3.542,11.7137
5255.01,158325942,PC,2.612273,7680.0,3.005,12.6023
5256.01,356146869,PC,21.1968768,6630.0,4.228,13.089
5257.01,185226925,FP,3.1979589,3626.4304902,7.0836352,12.1624
5258.01,147895461,FP,0.5919629,2450.0,1.0,12.4322
5259.01,375419034,PC,3.0321361,13790.0,2.078,13.0157
526.01,200593988,FP,7.6787462,6458.9029552,3.6479222,12.3069
5260.01,326347927,FP,7.2617331,1310.0,6.258,11.9625
5503.01,350044062,FP,5.9522831,7280.0,1.966,12.3391
5504.01,95079513,PC,13.2414304,1430.0,3.989,10.8343
5505.01,374350678,PC,11.1064221,15290.0,2.12,12.8078
5506.01,385312460,PC,19.5862903,24300.0,6.924,13.259
5507.01,377097547,PC,1.5068165,734.0512116,0.8625455,10.8055
5508.01,406140233,PC,3.1816478,9300.0,3.493,13.4649
5509.01,35285308,PC,5.7656076,6750.0,2.955,12.5879
551.01,192826603,KP,2.6473051,21367.8824901,1.211281,13.9143
5510.01,26865340,PC,5.7380349,8720.0,5.045,11.4769
5511.01,389040826,PC,4.7174703,11520.0,1.205,12.8656
5512.01,366698929,PC,4.5589188,10330.0,1.873,12.5869
5513.01,184869170,FP,7.7235903,2720.0,5.953,12.3467
5514.01,63190194,PC,1.7459947,18190.0,2.217,13.4277
5515.01,55275863,PC,8.5926333,885.5569232,3.3859708,10.5182
5516.01,70678449,PC,4.3776584,3900.0,2.864,12.2614
5517.01,307951656,PC,4.5867288,7710.0,4.382,13.4016
5518.01,386620582,APC,4.469996,9280.0,3.524,10.927
5519.01,443582629,PC,5.8512587,1275.0993295,1.8417106,11.7119
577.01,410094645,APC,3.329754,21380.0,2.862,12.4167
5770.01,23179035,PC,1.4529225,17180.0,1.604,13.0383
5771.01,459836041,PC,6.6867154,3870.0,2.945,13.038
5772.01,313609787,PC,3.5023306,11020.0,1.31,13.442
5773.01,445795465,PC,2.7404478,5340.0,3.422,12.4443
5774.01,9701368,PC,5.4049747,22870.0,2.932,13.2035
5775.01,289666986,PC,2.4369467,26190.0,3.969,14.8831
5776.01,310728245,PC,4.1816344,4180.0,4.13,12.1884
5777.01,459189798,PC,6.9171675,1250.0,2.038,11.8799
5778.01,264468702,PC,6.0962241,21520.0,1.866,14.0296
5779.01,102846772,PC,10.2515829,4270.0,4.588,13.1293
578.01,423275733,KP,2.0528684,8982.0803562,2.6201128,12.3368
5780.01,43333094,PC,7.5358996,15840.0,1.413,13.4747
5781.01,279920478,PC,5.38265,1110.0,7.477,11.8987
5782.01,158845573,PC,5.0048582,750.0,5.027,10.6582
5783.01,319684122,PC,5.4459647,850.0,2.437,9.0745
5784.01,302814895,FP,8.6800186,870.0,2.41,9.96017
5785.01,456367532,PC,3.0783215,2660.0,2.701,10.421
5786.01,40292751,CP,12.7791964,3008.0,5.242,9.77301
5009.01,463781038,PC,8.1755735,2870.0,7.683,11.9032
501.01,134537478,KP,1.7100122,12680.0,1.79,10.3887
5010.01,276735500,PC,6.7107895,29370.0,1.377,14.6681
5011.01,418298773,PC,2.6060495,7607.398609,1.6531467,13.4962
5012.01,245728942,PC,4.18438,3750.0,2.146,11.4302
5013.01,287494667,PC,8.989491,2890.0,1.43,12.7482
5014.01,362032529,PC,3.4507193,2270.0,3.498,12.4073
5015.01,221656234,PC,2.4533968,8790.0,3.425,12.491
5016.01,68322189,FP,1.2833689,20090.0,2.592,12.5209
5017.01,302054555,PC,3.3677179,3070.0,5.049,12.4698
5018.01,294691204,PC,6.5859565,1570.0,1.553,11.576
5019.01,420829332,PC,1.090295,5240.0,1.895,12.6345
502.01,172193428,APC,2.9412694,2421.3696753,1.6223259,10.3773
5020.01,310266243,PC,5.3450209,3650.0,5.64,13.3298
5021.01,403405969,PC,12.975062,6210.0,6.124,13.2565
5022.01,208772468,PC,2.244541,17150.0,2.1,13.1509
5023.01,213111428,PC,2.2749988,68800.0,0.632,14.9582
5024.01,344130921,PC,14.7765802,4630.0,4.996,12.9267
5261.01,402828941,PC,4.1509756,9780.0,2.029,12.1444
5262.01,274122380,FP,2.873138,1240.0,2.908,11.8225
5263.01,275527293,PC,3.1501356,16270.0,2.201,13.1549
5264.01,435719275,PC,4.4274169,10600.0,5.435,11.9275
5265.01,219847787,PC,11.5914514,832.0,1.968,11.456
5266.01,312899686,FP,4.4137415,9260.6392449,1.9777839,12.7821
5267.01,153971295,PC,13.7036806,1020.0,4.766,11.9139
5268.01,202468443,FP,2.0685871,38060.0,0.598,14.5982
5269.01,359321688,PC,2.7340756,1700.0,1.994,11.4416
527.01,148228019,APC,18.0892103,5526.7158766,2.5607235,8.2488
5270.01,424112727,PC,1.0513177,5720.0,2.562,12.7655
5271.01,296461391,PC,4.3108587,1020.0,3.486,10.7988
5272.01,278668358,PC,5.0135727,3520.0,4.396,12.4603
5273.01,172871230,FP,3.4100341,7371.3388196,3.5610982,12.2794
5274.01,356682805,PC,6.1313492,3730.0,2.447,13.1293
5275.01,219466803,FP,12.5951009,4280.0,0.876,12.9179
5276.01,282935857,APC,2.3612205,2410.0,2.303,11.7163
5277.01,276381737,PC,15.9929608,7870.0,3.747,13.233
552.01,44737596,CP,2.788654,26339.9057953,1.8900186,13.8231
5520.01,374180079,KP,14.69808,1897.6641496,3.7370696,10.6269
5520.02,374180079,KP,19.4834833,1509.6832721,4.6663301,10.6269
5521.01,396932137,PC,18.5146638,1480.0,1.337,8.94302
5522.01,366409685,APC,1.3852161,1913.3334637,0.7629247,11.9589
5523.01,443616612,PC,,28182.0217132,13.5723661,13.7701
5523.02,443616612,KP,3.4712803,4280.3883109,2.4382015,13.7701
5524.01,277833995,KP,2.2979915,1354.9640916,0.984865,11.758
5525.01,345450130,PC,2.7521595,1025.5391237,0.9607827,11.8693
5526.01,335540507,PC,10.864728,1018.9934407,3.1780359,10.8228
5527.01,415399713,PC,346.1614828,727.1554128,7.4179451,10.3965
5528.01,458686847,KP,1.2916034,1566.7959545,1.3077871,12.7482
5529.01,366411016,KP,8.8652886,1699.9442212,3.2904518,11.8964
553.01,161477033,FA,14.058151,858.616845,3.514627,10.0614
553.02,161477033,PC,11.9234819,680.8032643,3.2410592,10.0614
5724.01,162631539,PC,697.4037698,448.8749774,4.9658691,6.9014
5725.01,1042432,PC,746.9545356,1671.1171293,2.77304,11.4053
5726.01,71582156,CP,5.4911302,448.451647,1.9062098,9.16067
5727.01,357048995,PC,6.3928694,451.9563235,3.7128927,10.5988
5728.01,219875976,PC,11.4974559,843.1062336,2.3907993,12.4896
5729.01,103605399,PC,554.4989676,6058.5947589,2.9052363,12.6265
573.01,296780789,APC,13.5773431,156034.718417,1.7245219,12.519
5730.01,138820713,CP,1.9271225,898.6821302,1.4530399,11.1557
5731.01,188668950,PC,270.303816,2898.2731965,6.682468,11.241
5732.01,335952150,PC,60.1702823,1941.0,3.337,10.2071
5733.01,224297408,PC,8.2751966,958.0302036,2.0749903,10.968
5734.01,9989136,CP,6.1841688,1052.3509168,2.5898497,8.5446
5735.01,157769780,PC,2.1208156,1148.8773237,0.8427764,12.2822
5736.01,310380289,PC,0.6489868,615.5445069,1.1349755,11.982
5737.01,229618478,PC,19.4480946,1327.1099723,3.5107588,12.3105
5025.01,217838717,PC,2.8846592,12880.0,2.783,12.3666
5026.01,161247580,PC,3.2813635,4740.0,3.203,11.831
5027.01,361711730,CP,10.2436729,9410.0,2.999,10.9097
5028.01,76894548,PC,3.9353218,8020.0,3.169,12.5587
5029.01,154400369,PC,3.8861815,5880.0,2.565,12.1989
503.01,186812530,CP,3.6773543,3949.0,1.441,9.19813
5030.01,444290896,PC,4.4299239,5280.0,4.671,12.3927
5031.01,46807139,PC,4.5314275,6062.0,6.41,13.302
5032.01,283665218,PC,6.032661,6850.0,4.689,12.7954
5033.01,318180448,PC,5.4695364,1600.0,1.274,11.7405
5034.01,306990399,PC,8.7042937,2130.0,2.726,12.0635
5035.01,401509690,PC,5.8009082,5130.0,3.175,12.5787
5036.01,406726743,PC,17.7481897,5210.0,2.516,12.5819
5037.01,263486257,PC,4.1245473,15857.5159207,3.4302475,12.3155
5038.01,127115861,PC,0.9990876,4640.0,1.27,11.9036
5039.01,396649769,PC,2.1967461,3670.0,3.749,13.4924
504.01,219164808,FP,1.6773063,3910.0,2.352,9.6646
5040.01,412828754,PC,3.3808424,4420.0,3.135,12.9612
5041.01,324609476,FP,0.733892,41803.8414084,0.9663799,14.9276
5278.01,264301607,PC,0.435435,104138.5602976,1.0529945,14.9343
5279.01,7681574,PC,16.0104634,7450.0,2.151,12.485
528.01,403693875,FP,3.5248693,24987.7992456,3.1475424,13.3675
5280.01,194679333,PC,9.0165933,2650.0,2.886,11.1568
5281.01,405932063,PC,5.5047275,7530.0,4.025,13.1569
5282.01,329346586,PC,1.392516,4390.0,1.209,13.1137
5283.01,399956873,FP,6.949428,3050.0,2.725,11.7513
5284.01,171312653,PC,2.0327015,13040.0,2.019,13.4842
5285.01,250330564,PC,4.3852176,18080.0,2.188,12.9354
5286.01,301035553,PC,3.2988824,11160.0,2.352,13.1789
5287.01,909930,APC,4.1976789,6960.0,3.829,10.7217
5288.01,857186,PC,3.8123614,18330.0,2.565,12.2037
5289.01,176279915,CP,3.4411264,2660.0,2.669,11.8884
529.01,438490744,FP,1.665878,85643.986097,4.956738,14.1396
5290.01,224217761,PC,2.5688104,9670.0,2.198,13.491
5291.01,250983039,PC,2.3007511,2390.0,1.35,10.8921
5292.01,33397739,PC,2.0231137,44030.0,1.133,14.8951
5293.01,250111245,CP,2.9304371,50830.0,1.73,13.9766
5294.01,422486295,PC,5.6707432,7770.0,2.294,11.861
553.03,161477033,PC,40.8905117,945.1993965,4.4402791,10.0614
5530.01,244170332,PC,0.4774382,423.1532826,0.952523,11.3978
5531.01,88114177,CP,4.5352255,195.4048675,3.0733542,8.5727
5532.01,318836983,PC,5.6539689,1223.1789451,2.6370718,11.5212
5532.02,318836983,PC,2.3929801,570.9865376,1.693426,11.5212
5533.01,155093420,PC,1.6098954,412.6710488,1.7900454,10.8475
5534.01,176868951,KP,0.3693057,755.6535935,1.0027781,11.3328
5535.01,411697517,KP,3.3863171,6259.8518041,3.2671057,14.4087
5536.01,268143410,PC,3.1479748,478.0,2.391,10.4756
5537.01,17555760,PC,22.2897649,1060.0,12.435,10.4422
5538.01,337648770,PC,23.899595,15998.7683282,2.0395157,13.1748
5539.01,178266267,PC,7.1123703,497.0,2.644,10.0286
554.01,407966340,CP,7.0491608,300.5227138,3.5024531,6.4386
554.02,407966340,CP,3.0440441,82.7350431,1.3542885,6.4386
5540.01,456305193,FP,1.0995742,3168.0,0.952,10.2003
5541.01,231721006,PC,9.0182382,3480.0,3.199,12.2916
5752.01,349440621,PC,6.7113743,22640.0,2.294,13.4016
5753.01,332365162,PC,7.4242482,8060.0,2.873,13.1895
5754.01,135267558,PC,3.6479472,9470.0,1.683,12.6025
5755.01,256584532,PC,5.4397285,8020.0,3.099,12.9079
5756.01,72889156,APC,7.6408565,23050.0,0.99,14.0287
5757.01,219506608,PC,32.6116713,15640.0,2.052,13.1351
5758.01,82598822,PC,10.9299688,15520.0,2.407,13.4932
5759.01,317594531,PC,8.350615,8550.0,1.62,13.2038
576.01,408310006,CP,5.4435354,3219.0,3.5,8.86849
5760.01,255907107,PC,7.924204,8160.0,4.458,12.5992
5761.01,428703516,APC,19.5422056,4120.0,3.465,11.7149
5762.01,257531677,PC,3.946066,8410.0,1.792,12.6536
5763.01,354832924,PC,6.9541458,7080.0,4.077,13.185
5764.01,150476057,PC,5.0859973,9400.0,1.594,12.768
5765.01,397763985,PC,3.8779743,4676.0,3.294,11.5437
5766.01,353225230,APC,0.5721596,6530.0,1.127,13.0009
5767.01,351652998,PC,4.015073,22900.0,3.229,13.4429
5768.01,470990157,PC,3.7749324,5920.0,3.902,12.8212
5769.01,462715015,FP,1.7548863,2620.0,1.314,11.5578
5042.01,282221346,PC,5.6316098,940.0,5.877,11.0384
5043.01,75522633,PC,3.8027513,26100.0,3.148,12.4337
5044.01,298946836,PC,5.5556615,3308.3022418,4.494587,11.1072
5045.01,297950791,PC,3.4792084,8320.0,3.545,13.3209
5046.01,306512967,PC,11.1838046,3740.0,5.302,13.069
5047.01,291857895,PC,7.3142625,18810.0,3.367,12.6794
5048.01,323022088,APC,1.3583233,6790.0,1.463,13.115
5049.01,261020738,PC,2.9204289,10330.0,2.679,12.9072
505.01,268644785,KP,3.3294649,10603.9863905,4.0123108,10.6815
5050.01,282701278,PC,2.3064574,5650.0,2.071,12.6487
5051.01,217933560,PC,3.5980715,15550.0,2.842,11.6451
5052.01,208151094,PC,4.0668104,19690.0,2.988,12.3562
5053.01,324426685,PC,9.8830331,15630.0,3.432,12.6916
5054.01,401704685,PC,4.2100055,7990.0,2.653,12.7372
5055.01,407146538,FP,2.0915616,2560.0,3.634,11.9139
5056.01,216925130,PC,7.6686232,2000.0,4.794,10.9531
5057.01,37291237,PC,1.1437772,1770.0,1.501,11.0837
5058.01,277034534,PC,23.7123919,6160.0,5.841,10.9425
5059.01,458027465,PC,8.7876771,20650.0,2.935,11.8876
5295.01,4619242,APC,4.3023572,30080.0,1.579,13.0176
5296.01,241102583,FP,1.7386091,18980.0,1.691,12.4323
5297.01,422423972,PC,3.3014986,5640.0,2.106,12.2411
5298.01,313835568,PC,2.6831464,14010.0,1.952,13.4476
5299.01,407997410,PC,2.5792489,7090.0,0.528,12.3913
530.01,387690507,CP,6.3875739,23994.2960408,2.5660579,13.5287
5300.01,267215820,PC,2.2623535,24470.0,1.958,12.4559
5301.01,58825110,CP,5.8588751,2690.0,3.581,11.1893
5302.01,337025682,PC,4.2417694,18430.0,1.832,13.0557
5303.01,58798731,PC,9.809558,7631.0,1.924,13.101
5304.01,293407882,PC,3.7079439,7740.0,2.259,13.3526
5305.01,408743161,PC,4.4632038,7210.0,3.659,12.5679
5306.01,387401076,PC,5.3331348,5670.0,2.805,12.985
5307.01,369477998,APC,5.2976347,3920.0,1.711,12.1314
5308.01,422653398,FP,8.34034,7360.0,3.176,11.0208
5309.01,52052461,PC,6.4666483,6916.0,3.284,13.0427
531.01,302895996,FP,0.567995,5208.552517,1.408867,13.8097
5310.01,306204904,FP,11.2036244,5580.0,3.039,12.4887
5311.01,306401382,PC,39.0536929,32970.0,2.239,13.6546
5542.01,466206508,CP,75.1247037,11171.0,8.599,11.8452
5543.01,17385917,CP,3.5424466,1923.8270395,2.2308179,10.659
5544.01,68893269,PC,4.2050741,1280.1793986,1.1574129,10.3535
5545.01,301624989,PC,1.9613369,9235.0384748,1.632367,14.245
5546.01,59744366,PC,9.8479326,6398.0202697,1.8182865,12.3047
5547.01,63013648,FP,19.6304978,7651.8898952,3.2073832,10.8481
5548.01,155012162,PC,18.9690014,595.060628,3.3431046,9.8978
5549.01,6499453,PC,7.4323882,838.3306849,2.7759349,11.1971
555.01,170849515,CP,1.9416366,32945.1347849,1.9321358,14.857
5550.01,195187769,PC,13.955959,398.0,3.293,9.62527
5551.01,387974148,PC,2.40541,1279.2023438,1.608779,12.4507
5552.01,3224605,PC,28.6503407,9472.1638799,4.4802105,11.9901
5553.01,218354669,PC,1.7617165,356.4029763,1.9280724,10.6853
5554.01,91287873,PC,26.694279,1854.2924324,3.7831301,9.83733
5555.01,388804061,KP,32.9373717,3192.1429439,2.3059589,11.2373
5556.01,55315929,KP,0.7195712,159.6403985,1.7575219,8.89098
4788.01,156999527,PC,4.3930669,11110.0,2.33,12.4832
4789.01,134221850,PC,7.5002702,8750.0,2.487,13.1637
479.01,306362738,KP,2.7817379,12808.3940801,2.1508237,10.8164
4790.01,452903647,APC,1.6102435,5442.4785934,2.3258711,13.1561
4791.01,100389539,CP,4.2809767,7520.0,3.145,10.8961
4792.01,265350422,APC,8.4481666,7405.0,1.255,11.0783
4793.01,65949719,PC,3.4658629,9580.0,3.301,13.2584
4794.01,95589845,PC,3.5658043,10030.0,3.914,12.0465
4795.01,107090327,PC,2.7431176,8230.0,3.134,12.9188
4796.01,65905621,PC,3.5775958,8730.0,2.779,13.1502
4797.01,265011923,PC,2.9922495,10895.0,1.594,13.3736
4798.01,274137295,PC,5.5261155,7330.0,1.873,12.7577
4799.01,65805840,PC,4.0234634,7560.0,3.204,13.0983
480.01,317548889,CP,6.8659582,334.0145589,3.455761,6.7799
4800.01,280307604,FP,4.3229915,1980.0,0.875,10.9833
4801.01,419092044,PC,3.251269,7880.0,2.569,12.9613
4802.01,50575306,PC,1.7131374,3850.0,2.608,13.1675
4803.01,19117967,PC,8.4516737,2930.0,3.896,12.0548
4804.01,320341952,PC,5.0648401,915.0,3.009,10.2278
506.01,274138511,FP,2.774207,693.389889,2.393565,10.4215
5060.01,16264917,PC,1.2695326,13410.0,2.229,13.4489
5061.01,214218272,PC,3.3645349,7010.0,3.14,12.9971
5062.01,294768072,PC,6.2244575,1570.0,5.174,11.8105
5063.01,173979859,PC,3.613799,9490.0,3.323,12.6019
5064.01,407127579,PC,3.5108018,960.0,2.791,11.5939
5065.01,243244680,KP,19.4921473,1700.0,3.568,9.66896
5066.01,56655478,PC,1.3454079,1226.0,1.208,10.3418
5067.01,117275513,KP,4.6886342,1469.0,2.651,11.7421
5068.01,366631954,KP,4.7369669,1238.0,2.58,11.1704
5069.01,381360757,PC,8.8558739,280.0,6.144,9.63679
507.01,348538431,PC,0.8994677,58768.3536154,1.2066668,13.2304
5070.01,319968129,FP,6.216994,2060.0,2.759,10.3879
5071.01,307733361,KP,1.6739029,863.0,1.355,10.0121
5072.01,7059054,KP,5.185768,13002.0,2.356,12.244
5073.01,458686969,PC,3.1393667,11087.0,3.957,13.3042
5074.01,6893917,KP,3.0801795,8926.432346,3.4870958,9.02097
5075.01,23113034,FP,1.7134571,355.0,1.433,8.3482
5312.01,399724238,PC,46.1965072,8460.0,3.718,12.3207
5313.01,347469901,PC,3.2571037,15420.0,2.5,13.4367
5314.01,302202317,PC,2.5351022,13917.0,2.251,13.0707
5315.01,126982221,PC,2.4704071,41450.0,0.948,14.5597
5316.01,309439436,PC,0.9997277,4890.0,1.574,13.0211
5317.01,408824640,PC,8.662046,7070.0,3.278,12.5035
5318.01,435871546,PC,4.9583217,5121.0,5.223,12.1357
5319.01,246965431,CP,4.0785273,4530.0,1.561,12.0828
532.01,144700903,CP,2.32664,7844.7831198,1.6497284,12.6785
5320.01,257562160,APC,0.3852177,1260.0,0.319,11.422
5321.01,243153196,FP,10.1392267,6006.1322651,3.1879367,10.7304
5322.01,336691874,PC,5.4233428,13384.0,4.975,12.0075
5323.01,272146465,APC,5.8049376,7130.0,4.055,12.2431
5324.01,408643099,PC,5.0269053,18460.0,2.676,13.1886
5325.01,270406298,APC,15.057596,5380.0,1.385,12.0261
5326.01,257922326,PC,3.133469,3000.0,2.26,11.7624
5327.01,303502327,PC,4.6671176,14940.0,2.378,12.6345
5328.01,58372253,PC,5.4886518,4580.0,6.921,11.2303
5329.01,61145589,PC,3.7796053,4080.0,0.695,12.7692
5557.01,323687123,CP,4.0179805,2808.9118424,1.1195616,12.4289
5558.01,14570099,KP,26.1944549,1202.7716675,3.8354088,11.0384
5559.01,456945304,KP,2.1408063,628.0,1.569,10.3729
556.01,59003115,FP,2.294185,697.472004,2.750763,11.3075
5560.01,238606535,PC,702.469227,2078.9023943,2.3624632,10.4105
5561.01,330637910,PC,2.0074528,20674.1145085,0.9340475,15.1792
5562.01,17307715,KP,13.8532745,1068.1330554,3.1969542,11.4529
5563.01,239198720,PC,,3186.7847252,6.1121177,10.7986
5564.01,127505658,PC,760.0530038,10000.0,6.902,11.6871
5564.02,127505658,PC,45.4964928,9740.0,5.137,11.6871
5565.01,117892246,PC,3.2601896,11570.0,3.835,12.932
5566.01,73250068,PC,14.5814997,5490.0,5.489,13.1133
5567.01,456335739,PC,13.62636,14390.0,3.245,13.2573
5568.01,142785421,PC,16.2601049,7670.0,1.602,13.2187
5569.01,267484403,PC,5.4021326,6710.0,1.678,13.3273
557.01,55488511,PC,3.344904,1399.4950568,1.3408349,11.6434
5570.01,302381442,PC,23.1678315,11480.0,4.295,13.4113
4805.01,7976072,PC,8.9981735,6480.0,4.547,13.2933
4806.01,96317115,PC,8.4476983,2000.0,3.79,11.7503
4807.01,174546820,PC,17.6868627,10310.0,1.379,11.9698
4808.01,126772538,FP,1.4700596,4760.0,2.18,13.4542
4809.01,143724857,PC,4.4722598,3606.5417294,4.0659641,12.6417
481.01,339672028,CP,10.3311621,4577.0,5.626,9.3935
4810.01,281225729,PC,2.4162514,2970.0,3.055,12.7549
4811.01,334414389,PC,0.9828259,1732.3324754,1.3869249,12.2124
4812.01,81744640,PC,3.3138453,3550.0,3.863,12.9655
4813.01,333810741,PC,4.0492184,6560.0,2.659,13.3071
4814.01,32004914,PC,5.545745,20790.0,2.302,13.0015
4815.01,19447218,PC,8.9727235,10960.0,3.808,13.425
4816.01,156990000,PC,11.2473628,10340.0,4.113,13.3087
4817.01,60074373,FP,3.190373,42550.0,2.684,14.6435
4818.01,181422954,PC,2.6006996,5706.9248795,2.9370342,13.2881
4819.01,82739585,PC,1.5889429,22530.0,1.183,13.0819
482.01,365639282,FP,10.8717,14603.37238,2.943958,13.084
4820.01,394223845,PC,27.1358856,6405.8040691,4.11505,11.9556
5076.01,303432813,CP,23.4428912,1623.0,4.392,9.9909
5077.01,87873211,PC,5.8879518,747.0,3.534,9.51297
5078.01,303523128,PC,1.5110224,408.0,1.232,9.7119
5079.01,69672493,FP,1.4920726,907.0,1.594,9.642901
508.01,425206121,KP,4.6117328,11890.0,4.065,9.654
5080.01,17409453,KP,9.72665,2287.0,4.584,12.9285
5081.01,203214138,KP,5.1699026,3110.0,1.972,10.5649
5082.01,437011608,CP,4.2403543,842.0,2.353,7.6253
5083.01,5882269,KP,4.7948642,2280.0,2.245,12.0394
5084.01,438260486,PC,5.8321337,274.0,2.039,7.564
5085.01,6785559,PC,4.5117148,550.0,4.48,10.1125
5086.01,178217113,KP,2.9956366,7778.0,2.287,11.0514
5087.01,18310799,KP,17.3070631,1909.0,3.646,10.1192
5088.01,234388232,PC,10.3883213,822.0,4.056,9.3422
5088.02,234388232,PC,13.4155226,550.0,3.665,9.3422
5089.01,330687113,KP,5.113835,1290.3750314,2.4556787,10.999
509.01,453211454,CP,9.0588209,875.0,3.342,7.9259
509.02,453211454,CP,21.4003129,960.7539877,5.3847459,7.9259
533.01,309791156,PC,19.5715862,1677.0138379,4.1467964,10.9621
5330.01,436843539,PC,4.6303272,9270.0,3.94,12.4333
5331.01,387544178,PC,22.7545332,14960.0,3.262,12.4433
5332.01,387515920,PC,3.9544873,4630.0,1.716,12.6345
5333.01,96948338,PC,11.4420309,2290.0,5.092,11.992
5334.01,247409676,PC,3.6136326,7280.0,3.31,12.3857
5335.01,381360750,PC,3.6139919,1780.0,2.008,12.5223
5336.01,430099722,PC,4.0153167,12560.0,3.825,12.8019
5337.01,27294830,FP,0.7135221,4660.0,0.514,12.8997
5338.01,467615239,PC,2.6429687,17800.0,2.184,13.1504
5339.01,101348333,PC,15.1873222,8710.0,3.535,11.375
534.01,281909674,KP,4.0350444,11850.4722606,2.8526163,14.4266
5340.01,14156936,PC,4.9393117,6420.0,4.696,11.7085
5341.01,90669930,PC,20.6875239,22490.0,2.57,13.3053
5342.01,356990855,PC,0.5894678,1020.0,0.631,11.4217
5343.01,34980970,PC,12.836391,1310.0,3.366,11.1828
5344.01,16005254,CP,3.7927572,24440.0,1.47,13.2239
5345.01,96165095,PC,1.1062164,660.0,1.728,11.0543
5571.01,88565745,PC,731.4778512,5900.0,3.41,11.2245
5572.01,9151337,PC,5.8586824,1146.0,2.168,10.4309
5573.01,459762279,CP,8.7960328,23090.0,2.48,13.6281
5574.01,268405086,FP,6.8242909,700.0,2.787,11.6643
5575.01,160162137,PC,32.0736228,145640.0,2.347,14.0127
5576.01,137543637,FP,1.2833113,4450.0,1.353,12.574
5577.01,98833877,PC,0.358558,960.0,0.274,11.1947
5578.01,154563411,PC,13.4659853,2100.0,2.936,12.3681
5579.01,252928337,PC,19.8628449,30940.0,1.965,13.5426
558.01,207110080,CP,14.5728985,4464.4359891,2.5623497,10.9923
5580.01,366298702,PC,5.2782582,2000.0,3.379,12.2989
5581.01,456306892,PC,33.5386891,12678.4309522,3.9439149,11.8294
5582.01,392064198,PC,4.51125,760.0,4.541,11.2713
5583.01,357244603,PC,3.0650073,23190.0,1.548,14.2833
5584.01,29169215,PC,18.6300789,1620.0,3.4,10.7314
5585.01,188389305,PC,1.8434549,4360.0,1.444,13.0348
5586.01,160165689,PC,8.9165771,4360.0,3.224,13.4794
5587.01,29069242,PC,3.7349773,7830.0,3.891,13.3834
4821.01,354937825,PC,5.469359,5940.0,2.119,12.7761
4822.01,52936161,PC,4.4712213,5140.0,3.771,12.6614
4823.01,348756659,PC,3.7260939,18231.0352508,3.1192423,12.3474
4824.01,179687771,PC,5.124162,6630.0,4.651,12.8792
4825.01,53047383,PC,2.8183053,7916.1131866,4.1516796,11.2275
4826.01,17683158,PC,5.9730504,8220.0,4.041,12.8972
4827.01,332630868,FP,736.5601487,3600.0,4.183,12.3805
4828.01,291469139,PC,19.0286016,8910.0,3.938,13.351
4829.01,268439377,FP,0.9855374,3290.0,1.18,13.1591
483.01,393414358,KP,4.3780807,7074.3931388,5.3900978,10.439
4830.01,1260235,PC,7.6945481,3510.0,3.436,12.2452
4831.01,17896514,PC,2.6375869,3610.0,4.029,12.292
4832.01,186470968,PC,2.7805098,15800.0,1.547,13.7028
4833.01,176442805,PC,3.6520005,4590.0,3.638,12.2709
4834.01,77550515,PC,3.118166,5150.0,2.285,13.0519
4835.01,434428836,PC,5.1953991,4920.0,3.032,13.0341
4836.01,231559817,PC,5.1035091,3718.4722724,3.7190896,11.031
4837.01,19612445,PC,4.4644761,1690.0,1.185,10.5378
4838.01,374200604,FP,0.760019,1865.5886518,0.638738,11.869
5090.01,184892124,KP,1.9828041,132105.0435175,1.1139386,16.0573
5091.01,438073782,PC,3.6413702,11340.0,3.705,11.4438
5092.01,90853136,APC,2.3626901,4744.0800285,1.4468336,11.6786
5093.01,63189173,KP,2.2984058,30832.0537335,2.0873186,12.8033
5094.01,19028197,KP,3.3366511,6765.8704326,1.8580034,10.2479
5095.01,434226736,KP,3.4845543,13705.5317992,0.9158601,13.0275
5096.01,26826078,KP,2.8753183,23676.0,1.615,10.2832
5097.01,203214081,KP,5.7459945,3650.0,1.185,11.5219
5098.01,14770122,KP,3.5438732,10892.9403038,4.2332052,11.8887
5099.01,91481801,PC,14.4507561,867.6358458,1.3457797,6.9762
510.01,238086647,APC,1.3523942,371.0,0.512,8.4633
5100.01,349582831,PC,3.4532143,13153.3310188,2.445241,12.4261
5101.01,366410512,KP,10.1367283,1059.0,5.341,11.6718
5102.01,82508808,APC,0.4522013,15351.6498068,0.5773712,15.0155
5103.01,366443576,APC,4.9898664,1850.0,1.037,11.5679
5104.01,415443327,PC,4.890376,12039.4608136,3.9844446,13.7667
5346.01,26018819,PC,3.9783327,10890.0,2.643,13.4348
5347.01,21119973,PC,1.7109175,9710.0,1.625,13.032
5348.01,366527844,PC,3.089007,8845.8866717,2.0583149,12.4069
5349.01,26054627,CP,3.3176675,25010.0,1.796,13.8117
535.01,280210963,KP,2.8280391,28860.8258278,2.6215943,14.7971
5350.01,68808155,PC,7.5811005,9830.0,4.457,11.1846
5351.01,27476314,PC,2.8817237,7280.0,1.596,12.8807
5352.01,69995219,PC,2.0389145,3560.0,1.42,12.6022
5353.01,113919944,FP,1.2297408,4020.0,1.234,12.55
5354.01,34781378,PC,4.7949288,7220.0,3.898,12.0664
5355.01,96170689,PC,9.6125545,3470.0,4.242,12.0647
5356.01,467684543,PC,3.1948695,4600.0,3.786,12.5434
5357.01,150006846,PC,9.6995203,12590.0,3.998,12.669
5358.01,46631742,PC,2.6599132,1258.8468444,2.163707,11.5278
5359.01,90767677,PC,1.6817287,15870.0,0.491,14.8143
536.01,234825296,KP,9.2432303,10879.9770333,2.4045872,13.8786
5360.01,427578289,APC,4.0107869,8290.0,0.829,13.3701
5361.01,366602797,FP,1.3574339,3380.0,2.315,13.0581
5588.01,141762491,PC,8.9109435,9850.0,1.876,12.4506
5589.01,51094586,PC,5.6895053,3840.0,5.158,11.4972
559.01,209459275,CP,6.9839072,10050.0,5.076,10.5704
5590.01,9907513,PC,1.2749899,1140.0,1.146,11.9639
5591.01,192969211,PC,12.8665269,1930.0,6.599,12.1721
5592.01,88529975,PC,2.6085851,8610.0,1.573,12.136
5593.01,468433454,PC,4.7974601,4890.0,5.952,13.2201
5594.01,53394475,PC,9.2271917,5540.0,3.781,12.826
5595.01,302908969,PC,5.9900508,3680.0,2.104,12.1765
5596.01,203144354,APC,0.3642961,3430.0,0.689,13.2995
5597.01,85284138,PC,1.9784368,39470.0,2.359,13.4913
5598.01,237108775,PC,6.2948747,16707.0,1.878,14.7371
5599.01,159160230,PC,5.4368408,1020.0,4.473,11.2785
560.01,101011575,CP,6.3980642,1656.0,2.004,8.5925
560.02,101011575,CP,18.8792871,1199.0,3.262,8.5925
5600.01,287268770,PC,10.717359,22680.0,2.784,13.1922
5601.01,237097499,PC,9.5197732,2200.0,2.636,13.3757
5602.01,101592219,PC,5.4853379,12040.0,1.964,13.4409
5603.01,224293782,PC,0.5736183,670.0,0.793,11.6494
4839.01,38118291,PC,13.3441946,3260.0,4.743,12.3907
484.01,427348923,FP,4.728681,9990.0,4.533,11.6888
4840.01,80029842,FP,2.3992876,1180.0,2.545,12.2896
4841.01,453060368,PC,9.6284672,17990.0,3.554,12.7964
4842.01,131034657,PC,5.3374045,2780.0,1.849,11.8379
4843.01,258051471,PC,8.3548746,4160.0,3.253,12.403
4844.01,143994382,PC,4.5425274,8670.0,2.92,12.5368
4845.01,26305150,PC,4.21909,3393.7752478,4.9314032,12.749
4846.01,418971787,FP,1.0638184,3220.0,3.191,13.0246
4847.01,186541435,PC,7.0465721,4760.0,2.322,12.3056
4848.01,134596619,PC,3.7235407,8088.7861019,2.1053503,13.0971
4849.01,132534906,FP,3.0617364,6620.0,1.947,12.5874
485.01,427352241,FP,1.2667147,1870.0,1.712,9.9955
4850.01,332705008,PC,7.6778159,6370.0,3.492,12.8901
4851.01,60377863,CP,21.6091483,320.0,6.112,9.4051
4852.01,74712191,PC,7.2307407,7940.0,4.646,11.8422
4853.01,74530173,PC,7.2333744,10550.0,1.118,13.2181
4854.01,70780410,PC,3.9230475,4600.0,2.559,13.2372
4855.01,44514807,PC,7.5872202,4260.0,1.826,12.9514
5105.01,203287192,PC,4.4455436,5839.0,4.152,12.1476
5106.01,59351345,PC,2.4361097,840.0,1.095,10.0704
5107.01,97735297,FP,1.8354365,310.0,1.633,9.4098
5108.01,350348197,CP,6.7535728,1740.0,2.173,9.18458
5109.01,411930845,PC,3.2104815,1600.0,1.693,10.2846
511.01,440777904,KP,3.3552444,11199.9266299,3.7362246,11.3072
5110.01,239977528,CP,30.1584857,2293.0,3.852,10.2592
5111.01,203289099,KP,3.3557219,1101.0,1.599,11.7538
5112.01,337385330,PC,15.532806,1236.0,3.564,10.1857
5113.01,2685481,PC,4.136488,462.0,2.551,10.2212
5114.01,26693519,PC,6.1539077,1636.0,2.115,10.0643
5115.01,366499151,PC,13.8240078,1140.0,3.512,12.1045
5116.01,149496868,PC,3.4355113,2580.0,2.11,11.9783
5117.01,26469462,PC,11.6986928,930.0,3.37,10.3657
5118.01,438412198,PC,1.5749553,304.0,2.216,10.0769
5119.01,75427473,FP,1.4713984,236.0,3.028,8.96861
512.01,119292328,CP,7.1887332,285.257999,2.9505752,8.9767
512.02,119292328,APC,20.2749388,410.0,5.788,8.9767
5362.01,308522539,PC,13.7279713,5210.0,3.039,13.357
5363.01,426448042,PC,6.7504762,11900.0,3.105,13.462
5364.01,366754985,PC,1.4466879,690.0,0.952,10.8227
5365.01,21132157,PC,4.0069668,780.0,5.848,11.0418
5366.01,45034406,PC,1.5328484,2970.0,2.227,12.4595
5367.01,81178747,PC,1.6649585,8938.5425954,1.5790965,12.9139
5368.01,56457123,PC,3.612762,7510.0,2.8,12.8879
5369.01,113804153,PC,4.2460352,7633.4520662,4.4619131,13.1765
537.01,234112540,KP,4.0379012,15242.7058565,2.9331124,13.4831
5370.01,400381085,PC,3.7539574,9040.0,2.544,12.4064
5371.01,17457400,PC,1.27615,14740.0,0.992,13.3689
5372.01,371470493,PC,11.6270831,3550.0,2.383,11.8941
5373.01,9155187,KP,4.1878375,11415.1655183,2.9905904,11.4556
5374.01,20096620,KP,2.9164004,7257.7025481,3.28681,9.9596
5375.01,71268730,PC,1.7215575,31815.406006,1.7411525,12.456
5376.01,219113246,APC,2.9859596,1900.0,1.671,10.8175
5377.01,467153319,PC,4.4626933,300.0,3.643,9.3672
5378.01,321069529,PC,5.2841676,700.0,3.41,10.2275
5604.01,237015185,PC,11.1801504,2220.0,4.364,11.2399
5605.01,252469648,PC,5.9133875,980.0,2.019,11.0737
5606.01,171599496,PC,1.236949,8250.0,0.358,13.3591
5607.01,233070717,PC,3.2750907,6510.0,3.09,13.1953
5608.01,229713401,PC,6.4424263,1430.0,2.604,12.6975
5609.01,17122808,PC,4.019251,11830.0,1.354,13.4584
561.01,377064495,CP,10.778833,1130.0,3.416,9.5273
561.02,377064495,CP,0.4465713,294.0,1.077,9.5273
561.03,377064495,CP,25.7122157,1151.454738,5.9710228,9.5273
561.04,377064495,CP,,914.6281731,6.6489216,9.5273
5610.01,252481136,PC,7.9454767,36680.0,1.493,14.8686
5611.01,232624234,PC,11.3630224,1048.0,3.031,12.1235
5611.02,232624234,PC,26.7159918,1252.0071238,4.7591848,12.1235
5612.01,18021087,PC,7.1314563,7550.0,2.809,13.1082
5613.01,165413340,PC,12.782983,8060.0,2.762,11.7963
5614.01,148960849,PC,4.172202,1980.0,2.263,13.0076
5615.01,235711993,PC,11.7672708,13190.0,3.098,13.0669
5616.01,154220877,CP,2.002703,25076.5147415,1.5778338,14.6877
4856.01,428685938,FP,14.4896397,40070.0,1.898,14.379
4857.01,35972578,PC,1.8881146,9030.0,2.761,13.1051
4858.01,262499797,FP,1.7509117,70067.1013669,1.4130673,14.8083
4859.01,152467154,PC,7.1878971,11430.0,3.321,13.1012
486.01,260708537,CP,1.7446984,160.4642656,1.0880845,9.36854
4860.01,335590096,CP,1.5229985,58060.0,1.196,13.7726
4861.01,71341774,PC,3.4321678,1950.0,5.115,12.3349
4862.01,322807371,CP,,10056.0,5.513,11.6707
4863.01,143032776,FP,12.4856615,67270.0,2.538,14.667
4864.01,48274889,PC,5.2410982,5660.0,1.188,13.0585
4865.01,143059017,APC,1.2655205,6380.0,1.344,13.4804
4866.01,35758536,PC,4.1059615,5250.0,3.688,13.157
4867.01,74484423,PC,2.835273,3370.0,4.249,12.959
4868.01,362370757,PC,3.5164369,6640.0,3.119,12.8007
4869.01,71221700,PC,3.0978928,2740.0,1.17,12.3918
487.01,31852980,PC,24.3321845,486.5460831,5.27,9.8542
487.02,31852980,PC,7.4144849,392.0,3.493,9.8542
4870.01,446135868,PC,1.8119168,5510.0,2.618,13.353
4871.01,168158622,PC,1.7687528,4140.0,1.471,12.7595
5120.01,58723861,PC,24.9163182,6260.0,6.745,10.2326
5121.01,366568760,KP,8.4071591,533.0,5.002,11.6522
5122.01,116668723,PC,3.3885867,639.0,1.377,9.82614
5123.01,332022997,KP,3.2810299,1163.6040257,1.9734854,11.1983
5123.02,332022997,KP,8.4388997,1269.2030732,2.5274041,11.1983
5124.01,306902029,FP,1.0754572,690.0,1.832,10.4406
5125.01,247906954,PC,5.909621,435.0,2.784,9.02342
5126.01,27064468,CP,5.4589863,1230.0,3.39,9.56225
5126.02,27064468,CP,17.9051919,771.0,4.555,9.56225
5127.01,438170612,PC,17.5328625,547.0,3.11,9.80493
5128.01,406495245,PC,7.6014943,1898.0,3.018,8.2893
5129.01,101520163,PC,7.4121119,979.0,1.78,10.1843
513.01,431999925,FP,1.445433,16635.28994,3.684343,14.7095
5130.01,75589027,PC,2.1667786,282.0,4.416,8.64885
5131.01,350043412,PC,9.4813433,9450.0,1.019,13.1113
5132.01,114516994,APC,1.5985577,2590.0,1.19,10.1485
5133.01,312221462,FP,30.4408598,1500.0,4.586,10.3703
5134.01,95010343,FP,6.880459,445.0,2.037,9.16636
5379.01,328325110,APC,12.7426508,10765.0,3.633,9.59788
538.01,237751146,FP,1.669769,10665.55057,2.0105348,14.1477
5380.01,441587756,PC,3.7723119,470.0,2.893,10.1684
5381.01,241174783,FP,4.0802864,516.622925,1.4789165,9.54224
5382.01,356472238,PC,14.5416243,711.0,4.356,9.46981
5383.01,166053959,PC,2.8114961,90.0,3.35,7.90653
5384.01,165297570,KP,2.9895092,12117.7788754,3.3503883,9.6022
5385.01,85266608,PC,5.1665549,4175.9093299,5.9764524,10.8583
5386.01,202425357,PC,3.6215615,10280.0,1.867,11.3502
5387.01,166086403,PC,2.8037514,70.0,2.771,8.19888
5388.01,407591297,CP,2.594675,1070.0,0.313,10.5737
5389.01,39143128,PC,10.4014008,43141.3479042,2.3998128,14.8017
539.01,238004786,PC,0.3096062,257.7064685,1.0298929,10.5958
5390.01,8853478,PC,15.0619708,2775.349458,3.2914107,10.9762
5391.01,298600443,APC,13.6421377,413.0,3.522,10.2521
5392.01,198512478,PC,17.5313321,306.0,4.334,8.1319
5393.01,313425396,PC,30.0017176,210.0,6.737,8.59702
5617.01,9376973,PC,3.154201,7690.0,2.857,13.0537
5618.01,56999883,PC,3.5254325,5790.0,3.31,12.9882
5619.01,224299081,PC,37.9984529,3050.0,5.928,10.7131
562.01,413248763,CP,3.9306027,1048.0,1.196,8.74094
5620.01,165414210,PC,3.2856588,17910.0,2.384,11.9683
5621.01,219467837,FP,39.9753375,9160.0,6.088,12.64
5622.01,288162228,PC,3.0594206,2000.0,4.191,13.2859
5623.01,420174131,PC,3.6636707,3890.0,1.167,13.1388
5624.01,53498154,CP,13.7317565,2095.0,3.831,10.0326
5624.02,53498154,CP,3.3903593,877.0,2.168,10.0326
5624.03,53498154,CP,7.8854383,796.0,3.083,10.0326
5624.04,53498154,CP,21.4904723,985.0,3.802,10.0326
5625.01,137020480,PC,3.4645195,410.0,4.649,9.1189
5626.01,376645976,PC,716.2159783,9757.0,2.267,9.80675
5627.01,335813590,PC,7.5575607,17756.876606,2.0233141,12.0051
5628.01,135100529,CP,4.3415097,103523.691837,1.7793909,14.4733
5629.01,298437387,PC,2.2853731,1410.0,1.022,10.4671
563.01,405454160,PC,731.9380939,3290.0705522,3.7406486,10.4397
4872.01,310822679,PC,1.7125104,1810.0,3.465,12.6425
4873.01,228694725,APC,0.8313018,1770.0,1.181,12.6116
4874.01,463754499,PC,2.2866856,3720.0,2.881,13.1088
4875.01,133512515,PC,9.7929019,6100.0,3.362,12.5502
4876.01,458300989,PC,4.1379542,2610.0,4.739,12.5386
4877.01,447054140,PC,5.2220526,4850.0,4.243,12.2316
4878.01,144155193,PC,4.728422,10770.0,1.398,13.4358
4879.01,45465399,FP,5.3763108,4040.0,2.339,13.3342
488.01,452866790,CP,1.1979996,1150.3177297,0.9682003,11.1972
4880.01,245099574,PC,3.4717583,11480.0,3.494,12.8382
4881.01,359735804,PC,4.4158835,3250.0,4.663,13.2953
4882.01,458331312,PC,4.4360402,7040.0,2.438,11.2673
4883.01,446463666,PC,4.4967355,6290.0,4.218,12.9582
4884.01,80681136,PC,1.5300843,4193.6457,3.1055945,13.351
4885.01,72504752,PC,6.9392854,14590.0,5.859,13.3328
4886.01,457743020,FP,3.251249,12040.0,2.123,12.9004
4887.01,274911400,PC,5.1873583,3850.0,5.228,12.6039
4888.01,309292963,PC,9.4185437,2670.0,4.259,12.0728
4889.01,441936163,PC,1.895234,2470.0,0.868,12.6063
611.01,154459165,FP,3.1471655,1440.0,3.402,10.4259
6110.01,7439480,PC,1.2541235,23010.0,1.105,13.0739
6111.01,189322727,APC,5.8340292,11944.0,1.289,11.6894
6112.01,258741560,PC,1.8859353,2197.0,1.373,11.2223
6113.01,116631353,PC,4.9218915,6245.0,6.715,12.307
6114.01,419840740,PC,8.9539287,5133.0,2.618,12.4185
6115.01,120115768,PC,3.5529033,17309.0,1.722,13.3897
6116.01,364408162,FP,3.1256662,4065.0,2.903,11.785
6117.01,436508469,PC,9.866312,5737.0,5.285,11.5989
6118.01,125367522,PC,4.6474314,2652.0,8.452,11.8495
6119.01,322498101,PC,4.2070367,13290.0,2.712,13.2225
612.01,284738182,PC,0.9136081,1368.0,1.099,10.1939
6120.01,435851868,PC,2.1350899,22574.0,1.997,12.3983
6121.01,165682741,PC,4.2916798,9377.0,3.088,11.5823
6122.01,352442207,PC,4.6107024,5689.0,5.626,11.6925
6123.01,91101364,PC,4.0833335,15664.0,4.406,13.1618
6124.01,269488987,PC,2.8474853,22441.0,2.303,12.3101
6125.01,404516402,PC,2.3107907,18595.0,1.963,12.8119
6126.01,129004637,PC,7.1603723,9174.0,4.672,12.2601
6373.01,286951368,PC,4.9613647,6047.0,4.318,12.5799
6374.01,468501184,PC,4.5944948,10846.0,3.482,12.7022
6375.01,390410937,PC,3.0679061,7144.0,2.645,13.1429
6376.01,9441591,PC,4.7185893,3868.0,5.576,12.7346
6377.01,187532854,FP,1.6513066,1751.0,0.82,12.2059
6378.01,251594291,PC,12.9589981,16753.0,3.683,13.4948
6379.01,450308271,PC,1.5057127,5373.0,0.244,12.8552
638.01,78154865,FA,0.493826,310.570859,1.162615,8.9225
6380.01,458890024,PC,5.1404883,2896.0,1.988,11.8123
6381.01,470653603,PC,8.9270275,2360.0,2.409,10.7233
6382.01,367522211,PC,35.3712924,4376.0,1.907,12.6924
6383.01,328513434,CP,1.7904917,47315.0,1.223,14.4506
6384.01,16550540,PC,2.4810218,24673.0,1.541,14.394
6385.01,16552586,PC,2.8895991,13586.0,3.647,13.4358
6386.01,138344895,PC,6.2663565,5720.0,1.359,13.0817
6387.01,459982699,PC,1.1669652,28171.0,0.562,14.9787
6388.01,16776356,PC,1.3940614,9143.0,0.925,13.3476
6389.01,239159011,PC,15.8034785,7000.0,1.648,12.7613
639.01,82362447,FP,2.819817,183631.033642,6.611278,15.2474
6640.01,167654347,PC,16.9356875,2618.0,3.256,12.392
6641.01,241525834,PC,1.9647786,60692.0,1.586,14.85
6642.01,23111,PC,3.3421583,14573.0,1.284,13.0934
6643.01,332887363,PC,4.8332515,5964.0,4.323,12.7886
6644.01,149450435,PC,42.7305626,2711.0,5.591,12.5687
6645.01,15827263,FP,3.9525732,857.0,2.378,10.4263
6646.01,346855283,PC,17.7505864,1395.0,5.578,9.56062
6647.01,439943973,CP,3.9963956,635.0,3.878,9.65566
6648.01,440150441,PC,20.86399,1040.0,5.624,9.99685
6649.01,258940847,PC,5.9867942,1170.0,0.904,9.7664
665.01,73723286,FP,14.066109,16514.0482965,3.4744355,9.1116
6650.01,64837857,PC,20.3292125,10524.0,6.584,10.0252
6650.02,64837857,PC,30.5055627,1773.0,6.967,10.0252
6650.03,64837857,FP,8.9965133,988.0,2.842,10.0252
6650.04,64837857,PC,,1437.0,6.426,10.0252
6651.01,174328045,CP,5.0569708,795.0,3.401,9.60892
6652.01,283884522,PC,3.8388774,350.0,2.391,9.1993
6653.01,150901009,PC,,1000.0,2.623,9.1129
5882.01,232941965,CP,7.1487697,1900.0,6.864,10.6338
5883.01,283759999,APC,0.5223032,4390.0,0.685,12.5701
5884.01,13574009,PC,5.8311038,4240.0,3.283,10.5002
5885.01,233788275,PC,4.7264391,3150.0,3.196,12.5816
5886.01,15682927,FP,0.9656052,3903.7996341,1.9504483,12.3886
5887.01,277987172,FP,6.3989216,3830.0,2.781,12.4276
5888.01,273780062,PC,15.2501659,4560.0,4.331,12.6212
5889.01,383214426,PC,2.4013188,27340.0,1.988,12.9722
589.01,412961700,FP,2.5183846,616.0227482,2.1596206,6.725
5890.01,279179610,PC,5.9029732,8450.0,3.337,13.1251
5891.01,202941251,PC,4.1784844,5000.0,4.307,11.3909
5892.01,375199523,FP,1.9447712,2880.0,1.345,11.6866
5893.01,321790238,PC,,7997.0,5.718,11.4879
5894.01,398038296,PC,3.0076713,10740.0,3.094,13.1645
5895.01,243464977,APC,3.6491012,5880.0,1.691,12.0995
5896.01,14956304,FP,0.9965843,14280.0,2.633,14.6656
5897.01,305612552,PC,6.9349089,14850.0,3.234,12.7968
5898.01,467211520,PC,9.7884653,2590.0,3.894,12.5037
6127.01,313975346,PC,6.9191027,4926.0,4.908,13.0551
6128.01,100769500,FP,4.5016419,2992.0,1.897,12.2652
6129.01,115739057,PC,5.0310168,18296.0,3.334,13.261
613.01,77527511,PC,0.7784962,1670.0,0.856,9.94921
6130.01,210083929,CP,2.3927114,13405.0,1.806,10.5581
6131.01,357872559,PC,2.5530138,6564.0,3.109,12.5948
6132.01,188800346,PC,18.8155978,18261.0,4.153,13.4411
6133.01,129107501,FP,3.6534344,24705.0,3.519,11.5102
6134.01,199721945,PC,4.679209,9667.0,4.261,12.8813
6135.01,100909102,PC,3.1106751,10899.0,3.129,12.0052
6136.01,468692991,PC,3.9779111,19441.0,1.843,12.8196
6137.01,44295981,PC,0.520403,143020.0,0.995,14.5158
6138.01,352892371,PC,9.7824078,3218.0,3.889,12.2562
6139.01,468765355,PC,10.3299557,7172.0,3.666,13.1008
614.01,118021229,FP,0.88501,820.279,1.622,9.947331
6140.01,456783397,PC,3.4742682,9883.0,2.577,13.2907
6141.01,217980791,PC,2.6607389,16613.0,1.538,12.4789
6142.01,129108133,APC,4.9564809,8884.0,1.617,13.2516
6143.01,423903685,FP,4.0938735,16964.0,4.537,12.266
6390.01,318071201,PC,5.2434358,8157.0,2.19,13.032
6391.01,171922657,PC,5.01345,7627.0,3.437,12.9713
6392.01,88460991,PC,6.9603975,6218.0,3.734,12.7094
6393.01,147821208,PC,9.5315703,1095.0,2.695,11.7801
6394.01,309512152,PC,13.026976,10320.0,5.16,12.5085
6395.01,191998744,PC,2.8140328,5247.0,4.309,11.475
6396.01,73244652,FP,8.2100628,3706.8474398,1.3005779,11.8431
6397.01,359629653,PC,1.6707289,2758.0,0.707,13.1766
6398.01,353586703,FP,3.0043128,6000.0,0.714,12.1953
6399.01,287207371,PC,12.6427441,7747.0,7.917,13.1843
640.01,147977348,CP,5.0037758,7390.0,3.439,10.0367
6400.01,88999533,PC,5.0358501,3956.0,6.391,12.349
6401.01,150470555,PC,3.0199448,11319.0,2.129,12.6839
6402.01,265076459,PC,3.4053234,4804.0,1.794,12.23
6403.01,94405787,PC,742.682809,11798.0,5.052,12.9298
6404.01,141395223,PC,3.7442969,6943.0,1.378,12.4628
6405.01,142908390,PC,6.7392054,5180.0,0.839,12.2657
6406.01,31605271,PC,2.2314165,17612.0,1.255,13.0461
6407.01,97925605,PC,8.9913818,3320.0,6.905,12.1158
6654.01,278726770,FP,9.5160032,527.949401,2.274422,10.1032
6655.01,304690618,PC,6.8671216,679.06339,2.937301,10.1763
6655.02,304690618,PC,12.9587744,837.1081497,3.7177196,10.1763
6656.01,262457587,FA,0.8219466,11452.3350523,2.147,10.318
6657.01,96475638,PC,4.0611089,521.4793099,2.131843,8.5861
6658.01,292221593,PC,5.6494351,200.0,5.214,8.641
6659.01,272768631,PC,7.312091,1281.0187741,1.5560194,10.2443
666.01,82128636,APC,7.4760689,1443.0305627,1.5699592,8.8252
6660.01,468178519,PC,2.9852193,12776.05708,3.7760499,12.0054
6661.01,355895977,PC,10.5789534,1530.5878174,2.8444195,11.7085
6662.01,418343229,CP,0.2939493,746.4231884,0.5422359,10.8861
6663.01,415732733,PC,,3065.8159708,7.1157207,10.594
6664.01,147561732,PC,,1602.3801725,18.1537085,8.03278
6665.01,192014454,PC,735.797917,479.47449,5.9484218,8.89177
6666.01,256429408,PC,,789.17357,16.657231,8.43041
6667.01,161169240,APC,,5126.8337118,6.6621453,12.122
5899.01,126171392,FP,0.7835688,7440.0,1.095,12.935
590.01,270841724,FP,18.90372,24270.0,9.067,10.441
5900.01,224635135,PC,2.4667486,7030.0,2.984,13.3192
5901.01,294173437,FP,5.555905,3750.0,3.459,12.5454
5902.01,65737977,PC,4.8292589,5930.0,4.084,12.2866
5903.01,60542708,PC,2.4707357,5560.0,1.597,12.5937
5904.01,408317165,PC,5.6567374,7790.0,3.223,13.4171
5905.01,341299943,PC,3.0233509,17150.0,2.369,12.8127
5906.01,276376289,APC,30.1181254,14201.3576216,3.3132176,11.2922
5907.01,387318486,PC,0.6583175,3740.0,0.796,12.4411
5908.01,452483795,FP,2.4515393,7520.0,3.005,13.0008
5909.01,354489554,PC,4.7729363,4300.0,3.344,12.6132
591.01,146261607,FP,8.4915117,40640.0,6.035,10.1749
5910.01,273774284,FP,17.218994,6398.606421,10.0451562,13.4177
5911.01,239361732,PC,4.009823,7750.0,4.015,12.8343
5912.01,16538820,PC,6.9038328,3790.0,5.483,12.1486
5913.01,289313987,APC,10.1522322,9641.0,6.614,11.7685
5914.01,187416256,PC,4.3887257,5820.0,3.243,12.0389
5915.01,329709756,FP,12.5482879,49260.0,3.396,14.3196
6144.01,115683877,PC,6.3765906,4465.0,5.303,13.1564
6145.01,404488903,PC,3.9921399,9866.0,3.299,13.3616
6146.01,372178596,PC,4.5803096,6130.0,4.962,13.1289
6147.01,402740809,FA,1.5801759,6187.0,0.645,12.95
6148.01,371573539,PC,8.3753156,3994.0,2.687,11.351
6149.01,195606729,PC,13.3562254,5815.0,7.214,12.4814
615.01,190496853,CP,4.6616079,11972.0,4.007,10.3015
6150.01,434186655,PC,1.3094686,18418.0,1.108,13.5156
6151.01,312289279,PC,1.4354814,698.0,2.174,11.5561
6152.01,117068362,FP,4.2005957,4448.0,2.587,12.1566
6153.01,411343008,PC,3.6720231,15619.0,3.064,12.9172
6154.01,301986302,PC,2.301919,22440.0,1.614,12.8213
6155.01,120051913,PC,1.6029811,5502.0,0.955,11.8355
6156.01,117072799,APC,12.6885127,12512.0,1.507,12.5126
6157.01,86005116,FP,0.4916402,29113.0,0.453,14.9131
6158.01,404456775,CP,3.0444485,30036.0,0.916,14.5372
6159.01,422037524,PC,4.1846077,10662.0,1.805,13.2906
616.01,145879095,PC,2.8056739,3350.0,2.299,9.9794
6160.01,294904059,PC,40.7401072,21776.0,2.833,12.4261
6408.01,452867348,PC,8.0924283,21701.0,2.047,13.9983
6409.01,97279971,PC,1.5304279,9499.0,2.951,12.2411
641.01,49079670,APC,1.8930707,630.0,1.339,9.90377
6410.01,142916753,PC,5.1491091,8719.0,4.667,12.6159
6411.01,106829921,PC,8.2165446,5304.0,3.438,13.075
6412.01,176082442,PC,3.9802888,4073.0,1.382,13.1167
6413.01,170466784,PC,10.8310228,7728.0,1.516,12.9494
6414.01,169191182,PC,17.7607727,1391.0,4.474,10.3377
6415.01,157050713,PC,20.8380576,10875.0,3.561,13.4164
6416.01,106626059,PC,8.2330943,29859.0,3.172,13.097
6417.01,95191643,PC,3.3458255,6065.0,3.821,11.7024
6418.01,36022284,PC,4.6478092,9297.0,3.454,12.5598
6419.01,144037593,PC,4.160454,10349.0,2.572,12.9149
642.01,79292541,PC,2.2786049,1050.0,1.924,9.4247
6420.01,143526233,PC,6.9615164,6492.0,2.403,12.4877
6421.01,107617930,PC,3.750778,13942.0,3.127,13.2808
6422.01,140740440,PC,3.7521603,5473.0,2.1,12.6968
6423.01,141458054,PC,1.364829,4664.0,1.25,13.3579
6424.01,98159959,PC,2.0396825,4429.0,2.473,13.2535
6668.01,206361691,PC,718.652003,479.4666113,14.6548943,8.3408
6669.01,333736132,CP,731.9966539,16102.9689949,2.892543,12.0742
667.01,101955023,KP,1.6289322,2512.1192447,0.809276,10.8372
6670.01,126797048,PC,,2389.5186523,22.9026501,8.8855
6671.01,53843023,PC,,1566.5840348,2.4755873,10.3852
6672.01,331644554,PC,,1352.2809088,6.6644694,9.61487
6673.01,99989903,PC,19.7468103,276.3656087,7.1658967,7.2861
6674.01,452920657,PC,,12885.3671957,5.1715272,12.6973
6675.01,141522677,PC,,1323.0928698,5.4653921,9.40853
6676.01,423360793,PC,22.6957088,309.0178416,5.3266755,7.848
6677.01,62085710,PC,5.4496736,917.0,0.203,10.4679
6678.01,253864764,PC,3.4268387,844.0,1.288,8.8688
6679.01,344034178,PC,2.3170053,1719.0971731,1.122279,10.7742
668.01,102195674,APC,4.3787302,30199.2684097,3.827504,11.3425
6680.01,6898572,PC,4.3816966,2801.3182472,5.601621,10.6264
6681.01,425817867,KP,3.7783401,24582.4117134,2.82963,12.0491
5916.01,305506996,CP,2.3682389,48700.0,1.866,14.5249
5917.01,239529652,PC,4.0387941,5560.0,3.537,12.7031
5918.01,305790119,PC,2.0353259,12030.0,2.032,12.8978
5919.01,165948070,PC,4.3686174,3730.0,2.943,12.2869
592.01,196286587,FP,10.4137962,1948.0,3.482,10.1985
5920.01,467006627,FP,15.4159906,4500.0,2.127,11.499
5921.01,286545058,PC,5.0114216,4940.0,4.514,13.0598
5922.01,364192929,PC,5.2079858,8550.0,3.795,13.3113
5923.01,60491424,PC,4.0252588,8980.0,3.596,12.7861
5924.01,289125016,FP,6.2043746,4380.0,5.957,11.429
5925.01,345193111,PC,6.1606297,10230.0,2.218,12.2493
5926.01,372831381,PC,3.8116176,6560.0,1.997,12.0025
5927.01,163164300,PC,3.7306955,6140.0,3.657,12.143
5928.01,387318409,PC,3.246565,8870.0,3.478,12.7
5929.01,92217989,PC,4.6079976,7730.0,3.148,12.9153
593.01,128463355,FP,13.9086,4760.0,2.987,10.1078
5930.01,88266880,PC,3.7984372,4500.0,4.539,11.0235
5931.01,24833662,PC,4.2447791,5800.0,2.896,12.4083
5932.01,405122173,PC,3.1003012,11350.0,1.826,13.0812
6161.01,188001223,PC,5.7415661,5879.0,1.414,12.8566
6162.01,164260243,PC,1.8478843,11766.0,2.809,10.9837
6163.01,422457210,PC,9.9754699,26035.0,3.465,12.7912
6164.01,239542854,PC,3.6948038,17237.0,1.203,12.6951
6165.01,287863314,PC,4.3172876,23720.0,2.178,14.2349
6166.01,190822775,PC,1.8021196,15426.0,2.407,12.128
6167.01,330665027,PC,6.7080688,4622.0,4.67,11.5534
6168.01,10593553,PC,5.0809743,5709.0,4.08,11.9966
6169.01,193979250,PC,17.9661374,3183.0,3.791,11.5337
617.01,141227133,FP,2.42232,5696.52,2.873,10.251
6170.01,51637609,CP,2.709631,10819.0,3.282,12.1088
6171.01,67478724,PC,3.7473877,3898.0,4.812,11.0537
6172.01,26583436,FP,6.1432609,3620.7247879,5.2813474,13.0091
6173.01,416486384,PC,3.8753785,4016.0,4.275,13.0745
6174.01,164280385,CP,3.5257269,4435.0,3.457,13.2513
6175.01,258738570,PC,4.1877227,16840.0,1.891,12.1384
6176.01,298776943,PC,9.6422713,28921.0,2.946,13.3976
6177.01,331456189,PC,3.89989,10637.0,1.888,12.7145
6178.01,314649737,PC,5.8878118,9767.0,1.815,12.6685
6425.01,107776260,PC,12.1422411,4584.0,3.453,11.9634
6426.01,142420436,PC,3.8801586,8142.0,3.656,13.1896
6427.01,22972676,PC,18.372561,4311.0,4.807,12.4642
6428.01,238914510,PC,1.6763835,13272.0,1.509,13.1815
6429.01,348501452,PC,2.4257176,1855.0,2.581,12.3056
643.01,432008938,FP,9.653456,43088.5649,4.00937,13.7006
6430.01,50211272,PC,3.6024986,20792.0,2.055,14.329
6431.01,54141697,PC,3.5423487,3496.0,1.35,13.1583
6432.01,141933255,PC,3.356169,7442.0,1.434,12.7819
6433.01,266486214,PC,9.6355,4365.0,3.178,11.3461
6434.01,32296259,CP,2.7775786,4270.0,1.9,12.2757
6435.01,60189629,PC,6.1161423,3588.0,1.424,11.0464
6436.01,290415036,PC,6.1879019,9168.0,2.432,12.6738
6437.01,139707575,PC,8.31001,5667.0,7.754,11.6147
6438.01,332383229,PC,16.1268294,974.0,2.019,10.4099
6439.01,122981686,APC,2.9896663,13951.0,2.168,12.2879
644.01,63303499,FP,1.9271328,585.8978628,4.5530077,10.194
6440.01,348297468,PC,3.8190051,1907.0,1.199,11.5876
6441.01,422031406,PC,4.5579065,15309.0,2.621,12.5605
6682.01,254141733,PC,4.243624,2634.0168857,3.8869543,11.3648
6683.01,394126269,PC,3.8568001,23589.8587425,2.858704,15.331
6684.01,273270473,PC,2.7086444,25164.5811952,2.1554708,13.6702
6685.01,6764171,PC,10.7715898,947.4340655,4.2203793,10.2692
6686.01,269217040,KP,4.1661265,15441.3606576,3.7000327,10.2748
6687.01,396246765,PC,3.4414188,7380.9342568,3.0026348,12.3872
6688.01,464658144,PC,4.9594992,2778.737264,1.2463603,10.6834
6689.01,410119093,PC,4.1287427,12670.8512175,2.7601938,12.7602
669.01,124573851,CP,3.9451359,841.0,2.424,10.1755
6690.01,149989864,PC,761.7092276,545.0105734,7.6296016,10.2969
6690.02,149989864,PC,904.5347981,603.0604952,22.1692458,10.2969
6691.01,382258844,PC,,183.6559789,15.1057104,8.6235
6692.01,324609409,PC,,3281.1685561,10.7778244,11.1163
6693.01,35377903,FP,2.9937587,3142.6522925,4.6961883,10.3313
6694.01,27414976,PC,3.9759251,31337.4687251,2.4026632,13.7846
6695.01,118339710,PC,,2315.4424358,8.6668849,10.3541
5933.01,322593401,PC,5.5901313,11420.0,1.245,13.4538
5934.01,407958640,PC,2.5505105,14510.0,1.463,12.9724
5935.01,276704866,PC,3.0200448,10640.0,1.597,12.6045
5936.01,396378209,APC,0.3781425,4760.0,0.473,13.0338
5937.01,158552665,PC,21.0685273,15800.0,3.007,13.3872
5938.01,452508760,PC,2.260431,2680.0,2.098,11.3519
5939.01,27230283,PC,6.13049,3640.0,6.11,13.1765
594.01,146406806,PC,13.9492617,7952.4129979,4.5805345,10.3979
5940.01,296898634,FP,2.8535379,16171.6129166,6.8566318,14.1736
5941.01,303456821,PC,11.0771916,1920.0,4.091,11.9693
5942.01,166190643,FP,1.6540508,4520.6341805,2.9408152,11.7528
5943.01,63659057,PC,15.7866044,6960.0,6.116,13.0251
5944.01,88101924,PC,5.9404096,15160.0,2.479,13.2223
5945.01,159104028,PC,3.3825012,4430.0,3.422,13.0581
5946.01,366846982,PC,5.754879,1820.0,6.944,12.1724
5947.01,331691841,CP,6.9341584,510.0,1.937,8.5898
5948.01,419878932,APC,7.9058861,2370.0,0.867,10.1223
5949.01,64282927,PC,1.8826035,337.0,1.712,9.0331
5949.02,64282927,PC,3.3751374,172.0,1.851,9.0331
6179.01,257056367,PC,19.2445211,17453.0,5.3,13.2368
618.01,173640199,PC,7.7614672,3110.0,4.156,10.1277
6180.01,452743735,PC,2.7432173,25316.0,2.595,13.0636
6181.01,199162630,FP,2.7654802,3442.1954701,2.0446094,11.8563
6182.01,97249514,PC,4.7783263,5107.0,5.374,12.8026
6183.01,351864831,PC,8.7311119,4827.0,4.4,12.9591
6184.01,257207557,PC,3.6153701,14305.0,2.714,11.8836
6185.01,346077232,PC,6.3720834,5659.0,1.322,12.7875
6186.01,345333936,FP,1.4252334,6901.0,1.673,12.4033
6187.01,251894891,PC,5.5133822,7833.0,3.601,13.4144
6188.01,469702377,PC,4.7061119,2559.0,3.03,12.1075
6189.01,63844530,PC,5.5867425,15688.0,2.46,13.2903
619.01,267527924,FP,1.8080364,1264.0,2.892,10.1853
6190.01,440636649,PC,3.5595352,3006.0,1.027,11.6283
6191.01,197743152,PC,3.7752321,7352.0,1.465,11.4105
6192.01,194234471,PC,3.563037,4185.0,1.66,12.545
6193.01,387933822,PC,2.8953095,5366.0,4.137,12.6449
6194.01,176861415,PC,8.6738593,5327.0,2.582,12.863
6195.01,155258153,PC,3.1989808,1860.0,0.785,10.5489
6442.01,97921547,CP,2.8279716,14846.0,2.237,11.1007
6443.01,125563127,PC,9.9872075,2884.0,2.861,11.8052
6444.01,97588014,PC,12.2925281,10299.0,5.394,13.3362
6445.01,323569398,PC,26.3926606,3447.0,1.812,12.2099
6446.01,122798633,PC,4.2240015,35494.0,1.605,14.1224
6447.01,347442932,FP,0.6646521,7197.0,1.272,13.346
6448.01,320411045,CP,14.8442674,7245.0,2.748,12.3239
6449.01,168936945,PC,2.4404127,67496.0,1.354,14.9728
645.01,157568289,FP,1.8361503,2470.0,4.12,10.4091
6450.01,47244580,CP,3.6092665,6975.0,2.376,12.9007
6451.01,150559728,PC,5.495078,5504.0,2.962,13.3935
6452.01,7562528,PC,5.2477739,6694.0,3.138,12.8743
6453.01,66242670,PC,6.8688474,4404.0,5.418,13.0537
6454.01,146413471,PC,22.5012924,3758.0,4.055,11.0427
6454.02,146413471,PC,10.9835772,2290.0,3.26,11.0427
6455.01,255588086,PC,0.8970559,2702.7874118,1.7688635,10.9421
6456.01,270456887,APC,2.2685932,8092.8523533,2.4612308,11.8895
6457.01,328502522,PC,41.4186335,5598.932235,8.1171335,10.4475
6696.01,104195270,FP,3.6859958,12982.7214564,5.1972226,10.9988
6697.01,441546821,CP,,2626.7704894,14.6473924,7.7897
6697.02,441546821,CP,,6318.0730583,12.9674227,7.7897
6698.01,5966772,PC,,1168.7878058,3.6676275,10.4795
6699.01,341405597,PC,5.322002,955.0,3.193,10.4012
670.01,147660201,FP,0.579398,1324.07712,1.64214,11.1557
6700.01,167085203,PC,15.5177539,3717.3165127,1.2572404,12.2301
6701.01,349789882,PC,10.018102,1791.2124346,2.6562286,11.3908
6702.01,179442778,PC,2.1874712,768.888544,6.154356,12.9757
6703.01,255560319,PC,49.6178223,88.0818849,14.0758927,8.4379
6704.01,342449055,PC,2.8607384,928.4712689,1.8963897,10.746
6704.02,342449055,PC,6.8275101,1559.4770206,3.2903924,10.746
6705.01,379717270,PC,8.4457042,3848.7179165,1.6861879,10.2734
6706.01,411731278,PC,7.5757446,3661.6696028,1.8699103,8.239
6707.01,287328202,PC,3.8347282,1112.3388758,3.4951108,12.3332
6708.01,269849065,PC,4.2290856,2605.430842,1.8943522,12.8676
595.01,287329267,FP,7.6434423,559.389608,3.1776881,9.9959
5950.01,258738667,PC,6.4389303,3079.0,2.879,10.447
5951.01,154762431,PC,3.1728284,360.0,1.777,8.80558
5952.01,287643871,PC,45.7138545,5549.0,4.283,9.53851
5953.01,27863043,PC,7.4924561,694.0,6.072,9.77894
5954.01,297153209,FP,10.7004569,2409.0,1.281,9.41809
5955.01,434116397,PC,0.5902387,518.7240999,1.045052,10.3224
5956.01,236785891,PC,0.9292334,45240.8420953,0.983716,15.762
5957.01,407653728,PC,3.2520192,9420.0,3.491,13.0091
5958.01,436764867,CP,2.3062125,400.6390117,1.5098977,9.5236
5959.01,199671901,KP,4.4571444,7175.6801891,6.1089711,10.9726
596.01,144956678,FP,1.5136003,745.1393405,2.4400695,9.9071
5960.01,188876052,KP,3.076329,9490.8396842,3.9016058,9.7758
5961.01,262689575,CP,1.617487,342.1852102,1.2809267,9.0392
5962.01,239541449,FP,1.9259663,3769.2430414,0.9572802,10.9417
5963.01,436478932,KP,4.3226229,11939.7472843,3.3699025,10.9644
5964.01,200606159,PC,3.9816471,15590.0,3.247,12.6108
6196.01,330944099,FP,3.6119975,11983.0,4.013,13.4836
6197.01,196261799,PC,3.7294859,7112.0,3.315,12.5814
6198.01,202514659,PC,3.6166109,7012.0,2.711,11.7644
6199.01,302201081,PC,3.8311803,1170.0,1.892,10.6336
620.01,296739893,CP,5.0988038,2925.8222433,1.0252822,10.2139
6200.01,44621795,PC,3.1923193,5162.0,1.548,11.6166
6201.01,455727012,PC,2.9172231,8434.0,1.243,12.12
6202.01,422223456,PC,2.8979408,4503.0,2.932,11.4737
6203.01,437756191,PC,25.1745344,2786.0,4.865,10.5505
6204.01,325410269,PC,4.0673088,10855.0,2.623,12.8643
6205.01,154351773,PC,3.9089363,7390.0,4.636,13.1349
6206.01,154576989,PC,13.1471808,7691.0,4.471,12.8939
6207.01,432422552,FP,9.7712443,34227.0,3.956,12.1134
6208.01,326475995,PC,5.2266285,6662.0,5.412,11.9806
6209.01,200606486,APC,0.747693,3434.0,0.684,12.9672
621.01,30828562,APC,3.1123343,6080.0,2.388,8.1327
6210.01,326116570,APC,7.8580085,4378.0,6.999,11.707
6211.01,25758870,PC,10.3473602,7695.0,2.365,12.6474
6212.01,173671381,PC,3.6444426,6276.0,3.296,13.0803
6458.01,2507547,PC,9.7831931,141.843959,3.5873151,6.4843
6459.01,238317637,PC,5.1494363,737.0,3.67,10.3823
646.01,238197709,FP,13.7252522,4945.7679342,3.1694157,10.3001
6460.01,93862917,PC,4.4044418,1649.0,2.581,11.601
6461.01,123133954,PC,4.064628,3114.0,1.304,11.139
6462.01,453009027,PC,3.8720204,7202.0,3.999,11.9319
6463.01,180989820,PC,9.8738839,4750.3264569,8.5309023,11.2854
6464.01,190643105,PC,9.6742544,2923.0,6.594,11.4749
6465.01,184801054,PC,0.6593681,20252.0,0.395,14.2084
6466.01,186707229,PC,1.4571902,6297.0,0.568,13.2722
6467.01,385157401,PC,11.9964056,4821.0,5.207,12.7401
6468.01,180931993,PC,12.1228168,6029.0,4.577,11.9468
6469.01,4598935,PC,24.7104662,3534.0,5.259,11.4274
647.01,92992033,PC,4.90765,810.0,3.753,10.2339
6470.01,12061971,PC,13.7333847,4741.0,1.641,12.1958
6471.01,410901394,PC,3.0758364,2346.0,2.567,13.1352
6472.01,140706833,PC,2.6808268,6451.0,4.872,13.2967
6473.01,410303247,PC,1.0992893,6570.0,1.044,13.4379
6474.01,189097100,PC,1.6069363,4618.0,2.609,12.198
6709.01,20375215,PC,2.3477336,182.9434914,1.8624266,8.8392
671.01,151681127,APC,10.1970284,16111.0,4.694,9.1379
6710.01,143842198,PC,2.067123,394.2384169,1.9263234,9.7367
6711.01,303364023,FP,10.3469945,1601.254739,2.5934713,13.0055
6712.01,192943720,PC,1.8987896,98.2034719,1.926234,7.71299
6713.01,428673146,PC,2.1538049,137.9312313,1.6541007,7.0276
6714.01,261264800,APC,4.7674421,4898.6218606,1.321031,14.5913
6715.01,460950389,PC,2.8618782,2450.9899956,2.2839791,11.649
6716.01,112115898,PC,4.718569,1734.8673947,1.1450785,11.7735
6717.01,34986694,PC,0.4707476,5060.8335277,0.5009607,13.9087
6718.01,405428714,PC,2.9532145,3110.6890792,3.9795532,11.529
6719.01,92449173,KP,2.1764875,8114.6829556,3.4403723,12.2247
672.01,151825527,CP,3.6335834,8668.4420489,1.8069693,11.6739
6720.01,281541545,KP,4.1470359,12886.987991,2.3197694,13.7813
6721.01,253917292,PC,4.6086414,27081.6985753,3.5610971,13.6732
5965.01,405788729,PC,4.2254748,1577.257225,4.8390265,11.7066
5966.01,404610583,FP,3.5382324,11908.9063561,2.4813694,10.5332
5967.01,369532319,PC,15.343585,1344.0,3.901,10.1233
5968.01,431810418,PC,753.822332,520.0,4.495,9.50492
5968.02,431810418,CP,9.2152386,695.0,3.487,9.50492
5969.01,91051152,KP,7.9192605,21472.3061237,2.5053873,11.5549
597.01,146208651,FP,6.5197781,1290.149756,2.63,9.796
5970.01,431701493,KP,3.0927432,28695.1012159,2.2215324,11.5189
5971.01,160432093,PC,3.9914012,8891.5603147,4.2579634,10.9852
5972.01,420814525,KP,3.5247546,17803.0,2.958,7.1274
5973.01,154353849,PC,3.1643744,3842.0,2.506,12.4884
5974.01,354173595,PC,1.7266943,1037.7815799,0.9051433,10.8221
5975.01,376847633,PC,373.0381637,2858.622379,15.3281375,10.6338
5976.01,348054109,FP,0.4378054,1497.9557524,1.4525646,12.0575
5977.01,12938488,APC,0.4317124,19454.2065361,0.8674164,14.6343
5978.01,266023807,PC,0.7394818,153.5319003,1.247372,9.64057
6213.01,430751891,PC,2.3921761,8040.0,2.792,12.3642
6214.01,314088020,PC,7.0346299,3746.0,2.565,12.4954
6215.01,431114892,PC,2.0323202,8896.0,2.786,13.0454
6216.01,428317266,PC,29.5406035,13065.0,3.382,12.0152
6217.01,375116172,PC,3.0365848,8184.0,3.089,13.1013
6218.01,202283090,PC,5.1570194,16586.0,2.42,11.702
6219.01,252585354,PC,2.4784193,3910.0,1.687,13.2805
622.01,83092282,CP,6.4025295,3814.9508945,3.9233956,8.5615
6220.01,325653071,PC,19.6518502,3125.0,2.525,10.7981
6221.01,456910600,PC,9.8326403,2767.0,4.827,12.5316
6222.01,150907983,PC,9.4321076,7052.0,3.852,12.0861
6223.01,288144647,CP,3.8553342,6624.0,1.895,12.6758
6224.01,66726479,PC,1.5554236,18149.0,1.916,13.2049
6225.01,352147273,APC,8.555965,12373.0,1.865,13.104
6226.01,176789447,PC,3.8857292,6215.0,1.928,13.0145
6227.01,53874375,PC,3.0922512,44139.0,1.936,14.3279
6228.01,66788350,PC,3.3338016,5100.0,2.902,11.6181
6229.01,437736517,PC,4.6071277,17579.0,2.266,12.9192
6475.01,132314633,PC,26.5988575,8222.0,9.151,12.3164
6476.01,380528770,PC,8.1168658,7595.0,5.237,12.5776
6477.01,11927677,PC,3.6860654,6642.0,3.531,12.6602
6478.01,332657786,PC,1462.2115148,34206.0,3.105,13.0041
6479.01,181208298,PC,2.9193825,11876.0,1.507,12.3987
648.01,78672342,FP,2.9795358,1196.5096163,4.2941018,10.1347
6480.01,81089255,PC,750.2395535,6713.0,3.922,11.8409
6481.01,101225566,PC,6.2796518,4992.0,2.26,12.5284
6482.01,189300053,PC,1483.5175058,11723.0,5.424,13.1388
6483.01,355449539,PC,5.2076995,4315.0,0.887,12.4716
6484.01,294394558,PC,18.2457829,3157.0,3.64,12.0808
6485.01,281286325,PC,17.0180939,13730.0,4.558,13.4446
6486.01,46772529,FP,10.6332248,36558.0,3.436,12.8397
6487.01,37754672,PC,14.13519,3863.0,2.273,12.1185
6488.01,238124845,PC,8.0850515,1521.0,2.817,11.8187
6489.01,423445163,PC,2.917882,1937.0,1.483,12.5035
649.01,35582553,PC,0.9370901,1560.0,1.312,10.0461
6490.01,118754987,PC,7.842208,7095.0,4.914,13.1011
6491.01,25212199,PC,7.5520411,3881.0,4.338,12.3727
6738.01,89417257,PC,3.6234424,3332.0,4.383,12.0409
6739.01,91324328,PC,4.6588405,12845.0,1.429,12.5258
674.01,158588995,CP,1.9771658,13877.3059698,1.1104153,11.8764
6740.01,174070181,PC,3.3505941,8973.0,3.542,13.3912
6741.01,263203229,FP,5.0061978,6438.0,3.521,12.792
6742.01,307232923,PC,8.1678648,4097.0,4.797,13.2152
6743.01,361403927,PC,5.9097139,8420.0,5.732,12.2914
6744.01,345056639,APC,0.8674623,5547.0,1.457,13.2719
6745.01,301247383,PC,5.2452852,5568.0,5.117,12.9951
6746.01,367900542,PC,1.20306,14933.0,1.028,13.2738
6747.01,343717397,APC,0.7025922,1740.0,0.733,12.2566
6748.01,421056636,PC,4.5932835,7417.0,3.185,13.1351
6749.01,426901646,PC,8.6121286,4777.0,4.155,12.0574
675.01,169226822,KP,4.1780637,11478.1087015,4.3176109,9.62959
6750.01,299876474,FP,2.5950111,28870.0,2.524,14.4757
6751.01,381448973,PC,2.9419791,14460.0,3.363,12.6752
6752.01,87422071,PC,11.3648628,4113.0,4.025,11.1938
6753.01,301248781,PC,1.0169814,7976.0,2.353,13.2441
6754.01,261192051,PC,1.9943104,10353.0,3.316,13.1408
5979.01,137151335,KP,4.7267257,283.0,3.014,9.4087
598.01,81429971,FP,3.0432421,1622.0,3.192,10.1356
5980.01,164652245,KP,79.5839995,585.7148869,4.3996752,9.0638
5981.01,120045750,PC,7.0142458,1867.3179922,2.6555328,11.8086
5982.01,299087490,KP,38.4787613,23972.8957136,5.1869737,13.2147
5983.01,356871098,PC,1.0271879,863.0912024,0.9889992,12.7949
5984.01,120692092,KP,3.4130781,4017.8298399,2.5787928,14.0672
5985.01,272782368,PC,2.4157665,242.4992335,2.1700812,10.6894
5986.01,158657354,KP,38.5835889,1501.2063653,11.0403765,11.7942
5987.01,284900292,PC,48.7130843,1609.7433089,4.8155571,12.3932
5988.01,377780790,KP,0.8374997,248.9571168,1.9640812,10.4767
5989.01,154437244,PC,6.8669657,796.5543815,3.8812584,11.0644
599.01,145982812,FP,0.82967,4744.55,1.755,10.4708
5990.01,29385858,PC,700.9622566,456.5698347,6.2194192,9.43301
5991.01,230064711,PC,7.0893162,127.6112321,3.3795425,8.77912
5992.01,159054620,KP,8.0276821,11271.5765812,2.9574257,15.0277
623.01,101395259,FP,7.574675,6208.0649305,3.0847866,10.1913
6230.01,252610172,PC,4.3518774,6682.0,3.284,12.6848
6231.01,406783172,PC,24.8366994,10898.0,4.793,12.735
6232.01,202087931,PC,9.8538051,14768.0,4.048,13.0754
6233.01,431660224,PC,3.7069545,7766.0,2.38,11.1585
6234.01,202282233,PC,6.6283182,5378.0,4.344,12.8741
6235.01,150902766,APC,7.8209807,15145.0,1.183,12.8967
6236.01,405532603,APC,3.3045926,8637.0,1.322,11.4715
6237.01,430431091,PC,4.1533998,6043.0,3.857,13.2587
6238.01,125489084,PC,5.7419523,7850.0,2.08,13.3351
6239.01,319294834,PC,6.0749198,6328.0,2.728,12.483
624.01,399870368,CP,2.7443216,10071.0,3.42,9.3371
6240.01,249776059,PC,1.1797412,7122.0,3.391,12.9847
6241.01,15654898,PC,3.7812464,2521.0,2.13,12.0227
6242.01,437740083,FP,5.6020298,6146.0,1.893,11.0999
6243.01,276250096,PC,3.5653226,902.0,1.7,10.7106
6244.01,431216437,APC,2.5553078,12879.0,2.332,10.5508
6245.01,446157122,PC,3.2149937,1438.82974,0.7022664,12.133
6492.01,47143972,PC,731.8319734,46413.0,2.747,14.2991
6493.01,445522339,APC,3.0667073,3497.0,1.486,12.4802
6494.01,438376091,PC,3.5327892,4509.0,2.093,12.2137
6495.01,36808091,PC,3.7781679,5635.0,4.416,12.973
6496.01,374741750,PC,0.9942215,7298.0,2.554,13.1263
6497.01,303426966,PC,2.1439841,13382.0,1.793,13.1074
6498.01,371596277,PC,22.5095172,26199.0,4.509,13.0303
6499.01,45881495,PC,9.0441543,25006.0,1.196,14.6334
650.01,349373192,FP,0.76983,160.192,2.774,9.7839
6500.01,72806004,PC,4.4156851,3166.0,1.091,11.9865
6501.01,35973654,PC,4.4581792,5095.0,3.561,12.834
6502.01,75580659,PC,5.0711656,5325.0,6.032,12.9544
6503.01,358838026,PC,3.9535041,6493.0,3.684,12.9435
6504.01,177257073,PC,6.8328077,4454.0,5.311,13.2222
6505.01,376800517,PC,15.8951857,40821.0,3.711,14.1994
6506.01,469008497,PC,13.0795854,12002.0,4.918,13.0582
6507.01,54145416,PC,5.267165,5142.0,1.743,12.9845
6508.01,142277868,CP,18.9926881,223710.0,1.506,14.3088
6509.01,358164738,PC,5.6022404,4365.0,6.027,12.0622
6772.01,469813927,PC,3.940549,3700.0,3.78,12.3102
6773.01,355138852,PC,3.272056,7709.0,3.3,13.136
6774.01,79660831,PC,4.5833112,4988.0,2.275,12.5912
6775.01,100263315,APC,0.5940157,4094.0,1.035,13.4902
6776.01,344552721,PC,1.9519092,31413.0,1.056,14.1345
6777.01,32443914,PC,3.3615701,6992.0,4.502,11.9656
6778.01,421990278,PC,3.9718475,5487.0,1.09,12.7488
6779.01,467931774,PC,1.3504913,9835.0,1.586,12.7308
678.01,294395926,PC,11.3298459,821.128478,4.4750093,10.9162
6780.01,419738713,PC,13.4570562,11282.0,4.073,13.0863
6781.01,411955845,PC,2.7638775,7451.0,1.559,13.0965
6782.01,254209017,PC,1.7278017,17825.0,2.771,13.2542
6783.01,291013124,FP,6.0368213,108361.0,1.984,14.5979
6784.01,253857911,PC,3.1539313,14772.0,4.023,13.1622
6785.01,219978369,PC,16.2501976,2930.0,7.487,11.9955
6786.01,253788533,PC,2.7142282,23021.0,3.44,13.3278
6787.01,201658484,PC,2.9588636,8605.0,3.438,11.8193
6788.01,319568755,PC,24.092358,14405.0,3.907,13.1004
6789.01,90935909,PC,4.2221583,7098.0,2.921,12.6442
5993.01,27534138,KP,28.5410557,1280.5898265,10.6581231,11.2877
5994.01,63283780,KP,7.9726644,3581.1493923,2.5395549,13.0702
5995.01,352011875,KP,6.2468813,516.1273113,9.0400019,11.7971
5996.01,293880523,PC,109.0502946,3819.91221,7.3613043,10.2403
5997.01,39516274,CP,5.655018,356.813695,1.7818546,9.2576
5998.01,370907864,PC,9.3380252,1771.5047592,2.8573107,11.5118
5999.01,120317234,KP,6.8834027,771.0,1.92,10.4081
600.01,134396419,FP,4.3652608,1362.0,1.976,10.2681
6000.01,259233660,CP,0.4489589,674.8277016,0.7637477,13.1638
6001.01,139104940,KP,3.003901,10093.1737819,3.8750477,14.5855
6002.01,102734241,CP,10.9048392,4030.7760993,1.5530648,12.6396
6003.01,121731834,KP,5.8599392,289.4487735,4.0842391,10.593
6004.01,48353358,KP,9.8786838,1728.7453821,1.8852042,12.1042
6005.01,123357864,KP,16.1455898,919.5336262,4.5431711,10.8515
6006.01,123309556,KP,2.5080815,1292.7152523,1.1724398,12.1773
6007.01,279922257,PC,949.7905952,3029.1585847,4.2222063,11.8288
6246.01,388505345,PC,6.7786403,1146.3653641,1.8963943,7.7085
6247.01,418301643,PC,24.091624,521.0,4.759,9.62005
6248.01,154304816,PC,3.8528933,8132.2415444,2.2041562,12.7841
6249.01,456260074,PC,1092.002299,1689.5997267,5.604929,9.0449
6249.02,456260074,PC,15.5739143,779.9193691,2.4269262,9.0449
625.01,379929661,CP,4.786958,8390.0,4.936,9.6129
6250.01,455737331,PC,1076.6094165,626.6130191,6.7803831,9.51477
6251.01,52005579,CP,12.7614706,1215.2495801,1.0497761,10.1769
6252.01,307734818,PC,2.1077445,33127.0,1.779,13.7607
6253.01,287152495,PC,9.2347348,354.6074958,0.9619972,11.6807
6254.01,432758245,PC,1.5361137,543.7767369,1.1370302,10.4564
6255.01,261135533,CP,0.2381823,493.9763957,0.4763536,10.4458
6256.01,373017793,PC,7.9945503,484.9830269,4.7645363,10.2602
6257.01,237204346,PC,6.5452014,356.0286213,4.1931124,10.6713
6258.01,435878153,PC,0.5570869,995.2172114,0.9916975,12.0398
6259.01,294497466,PC,3.2376482,698.0,2.038,10.2279
651.01,72090501,PC,1.0697877,3990.0,1.979,9.0185
6510.01,361154154,PC,37.98781,7798.0,4.309,12.2544
6511.01,303030789,PC,21.5962209,9216.0,4.511,12.7121
6512.01,72542944,PC,2.5011016,4644.0,1.366,13.1724
6513.01,29780740,PC,2.4214702,20899.0,1.395,14.8212
6514.01,439618305,PC,4.0236761,6216.0,5.03,11.9783
6515.01,101961987,PC,3.8149372,6444.0,4.366,13.3092
6516.01,446524637,PC,18.8392786,6440.0,4.036,13.1386
6517.01,5709314,PC,2.6185048,3523.0,1.096,12.3947
6518.01,139314045,PC,2.1978944,3203.0,1.619,12.5611
6519.01,188128470,PC,10.397262,3143.0,9.97,11.5447
652.01,22221375,CP,3.9846589,445.0,2.146,7.3635
6520.01,382688257,PC,7.6016156,2969.0,2.116,12.7216
6521.01,382187347,PC,3.581253,41493.0,1.874,14.9198
6522.01,71674064,PC,4.7383479,1843.0,1.935,11.3742
6523.01,167720788,PC,7.809463,11239.0,4.133,12.8603
6524.01,356921678,PC,0.8515408,51018.0,0.648,14.478
6525.01,147193084,PC,731.3548427,19143.0,3.429,13.463
6526.01,57694405,PC,14.7478214,6095.0,2.355,12.6161
6722.01,220524097,PC,3.9613114,15578.1136873,2.5843337,13.6157
6723.01,370010846,PC,3.4852362,14856.89726,3.0318968,13.8564
6724.01,261646133,PC,42.8614655,908.0,7.635,10.4225
6725.01,150320610,PC,2.1476974,136.0,1.669,9.755
6726.01,121490076,KP,14.2456603,1084.0,3.403,8.9988
6727.01,47482754,PC,15.3471548,946.0,3.703,10.1172
6728.01,287326127,PC,24.9636551,461.0,5.444,9.608
6729.01,426032475,CP,7.837455,148.628183,4.7082106,9.0529
6729.02,426032475,CP,3.8638303,109.0,2.992,9.0529
673.01,151959065,FP,10.5426254,16789.8076116,6.2145259,11.955
6730.01,382521776,PC,4.3934744,11541.7099365,3.0547623,12.8021
6731.01,9032367,PC,1.6322295,19841.2388549,1.7533945,14.3604
6732.01,349891396,PC,1.3003394,38320.0,1.341,14.2548
6733.01,221566773,PC,3.2529571,6055.0,4.813,12.8086
6734.01,412666676,PC,4.6068687,15647.0,3.286,13.0013
6735.01,76899250,PC,3.3357969,5024.0,1.39,12.533
6736.01,324150445,PC,2.9879341,14088.0,2.501,13.3991
6737.01,171886633,PC,2.8475582,12974.0,2.979,13.0057
6008.01,286201103,CP,0.8573727,2045.7091221,0.5478598,12.2936
6009.01,128558444,PC,1.5500607,2550.0,1.225,10.4403
601.01,141363913,PC,3.477756,1177.0,1.999,9.9223
6010.01,199949052,PC,0.5868508,1005.0,0.494,10.4963
6011.01,414019147,PC,2.3179699,12009.0,1.496,12.598
6012.01,432280671,PC,16.2117629,3669.0022778,5.3495584,10.5418
6013.01,53728859,KP,3.2573898,13770.1931364,3.1400826,12.3396
6014.01,57984377,KP,2.5199146,12429.3724559,3.7121363,11.1355
6015.01,288246496,KP,4.304829,7531.4221197,3.5311266,11.5639
6016.01,327369524,CP,4.0236805,8925.0,3.71,11.3864
6017.01,291751373,KP,2.5079177,6997.4591212,3.0652269,12.355
6018.01,67881560,PC,2.3322524,571.3138896,1.4407556,10.3337
6019.01,125520907,CP,14.5478626,3222.8170072,5.4881637,10.0651
602.01,175176327,APC,11.0998745,4867.1256349,2.1987363,10.0465
6020.01,334597566,FP,9.1099373,8817.0,9.51,12.0471
6021.01,291685334,KP,2.0319883,12273.0056923,3.4937463,12.489
626.01,65412605,CP,4.4010465,6903.0,4.757,9.50712
6260.01,60984804,PC,2.3898191,210.0,2.766,7.11719
6261.01,181748381,PC,5.4920894,3962.0,2.934,10.4441
6262.01,180575165,PC,1.4945947,280.0,2.71,9.9551
6263.01,293547742,PC,3.0178746,193.0,2.679,9.1348
6264.01,291471222,PC,5.6928845,291.0,4.261,10.1972
6265.01,344927749,PC,5.7935723,133.0,3.395,7.4829
6265.02,344927749,PC,4.1793325,102.0,3.012,7.4829
6266.01,193023697,PC,2.7895524,262.0,1.969,8.5953
6267.01,296737508,PC,733.9910938,1675.0,4.719,9.19706
6268.01,434477274,PC,2.8959153,7042.9351957,1.7993552,12.2659
6269.01,168281028,KP,4.3744614,3270.9828556,3.0484494,11.8134
627.01,365781372,FP,1.13889,5368.19,2.154,10.0267
6270.01,192976435,PC,4.2275389,8677.549547,4.4305716,12.8122
6271.01,134528212,PC,1.604607,16676.380058,2.2761218,13.7025
6272.01,33303538,APC,2.5141406,3574.8850313,2.5419014,10.7852
6273.01,142211778,KP,3.052057,9403.0926011,3.4817792,13.9069
6527.01,437774844,PC,5.389491,49190.0,2.0,14.7698
6528.01,363417404,PC,1484.1934287,13469.0,3.05,13.2466
6529.01,54238138,PC,7.4476397,1021.0,2.266,10.8273
653.01,33153766,FP,0.68831,3983.64,1.365,8.5234
6530.01,49066806,PC,5.332805,1795.0,2.142,11.213
6531.01,297853363,PC,4.416076,7620.0,4.677,13.2786
6532.01,72542131,PC,5.4736892,14590.0,2.699,12.4974
6533.01,464544047,PC,2.8656356,5530.0,3.523,13.2022
6534.01,459604398,PC,3.4542618,5344.0,3.93,12.4454
6535.01,46104747,PC,20.8359197,2451.0,3.321,11.7347
6536.01,280647591,PC,4.2380294,4699.0,3.699,13.4696
6537.01,80384677,PC,3.6477926,1747.0,2.667,12.131
6538.01,306248357,PC,5.7180689,2864.0,5.215,11.9319
6539.01,310497279,PC,2.3645949,5263.0,2.442,13.2487
654.01,35009898,CP,1.5275639,2892.4227936,1.3727055,12.2255
6540.01,142171554,PC,4.5127799,7453.0,3.11,13.4905
6541.01,457337619,PC,5.8991458,275.0,4.815,9.1069
6542.01,255851356,FP,2.4018591,655.0,3.471,9.9747
6543.01,390151888,PC,15.5523703,723.0,5.554,9.2889
6755.01,381468938,PC,5.7585993,13636.0,2.737,13.0852
6756.01,314193010,PC,4.9354155,12554.0,4.672,13.4559
6757.01,89659632,PC,3.5193417,6522.0,5.025,13.3397
6758.01,383313006,PC,12.6136992,2172.0,2.533,11.7958
6759.01,57011946,PC,1.318678,11891.0,1.758,13.2337
676.01,219187649,PC,2.1503007,9260.8973045,1.9774726,13.4629
6760.01,361467239,PC,5.2820398,12532.0,2.762,13.1542
6761.01,234540647,PC,4.3430254,11142.0,4.425,12.3837
6762.01,360224870,PC,5.1778752,29835.0,1.718,14.5665
6763.01,96829917,PC,2.4519381,11446.0,2.834,13.2539
6764.01,148523092,FP,2.8562935,22525.0,3.785,12.9573
6765.01,420369105,PC,2.7967251,5786.0,1.626,12.1662
6766.01,311856080,PC,2.2104947,7893.0,2.925,12.6801
6767.01,90156362,PC,2.3519086,16808.0,1.43,12.8821
6768.01,365952328,FP,4.8741147,4613.0,2.049,12.4154
6769.01,304430662,PC,5.6858804,10855.0,4.185,12.976
677.01,280206394,CP,11.2365977,9414.0,2.292,9.271401
6770.01,375297961,PC,14.6768874,15152.0,2.617,13.33
6771.01,61621800,PC,6.8552506,4540.0,3.525,11.5315
6022.01,455947620,PC,1.9281092,107974.2359543,1.41745,13.7057
6022.02,455947620,PC,1.5454492,4280.7714918,2.7821528,13.7057
6023.01,341444900,FP,9.0330414,227.0,5.965,8.629
6024.01,56231866,FP,2.7218347,560.0,1.663,9.3185
6025.01,439942982,PC,1.0222806,1280.0,2.071,9.645701
6026.01,396234347,PC,1.2757761,230.0,1.313,8.9553
6027.01,368678195,PC,2.8406462,57872.8336091,2.7440612,13.8504
6028.01,250707118,KP,5.7238582,8682.2466029,3.8545141,11.2791
6029.01,419523962,CP,5.7998626,2387.0,5.684,11.6593
603.01,262746281,CP,16.1798603,2249.0,6.495,9.74179
6030.01,245392284,KP,1.7442831,7445.2479047,2.1928372,11.9004
6031.01,292152376,KP,2.1499907,25640.8126075,3.1026968,10.7696
6032.01,285466025,PC,7.3723906,347.7876879,7.8217079,7.98475
6033.01,67711670,PC,18.0401494,5645.2975375,6.0379226,10.6492
6034.01,388076422,CP,2.5761796,49904.2528728,1.5879379,13.2297
6035.01,323194443,PC,3.9074188,15476.6369436,2.5052202,13.859
6036.01,129756316,APC,6.5234669,7191.0,5.814,9.74061
6274.01,465933345,PC,1.1109316,2227.4346262,1.9803068,10.4819
6275.01,49043968,CP,6.2462252,13270.5292659,4.2508361,11.6337
6276.01,397362481,CP,6.2031608,210.8404349,1.5987379,6.7213
6276.02,397362481,CP,4.466068,210.7032691,1.6847832,6.7213
6276.03,397362481,PC,7.8708661,190.7947353,1.6355898,6.7213
6277.01,462206806,PC,3.3733921,16371.2496269,2.8544595,11.9905
6278.01,157230659,KP,7.5337657,4697.1753086,5.5843836,11.6634
6279.01,449951606,FP,5.1681189,1759.0,3.736,10.3879
628.01,281408474,CP,3.4076,7500.0,3.69,9.65646
6280.01,370877263,FP,15.9865412,1451.0,1.636,9.927
6281.01,152569268,PC,1.0542548,423.0,1.271,9.9542
6282.01,370009806,PC,12.4751631,236.0,3.937,9.1848
6283.01,361218772,PC,51.6708185,4697.0,3.449,9.3478
6284.01,286763141,PC,3.4475935,320.0,1.731,9.72334
6285.01,308778563,PC,6.8581311,2790.0,5.186,10.6006
6286.01,354285962,FP,5.6289226,1850.0,9.272,12.4721
6287.01,22712134,PC,1.640758,2129.0,1.326,12.6502
6544.01,161738745,PC,3.6249482,748.0,2.294,9.6235
6545.01,72504017,PC,5.6177467,670.0,2.307,9.74
6546.01,9385460,KP,3.3779614,7198.7471125,4.2709189,12.5329
6547.01,915110182,KP,1.4328255,51089.4348604,2.0718518,14.7028
6548.01,302212110,PC,8.5473,2857.1912379,3.5451032,12.4715
6549.01,290777444,PC,6.1079575,14668.3220679,5.1261164,12.2311
655.01,35516889,KP,0.7888389,22614.8958863,1.6416539,11.6044
6550.01,133850380,PC,6.9153868,5765.0,6.156,10.8597
6551.01,166527623,KP,6.9593972,4826.8656037,4.8553269,9.1871
6552.01,220460087,PC,3.2706204,7558.7070106,4.0101943,12.4338
6553.01,324422520,PC,3.6342494,380.0,3.683,9.5605
6554.01,94483093,PC,2.6141047,695.0,2.639,10.37
6555.01,259606227,PC,10.1298877,634.0,4.796,9.4738
6556.01,179739873,PC,12.9623248,2427.0,3.564,10.1115
6557.01,141074654,PC,12.5383316,846.0,3.084,9.8987
6558.01,420529106,PC,9.5327064,1177.0,2.55,10.3012
6559.01,313671132,PC,733.3796728,2996.0,4.101,10.0778
5787.01,446616059,FP,3.1072375,737.0,4.485,9.77017
5788.01,42883782,CP,16.2134274,530.0,3.551,9.6069
5788.02,42883782,CP,6.3346129,330.0,3.341,9.6069
5789.01,87216634,CP,12.9256051,790.0,1.691,6.5715
579.01,238061845,PC,1.6843068,912.0,1.567,9.6668
5790.01,187333348,APC,2.1981511,3880.0,1.747,8.73331
5791.01,110936761,FP,2.2906144,1390.0,1.949,10.4519
5792.01,95423778,APC,0.7036041,3360.0,0.81,10.492
5793.01,398895470,KP,2.6940348,11715.9037129,4.1073512,10.5523
5794.01,273874849,KP,1.4857148,21303.5958289,2.3275852,13.6414
5795.01,151724385,CP,6.1406207,2469.4322474,3.3672245,10.1872
5796.01,391958006,KP,1.7430143,32205.6970804,2.2872101,11.6659
5797.01,374530847,KP,2.152163,16986.633013,1.7531966,10.9984
5798.01,305243225,KP,1.2129139,14617.2679583,2.1862785,11.734
5799.01,328081248,CP,4.1645448,2612.2397484,1.5725422,11.1798
580.01,81419525,PC,1.5498373,3594.0,2.729,9.5518
5800.01,151759246,CP,2.6282606,731.2082684,1.2408211,8.6133
6037.01,352924930,FP,4.0158188,560.0,6.257,10.3755
6038.01,194736418,CP,5.826731,1068.0,4.571,9.3229
6039.01,272050287,FP,8.503614,1590.0,1.203,10.244
604.01,145027461,FP,1.07242,632.189,1.996,10.4029
6040.01,250839071,PC,3.4926045,7071.0,4.379,9.8781
6041.01,192415680,PC,1094.062167,2352.0,3.534,9.2063
6042.01,374919956,FP,7.7966237,2000.0,1.461,10.0201
6043.01,453064665,KP,2.6452121,10456.8418233,3.0559836,11.8889
6044.01,356916207,PC,2.2538642,383.7274369,1.5107491,9.97967
6045.01,467649533,PC,7.4826325,2569.9421713,6.5647136,10.5547
6046.01,66296167,PC,3.413702,15800.4739836,2.9160091,13.7471
6047.01,115451738,PC,2.0814345,16749.4607119,6.7307424,14.1279
6048.01,280024247,PC,5.4928246,1006.1582134,3.4008546,10.3971
6049.01,353459965,KP,10.8614911,11069.1320347,5.5511467,11.0878
605.01,181304295,PC,3.3840629,6449.0,1.578,10.4349
6050.01,339207264,PC,5.4823596,6502.5514222,4.955098,11.2873
6051.01,353960022,PC,3.9200919,22430.0040626,4.1169544,13.4593
6288.01,240714633,PC,18.0370154,8355.0,2.356,12.383
6289.01,292469572,PC,3.7077543,9913.0,2.662,13.2644
629.01,293853437,CP,8.7179665,2420.0,6.143,8.69437
6290.01,256576519,PC,17.6037996,882.0,3.574,10.6382
6291.01,26390980,PC,5.2556421,4390.0,3.434,13.0735
6292.01,238751619,PC,0.8236066,1090.0,1.71,11.627
6293.01,34977731,PC,13.3673993,10278.0,3.63,13.1745
6293.02,34977731,PC,405.0756576,15337.0,5.339,13.1745
6294.01,434813314,PC,9.288704,14044.0,3.019,12.4533
6295.01,456171328,PC,1106.220834,6252.0,3.759,11.4381
6296.01,373894336,PC,4.2234273,7945.0,4.384,12.7859
6297.01,369907772,PC,4.2771464,6104.0,3.867,12.0782
6298.01,285233023,FP,2.8577028,2695.0,2.264,12.4487
6299.01,285505979,PC,4.7089027,2426.0,0.942,10.9907
630.01,123898871,APC,4.9091704,13100.0,4.042,9.84786
6300.01,271747067,PC,2.8976822,7602.0,1.973,13.1987
6301.01,326809267,PC,7.1436336,5205.0,5.668,12.8355
6302.01,177712122,PC,2.8465714,16671.0,1.419,13.2402
6303.01,186810676,PC,9.4852479,32417.0,2.713,12.9386
656.01,36734222,KP,0.8134733,25866.83474,1.262964,11.1184
6560.01,47667,APC,17.2051468,1975.0,1.464,9.17446
6561.01,3728481,PC,3.1739329,1590.0,1.192,10.1676
6562.01,368713985,PC,4.0947485,5981.4894009,5.1910541,11.7584
6563.01,210441429,PC,2.4053036,11063.0791519,3.3515613,11.5744
6564.01,453668803,PC,3.9854465,8800.6144816,4.5181131,9.5687
6565.01,392914193,PC,0.8778729,1704.0444879,1.008516,11.5643
6566.01,121560868,PC,7.5837846,3059.0689425,2.0598226,12.0824
6567.01,366316586,PC,4.9486116,6987.092161,1.3297363,11.7803
6568.01,253126207,PC,17.4368079,15418.7232538,4.3786259,11.1102
6569.01,22560356,PC,5.9337178,36149.0,1.089,14.9074
657.01,48103627,CP,4.5696698,9861.079392,3.9536171,12.4399
6570.01,73310180,PC,10.9799801,4626.0,3.39,12.4071
6571.01,243550555,PC,11.5379235,1405.0,3.661,10.9535
6572.01,124617560,PC,3.6462287,6153.0,3.662,13.2336
6573.01,419503191,PC,8.1618477,4647.0,2.17,12.5489
6574.01,464542805,PC,13.0953097,3028.0,1.925,12.0407
5801.01,243921117,KP,3.067816,34536.7848173,2.1103325,10.3622
5802.01,399402994,KP,2.7161298,14527.4470152,3.5299033,11.8886
5803.01,466382581,CP,5.3829728,1078.0,1.382,9.937
5804.01,303055194,FP,1.7615631,1050.0,1.171,9.78095
5805.01,378390325,PC,20.5676815,1112.0,5.523,9.30608
5806.01,283621618,CP,3.1856488,4750.0,1.304,8.2942
5807.01,188646744,CP,14.2423724,225.0,4.046,6.8806
5808.01,459735346,PC,7.1701672,731.0,2.859,8.9415
5809.01,283471501,PC,9.2103194,853.0,2.341,9.3206
581.01,180987952,FP,1.38917,787.5039579,1.5031546,9.5287
5810.01,379824738,PC,5.6857105,6330.0,6.105,10.291
5811.01,331484419,FP,6.25656,875.0,3.509,7.74689
5812.01,388909695,KP,10.1466193,8161.0,5.519,10.4106
5812.02,388909695,PC,,5553.0,5.935,10.4106
5813.01,92439980,PC,27.0525472,953.0,3.862,9.77358
5814.01,427041513,PC,6.254395,1174.0,2.466,10.4008
5815.01,375942197,KP,3.8993831,6492.4843324,5.1857347,11.5352
5816.01,194076601,PC,20.4282929,7660.0,7.501,11.2546
6052.01,9443323,KP,4.01357,8561.4394866,4.1381202,12.1957
6053.01,66091052,APC,2.2118281,2215.4831814,2.5738654,9.89943
6054.01,392681545,CP,7.4903271,225.5988767,5.800713,7.4961
6054.02,392681545,CP,12.5759948,284.6855263,6.529918,7.4961
6055.01,355640518,PC,0.8497194,69488.1410322,1.3521675,14.4907
6056.01,102808276,PC,3.1420495,18253.753966,2.6691319,14.6332
6057.01,104734832,PC,10.327438,1239.1563644,8.8021114,9.51295
6058.01,144006874,PC,2.3673691,592.0,1.474,9.5951
6059.01,321578632,PC,6.3667329,778.0,2.628,10.2596
606.01,122262940,FP,2.0034063,3372.0,2.661,10.2688
6060.01,428867906,PC,3.3906311,720.0,2.344,9.86105
6061.01,239823606,PC,8.1309123,313.0,3.313,8.895701
6062.01,122629761,PC,8.2125318,898.0,3.203,9.47632
6063.01,67031480,PC,2.1142179,949.0,1.655,10.4246
6064.01,428767018,PC,15.3058859,6498.0,3.463,10.409
6065.01,172033454,FP,8.2065998,417.0,3.785,9.4526
6066.01,219697927,PC,1.8330979,168.0,2.742,8.85042
6304.01,186989177,PC,3.645356,4942.0,4.787,12.9385
6305.01,320505267,PC,6.6245939,3526.0,2.751,12.8245
6306.01,445370101,PC,3.662222,4017.0,4.253,12.3693
6307.01,202869426,PC,2.4589458,31394.0,1.553,14.6617
6308.01,301414902,PC,1.7555108,13415.0,1.355,13.3683
6309.01,412887082,PC,28.8005547,7292.0,3.773,12.6134
631.01,97158538,FP,2.5950747,665.2502774,0.7921274,8.783341
6310.01,353893493,CP,3.3528597,1762.0,2.08,11.8443
6311.01,52260140,PC,6.2808216,7787.0,3.366,12.9697
6312.01,470724594,PC,16.8498547,3933.0,3.778,12.1827
6313.01,192487723,PC,4.9570983,4860.0,6.687,13.4257
6314.01,272218608,PC,3.1777383,8754.0,3.922,13.3085
6315.01,354742440,PC,4.4532909,2866.0,6.572,12.0193
6316.01,444753130,PC,3.0057526,12169.0,3.594,12.6927
6317.01,85281192,PC,4.244335,18385.0,1.969,14.1332
6318.01,292852583,PC,5.8310296,2116.0,0.682,10.8357
6319.01,12980264,PC,3.2964006,5999.0,3.959,11.5706
632.01,349790953,FP,1.5521101,5430.0,2.699,10.3357
6320.01,196474344,PC,3.6360128,14704.0,4.088,13.022
6575.01,272251987,PC,3.3047459,1724.0,3.735,12.351
6576.01,304363215,PC,19.3111424,18500.0,3.92,13.0093
6577.01,144321743,PC,729.9391752,10806.0,1.515,12.0263
6578.01,144077896,PC,2.7543175,1368.0,1.471,12.0438
6579.01,308010949,PC,3.4732477,6428.0,2.541,13.3562
658.01,48476907,FP,4.7192734,1557.0,1.301,9.5359
6580.01,170627138,PC,10.9600975,4111.0,6.171,11.7921
6581.01,94012094,PC,4.9156665,2218.0,2.561,11.4291
6582.01,438629686,PC,19.6500878,2605.0,2.277,11.0608
6583.01,377771417,PC,7.447404,6142.0,1.479,11.3329
6584.01,374155286,PC,3.6850751,4456.0,1.859,12.3896
6585.01,162729620,FP,13.4364908,4735.0,5.375,12.3613
6586.01,363259409,PC,5.0953453,5956.0,5.025,12.1162
6587.01,131312528,PC,17.0116833,9188.0,3.129,12.2657
6588.01,289389326,PC,1.7988855,38230.0,1.415,14.9692
6589.01,91794828,PC,3.0589547,12864.0,3.696,13.3831
659.01,48476908,PC,4.7192771,2856.0,1.594,10.245
6590.01,72123144,PC,7.0911739,8187.0,5.635,13.4995
6591.01,463868678,PC,5.7881587,1372.0,6.879,11.983
5817.01,418604868,CP,15.6146058,467.1437307,5.8168055,8.0581
5818.01,283419843,KP,2.6052674,11139.9639243,4.24521,12.5375
5819.01,330218897,PC,3.4200073,746.044174,1.9339167,10.828
582.01,287474726,FP,3.7442007,803.2627817,3.5004762,9.3994
5820.01,459730973,KP,3.9156848,6668.8007799,3.584776,11.07
5821.01,354619337,KP,2.1425095,7961.0,5.163,8.08821
5822.01,466390120,KP,1.5487245,9869.0318921,2.8258531,12.0671
5823.01,248853232,KP,3.8681492,17259.9935362,2.1610195,8.8628
5824.01,272366748,KP,3.8555897,16813.9237374,3.2379644,14.8018
5825.01,269243313,PC,9.7348295,1017.0,4.325,9.95806
5826.01,48253329,PC,2.8140207,7400.0,3.191,11.7134
5827.01,369062542,PC,5.0493049,7850.0,3.885,12.9192
5828.01,351077390,PC,1.1951761,2970.0,2.4,12.2148
5829.01,363029616,PC,1.3502386,1650.0,2.178,11.3492
583.01,131743355,PC,6.5604227,4049.0,1.028,9.3761
5830.01,224418572,FP,2.8465928,2110.0,2.664,11.8512
5831.01,308504559,PC,3.7846792,5870.0,2.51,10.9653
6067.01,198458010,PC,87.2129046,659.0,2.986,9.76711
6068.01,400093502,PC,10.66839,460.0,2.717,9.67596
6069.01,259099556,FA,1.6290926,411.7525108,4.6315189,8.92071
607.01,153651591,FP,2.1456324,1438.6746953,2.1680096,10.5259
6070.01,29106627,PC,9.5128916,1191.6067436,3.1254171,11.1878
6071.01,440624788,PC,5.3664457,8748.7436413,2.2975955,12.9311
6072.01,147797743,KP,3.691559,16316.0231993,2.720758,10.7447
6073.01,271424111,KP,3.2687063,9692.5415934,3.6398573,14.3999
6074.01,99896567,PC,12.1324506,171.2764262,1.5751733,6.8456
6075.01,424388628,PC,832.9236254,594.2376069,8.6876381,9.4287
6076.01,308301091,PC,720.5742399,1456.9031847,6.6602076,9.82897
6077.01,196066560,PC,2.2111104,1956.0116833,2.1060279,12.3475
6078.01,119973835,PC,9.6703611,684.0,2.037,9.1641
6078.02,119973835,PC,25.0882806,705.0,3.769,9.1641
6079.01,272670038,PC,104.2892798,2021.5793679,5.8731029,10.5083
608.01,186547153,APC,1.1908287,2040.0,1.834,10.1978
6321.01,301991463,PC,2.9086778,10323.0,2.887,13.0057
6322.01,270132709,PC,4.2807899,5943.0,3.9,12.8545
6323.01,63586213,PC,4.071096,5872.0,2.988,12.6167
6324.01,372207328,CP,0.2792211,779.0,0.409,10.97
6325.01,200775844,PC,3.7307609,12648.0,1.587,13.3415
6326.01,307201632,PC,2.3556749,9377.0,3.351,12.1684
6327.01,196973090,PC,10.4612769,9238.0,3.208,12.6978
6328.01,249884767,PC,16.672227,3851.0,2.703,11.0888
6329.01,283845022,PC,15.2334037,3624.0,1.947,12.6447
633.01,348755723,FP,4.503645,12525.725237,1.973292,13.9036
6330.01,308120029,PC,6.8498533,33133.0,1.525,13.7853
6331.01,415875608,PC,5.4454541,5731.0,3.41,13.228
6332.01,101133275,PC,1.6630135,5964.0,3.133,13.3773
6333.01,5724439,PC,2.7205913,905.0,2.321,11.5517
6334.01,63718617,PC,3.8363055,3861.0,7.175,11.4808
6335.01,407156755,PC,4.7924038,2562.0,6.012,12.0066
6336.01,327126871,PC,39.810528,3102.0,3.576,11.5821
6337.01,381591826,PC,6.8793455,16480.0,1.299,13.4209
6338.01,186715217,APC,1.4491171,23384.0,1.051,14.2955
6592.01,398945279,PC,9.5098954,6596.0,1.448,12.8316
6593.01,241297273,PC,8.4325164,8796.0,1.731,12.925
6594.01,49411575,PC,2.67581,9116.0,2.288,12.9822
6595.01,361344753,PC,7.5138657,1104.0,2.121,10.9743
6596.01,306249066,PC,26.1622122,6329.0,3.631,10.5353
6597.01,131195882,PC,0.9097915,3698.0,1.044,12.9505
6598.01,22452837,PC,10.8089555,6392.0,2.71,12.9661
6599.01,166145361,PC,2.2059167,2594.7383621,0.9395169,11.9686
660.01,53189332,KP,9.2897006,6241.2619064,5.3589155,10.99
6600.01,325647810,PC,3.8030207,2103.0,2.537,11.0686
6601.01,167573692,PC,32.5444769,101822.0,1.661,14.6483
6602.01,392027961,PC,1.5840089,1137.0,1.134,12.0139
6603.01,90048949,PC,5.015806,4470.0,5.154,12.9595
6604.01,56884,PC,3.917482,8397.0,2.619,12.1967
6605.01,263207857,PC,12.2981251,14968.0,3.98,13.4442
6606.01,242532142,PC,2.5354002,11001.0,1.744,13.2738
6607.01,400968492,PC,11.1860909,4416.0,5.989,12.2525
6608.01,366315051,PC,7.3144752,19146.0,1.481,12.8314
5832.01,287934343,PC,5.1357505,11560.0,3.504,12.776
5833.01,213875310,PC,2.6721807,15750.0,2.433,13.1692
5834.01,281118572,PC,3.5242025,23590.0,1.79,12.231
5835.01,346859243,PC,6.4226101,16970.0,3.007,13.0949
5836.01,354727907,PC,8.4498763,71390.0,1.773,14.5478
5837.01,395143000,PC,2.9665122,8220.0,3.346,12.4152
5838.01,222485202,PC,3.5982966,28570.0,1.614,12.8557
5839.01,355732304,FP,2.5411063,8720.0,3.491,12.3367
584.01,74482749,FP,1.2622658,3711.7152579,1.7829162,9.1103
5840.01,68345291,PC,4.006489,11560.0,3.949,13.4506
5841.01,350882505,PC,4.2025514,3360.0,4.028,12.1201
5842.01,23937608,PC,2.8091879,3080.0,1.927,12.5432
5843.01,24113219,PC,4.197866,10650.0,3.223,13.3247
5844.01,230292034,PC,6.0671557,2080.0,2.12,11.9963
5845.01,209935997,PC,1.9081122,2660.0,2.094,11.4599
5846.01,75784122,PC,10.5353472,9570.0,1.098,12.8895
5847.01,95574586,PC,2.5641981,2840.0,4.469,11.8895
5848.01,808243,PC,1.5101054,13090.0,2.993,13.4236
5849.01,71459120,PC,3.9964264,12340.0,1.722,11.2543
6080.01,116048097,PC,8.0555716,913.8621738,3.5853172,10.5912
6081.01,271431851,KP,7.8864218,6241.5672443,4.9429378,14.4952
6082.01,199712572,PC,3.5941651,100.0,1.882,8.793181
6083.01,299089652,KP,,3608.2663496,9.3055095,11.9363
6084.01,294283951,FP,4.3722447,1815.211118,1.071344,11.7056
6085.01,160223936,PC,,317.9766458,14.1230558,8.7475
6086.01,18318288,CP,1.3888584,1372.5136834,0.8267002,12.4106
6087.01,48448369,KP,,2097.1164668,2.2996357,11.8216
6088.01,122375047,KP,9.2866733,713.8494352,3.2593808,11.3992
6089.01,350814622,KP,3.2135636,654.7322821,4.3141611,11.7266
609.01,134404603,APC,4.9699991,12601.0,1.363,9.836
6090.01,268159158,KP,4.7082414,10708.303583,3.7013817,14.5892
6091.01,336255880,PC,5.1855507,1496.7919264,1.9734133,11.9323
6092.01,339591840,FP,,12855.6961211,4.6672536,12.9805
6093.01,97165413,PC,1.2710408,1115.0,1.113,10.0452
6094.01,35883621,FP,3.0519843,892.0,2.868,9.65609
6339.01,332496784,PC,2.5938771,974.0,2.706,10.8179
634.01,344926234,FA,0.49359,246.702105,1.545897,9.1299
6340.01,376765646,PC,8.2686298,3650.0,4.906,12.2164
6341.01,285328782,PC,2.7182588,12333.0,1.682,13.2013
6342.01,184739529,APC,9.3568116,28673.0,1.117,12.7058
6343.01,256349966,FP,14.5877856,3374.0,3.517,12.0913
6344.01,327093061,PC,3.5297965,11120.0,3.283,13.0366
6345.01,241062925,PC,6.2378654,1802.0,3.174,11.6424
6346.01,260040728,PC,6.3111727,14495.0,3.039,13.4352
6347.01,467690903,PC,3.9332583,5042.0,4.438,11.2367
6348.01,321258259,PC,3.6894234,5484.0,2.085,13.3256
6349.01,470450936,PC,2.7934699,2479.0,2.8,12.2124
635.01,286132427,FA,0.493379,194.341058,1.5,8.1075
6350.01,266609407,PC,2.4766677,9727.0,2.457,13.3199
6351.01,392674549,PC,6.7510278,6350.0,4.011,12.982
6352.01,459102737,APC,7.4562671,3106.0,1.682,11.0529
6353.01,259810421,PC,2.5048108,6195.0,3.434,12.5755
6354.01,355418639,PC,18.7541398,6338.0,3.925,12.0763
6355.01,98613492,FP,1.0617107,2369.0,1.067,11.8275
6609.01,291668351,PC,12.9414603,13164.0,3.75,13.2079
661.01,53735810,KP,4.0860495,7083.7091188,4.5420607,11.248
6610.01,289076007,PC,3.1651539,8746.0,3.416,11.1708
6611.01,403368444,PC,6.5568726,8511.0,2.755,12.1404
6612.01,76706043,PC,2.3207203,12787.0,1.797,11.7332
6613.01,426904354,PC,2.5001306,16650.0,1.61,13.4146
6614.01,149179763,PC,25.0709977,12286.0,2.379,12.5738
6615.01,145804834,PC,3.5911377,13850.0,1.623,12.0846
6616.01,349503728,PC,1.1235117,48991.0,1.039,14.9482
6617.01,439381274,PC,4.315664,3530.0,6.135,12.0669
6618.01,350432166,PC,35.7890963,2255.7900517,8.6915413,11.2822
6619.01,399195246,PC,1.6930171,10940.0,2.759,12.6705
662.01,54085154,FP,1.0014437,416.0,1.28,8.2046
6620.01,241592217,PC,3.8647617,7591.0,4.038,13.2261
6621.01,374908396,PC,4.2807848,2031.0,2.073,12.8143
6622.01,260539542,PC,37.8575614,5180.0,7.424,13.3296
6623.01,207937389,PC,3.1791661,16245.0,2.844,13.0339
6624.01,443199889,PC,10.3031578,3072.0,3.44,10.8833
6625.01,258409964,PC,5.4863844,8862.0,4.339,12.9268
585.01,190990336,APC,5.547255,11569.0,4.835,8.9544
5850.01,151728428,FP,3.9997367,7460.0,0.384,10.9951
5851.01,277329402,PC,4.5049415,14400.0,2.372,12.8137
5852.01,387844266,PC,3.9956793,38380.0,2.056,13.4781
5853.01,278623780,PC,3.7219898,15860.0,2.306,11.9781
5854.01,346154016,PC,4.449914,13550.0,2.449,12.647
5855.01,41422753,FP,2.4710865,8009.9707145,3.379115,12.3924
5856.01,3680800,PC,0.5498864,1110.0,1.588,11.0263
5857.01,336072306,PC,3.415047,8610.0,1.406,13.4236
5858.01,256046749,PC,7.1476512,13510.0,3.03,12.3224
5859.01,114947483,PC,3.3787501,9480.0,1.837,13.1338
586.01,131979339,FP,22.6384642,4982.0,4.988,8.2268
5860.01,462372373,APC,5.2498931,9200.0,1.666,12.0019
5861.01,11034516,PC,14.3033451,26130.0,4.769,12.5375
5862.01,20988926,FP,5.3194437,5531.7287944,5.2368987,12.0997
5863.01,345205395,PC,2.8492565,24100.0,1.846,12.7354
5864.01,184531966,PC,10.4453589,9360.0,4.548,12.9564
5865.01,383216635,PC,6.6314176,3080.0,2.372,11.3471
6095.01,157081737,PC,2.1613171,529.0,1.289,10.0956
6096.01,262781201,FP,1.3154261,285.0,2.121,9.34567
6097.01,293743169,PC,1.1256838,3620.0,1.773,10.4284
6098.01,269341832,CP,2.7297541,362.0,1.439,8.7699
6099.01,118914286,PC,5.2887576,598.0,2.284,9.4499
610.01,80275202,FP,3.6649528,3865.0,3.245,10.4989
6100.01,170434745,PC,1.2280156,1316.7462021,1.0677974,11.9433
6101.01,19342878,CP,1.3328252,19240.1766706,2.0496174,10.8042
6102.01,55849732,PC,5.3708293,14601.0562246,2.9133817,13.5803
6103.01,92590258,PC,3.2422424,10616.2597804,3.1662519,10.6664
6104.01,265010875,PC,6.4095555,2845.1432466,8.4737438,10.4146
6105.01,182405015,PC,3.1122458,14146.4724409,2.4986472,10.8235
6106.01,258234731,APC,6.4240944,19637.6137844,4.0307342,11.646
6107.01,152245179,PC,3.7899018,7609.2687873,3.9779406,11.8338
6108.01,255780160,PC,3.8783341,7843.4867323,3.6211626,13.7453
6109.01,384984325,CP,8.5386633,1730.0,2.337,10.3622
6109.02,384984325,CP,5.6952223,1470.0,1.107,10.3622
6356.01,9136777,PC,3.7799201,16559.0,3.493,11.8848
6357.01,122881136,PC,5.1941869,5955.0,1.581,13.2012
6358.01,259708416,PC,5.3802465,3829.0,3.538,12.566
6359.01,267617257,PC,2.4398136,4363.0,3.751,13.0074
636.01,146463781,FP,0.417921,41644.893112,1.843947,14.7034
6360.01,458987621,PC,1.9765848,3430.0,1.347,11.6033
6361.01,450308346,PC,5.9419732,21804.0,2.361,13.4852
6362.01,148514918,PC,6.0602101,8917.0,3.036,13.3133
6363.01,311284709,PC,6.583694,4902.0,4.635,11.6603
6364.01,407517154,PC,25.8866192,13915.0,3.737,13.2114
6365.01,272994016,PC,3.0496565,6761.0,3.455,13.4756
6366.01,279851358,APC,18.893475,6252.0,3.457,10.9113
6367.01,259502942,FP,2.1653281,18747.0,2.732,14.4594
6368.01,274002141,FP,1.6197991,31095.0,0.95,14.5853
6369.01,274472658,PC,13.2329062,3001.0,6.245,11.4974
637.01,133334108,PC,2.8579169,529.0,3.818,8.9454
6370.01,251705938,PC,2.9124991,7343.0,4.175,12.0907
6371.01,279725262,PC,1.8597817,5579.0,1.156,12.0402
6372.01,115899725,PC,6.5587386,1396.0,2.196,11.3035
6626.01,148691985,PC,1.2864856,104433.0,1.328,14.6186
6627.01,411463659,PC,4.8934688,9659.0,3.157,12.8709
6628.01,75650448,CP,18.184189,9343.0,3.696,12.0836
6629.01,160442729,PC,4.3664669,26747.0,2.004,14.2251
663.01,54962195,CP,2.5989031,1953.2615465,1.6635706,11.7602
663.02,54962195,CP,4.6955986,1969.101717,2.1638721,11.7602
663.03,54962195,CP,7.1024749,1317.715762,2.7542652,11.7602
6630.01,312612366,PC,7.7103227,6083.0,4.406,13.1227
6631.01,457446242,PC,3.4714821,9502.0,3.245,12.716
6632.01,292349703,PC,5.8778295,1326.0,3.392,11.5555
6633.01,38584799,PC,6.5479496,988.0,2.331,12.1821
6634.01,400491269,PC,23.136755,2514.0,7.179,11.2405
6635.01,330424797,PC,8.6243051,9216.0,5.584,12.363
6636.01,209054294,PC,3.5171227,4327.0,2.327,12.3531
6637.01,256124756,APC,2.231293,16216.0,1.796,13.4658
6638.01,460316238,PC,4.140097,40878.0,2.896,13.4986
6639.01,446918603,PC,8.0136668,7657.0,4.056,12.4865
664.01,55092869,KP,4.7359232,2338.8745559,7.0819612,7.3212
5866.01,341297143,FP,3.8421028,8920.0,1.184,11.1838
5867.01,380517859,FP,1.109435,27240.0,2.723,14.9156
5868.01,236158940,PC,2.677573,3310.0,2.885,11.3283
5869.01,210169818,PC,3.3879742,9990.0,4.127,13.2483
587.01,294090620,FP,8.044239,4937.505363,5.3289306,7.81307
5870.01,305375697,PC,,3736.0,3.516,10.7974
5871.01,373816781,PC,1.343636,26070.0,2.275,12.7966
5872.01,138671052,PC,2.2425137,2730.0,2.062,12.3295
5873.01,353146308,PC,0.4131063,21940.0,0.368,14.0135
5874.01,376454594,PC,2.5784481,7620.0,1.253,12.3072
5875.01,283165117,PC,5.216581,7060.0,3.314,13.1099
5876.01,106114491,FP,9.7211435,1812.1446313,4.1878475,10.6372
5877.01,282890159,PC,6.9100016,4310.0,4.536,12.0836
5878.01,247172524,PC,3.4363074,27910.0,2.861,12.8056
5879.01,258037656,PC,4.0331416,37790.0,1.348,14.3602
588.01,130415266,PC,39.4718663,7758.0,6.186,7.3123
5880.01,184521624,PC,3.1162505,11400.0,3.289,13.3573
5881.01,360142739,PC,2.2377411,3640.0,4.079,12.5366
7115.01,361944563,APC,0.8738186,5487.0,1.229,13.0031
7116.01,325908483,PC,18.9438583,12167.0,4.108,12.3657
7117.01,199676274,APC,8.8691255,10597.0,1.588,12.7978
7118.01,286382849,PC,37.8016862,1734.0,3.788,10.8086
7119.01,420383981,PC,2.5933417,9482.0,3.253,12.2118
712.01,150151262,CP,9.5313801,910.0370283,1.6426425,9.9059
712.02,150151262,CP,51.6991905,1339.0,4.371,9.9059
712.03,150151262,FA,53.746482,1557.541816,5.592988,9.9059
712.04,150151262,CP,84.83869,1020.0,5.194,9.9059
7120.01,64198376,PC,3.1739167,2669.0,3.65,12.8736
7121.01,469436001,FP,0.9739887,2904.0,1.594,13.149
7123.01,277853911,PC,0.3075961,124509.0,0.49,14.8916
7124.01,345596003,PC,2.6414334,19204.0,2.508,13.3745
7125.01,272829240,PC,21.7276636,43934.0,2.924,13.9933
7126.01,344855300,PC,3.2966077,4963.0,3.965,12.066
7127.01,256418577,PC,3.3683989,3874.0,4.63,12.3008
7128.01,269231011,PC,2.9650741,6279.0,2.412,12.8934
7129.01,434086605,PC,8.8204144,4100.0,7.63,13.2574
713.01,167600516,PC,35.9993588,1086.7362497,4.1814011,10.6925
7381.01,52745699,PC,3.1653382,14923.6407951,3.4977253,13.7471
7382.01,124128680,PC,1.0370296,304.1228723,1.5186096,9.6069
7383.01,11755687,KP,3.0522686,15853.2048135,2.2564388,12.4821
7384.01,192833836,PC,6.2335155,13899.3555966,1.5179746,13.694
7385.01,235072851,PC,3.1191196,24617.3354776,2.0922004,13.709
7386.01,296354161,PC,6.0042191,6642.539062,6.3533818,12.3256
7387.01,300381700,PC,9.0856617,6003.3964722,2.9738059,12.4307
7388.01,124573902,APC,0.3328569,767910.313098,0.3988306,17.007
7389.01,224603921,CP,26.345109,130.0,6.144,8.86873
739.01,279425357,PC,9.0150439,4800.0853698,1.6002059,11.6049
7390.01,160075684,PC,81.3716681,924.1311645,4.8546107,11.4148
7391.01,258776466,CP,7.4108495,1257.5647375,1.9719278,12.7294
7392.01,198178859,PC,7.3050577,180.4217296,3.2531651,10.0976
7393.01,165598669,CP,3.3370666,31534.6212557,1.4698923,13.4832
7394.01,161687211,CP,1.2529966,31852.8076269,1.2067305,13.7088
7395.01,273234825,KP,125.8659048,11477.528288,9.1490581,13.5102
7600.01,350230694,PC,8.0105138,1480.9103715,2.5521547,11.2191
7601.01,111741396,PC,6.7230209,3462.508906,5.5869317,12.6098
7602.01,156716001,PC,10.2977881,793.7938859,3.7955665,10.9042
7603.01,26046851,PC,6.6802856,1395.8731417,6.3522355,11.7726
7604.01,405255920,PC,9.0409947,2295.8693359,1.1646622,10.6553
7605.01,393626873,FP,2.5139682,1745.3985011,2.4474847,12.2928
7606.01,63735024,PC,4.8870585,2411.4664446,4.764132,11.4492
7607.01,306772292,PC,13.8672643,2635.8724338,7.3763541,12.5717
7608.01,177033137,PC,26.663112,10706.6517245,4.2457024,12.6398
7609.01,108748840,PC,3.1952201,1801.1871379,2.0868442,11.7406
761.01,165317334,PC,10.5557332,1505.7221535,2.8163532,10.9217
761.02,165317334,PC,1.8320863,374.0999309,1.4230143,10.9217
7610.01,121341000,PC,22.1441161,20133.8745178,4.7045956,11.7985
7611.01,231451287,PC,16.8812736,3496.180297,5.1119026,12.4428
6889.01,282794970,PC,10.5465818,26790.7015542,3.4172956,13.2247
689.01,445822015,FP,1.66402,7964.45,3.397,10.7014
6890.01,5364106,PC,,1970.1779923,8.8064896,11.0866
6891.01,165312726,PC,8.3106603,9717.1934198,1.6506686,13.4184
6892.01,253054954,PC,17.8961832,6620.0097774,5.8302347,13.0658
6893.01,272125414,PC,,1002.2730453,13.4131846,8.18933
6894.01,67512645,CP,3.3706303,166589.9107386,1.5183944,14.9046
6895.01,252537013,FP,7.0469712,1020.0,2.551,10.4505
6896.01,9707944,PC,19.7358385,1173.2272366,5.1749857,10.6939
6897.01,89043973,PC,8.330174,8477.6052879,3.776804,13.5242
6898.01,441158994,PC,18.1081386,2211.4061698,3.2738724,10.5941
6898.02,441158994,PC,43.8681595,1461.4750111,2.638652,10.5941
6899.01,139879080,PC,2.8625937,150.7007612,2.6639389,9.3703
690.01,101497191,FP,3.64376,3632.91,3.38,10.298
6900.01,140893722,PC,13.9223368,551.9568212,3.0897341,11.5872
6901.01,262928973,PC,3.2727859,450.9235482,1.703415,10.61
713.02,167600516,PC,1.8715209,255.7891339,1.0213466,10.6925
7130.01,434270112,PC,1.2433877,2757.0,1.65,13.2252
7131.01,419524589,PC,5.3295884,5530.0,3.713,12.551
7132.01,404898080,PC,1.4716633,9168.0,1.23,13.1626
7133.01,420018238,PC,3.8282053,4275.0,3.891,12.7389
7134.01,269102377,PC,3.5899561,3727.0,3.434,12.4029
7135.01,188539008,PC,10.6185545,10466.0,1.537,12.6634
7136.01,470749725,PC,5.6897753,6064.0,4.153,13.027
7137.01,161687209,FP,1.2529962,14080.0,1.083,12.8161
7138.01,269514008,PC,5.4149624,4028.0,1.24,12.081
7139.01,269330087,PC,3.8850223,6113.0,1.209,12.6728
714.01,219195044,PC,4.3239329,977.2224915,1.5783127,11.5436
714.02,219195044,PC,10.1775475,943.2876093,2.0401655,11.5436
7140.01,371909591,PC,5.1879527,3524.0,5.979,12.5317
7141.01,235717158,PC,2.4141149,10760.0,1.329,14.2442
7142.01,263723781,PC,6.5433068,26297.0,3.114,13.3053
7143.01,408548144,PC,1.1376981,1217.0,1.02,12.6106
7144.01,400235555,PC,0.5289141,2503.0,1.087,12.7353
7145.01,8416274,PC,23.2471066,12754.0,2.031,13.0371
7396.01,273690178,KP,14.8589888,4164.2633575,2.8916037,12.9879
7397.01,259238498,PC,26.6796741,367.923381,5.5665696,10.7974
7398.01,122706449,PC,2.6068332,5122.0262322,2.2458943,13.8836
7399.01,233194447,PC,,374.6741409,14.4476548,8.71433
740.01,310009611,PC,2.131225,479.0,3.006,9.529
7400.01,333324340,PC,1.8289577,27211.0,1.166,14.903
7401.01,177697418,PC,4.3181867,4899.0,3.557,12.8837
7402.01,455733237,PC,14.3640841,1678.0,4.424,10.3782
7403.01,173706852,PC,10.1170644,18151.0,2.991,13.0102
7404.01,352409708,PC,1.463442,3135.0,3.42,12.3047
7405.01,374173310,APC,15.4474502,31272.0,1.785,14.7013
7406.01,173615288,PC,2.8885639,6060.0,2.662,11.8685
7407.01,439939258,PC,4.4640046,9715.0,1.764,12.9943
7408.01,202648961,PC,8.0242387,4500.0,2.189,12.7693
7409.01,432224130,PC,2.6800806,6267.0,1.828,12.5455
741.01,359271092,CP,7.5768334,289.0,2.073,7.66874
7410.01,352107384,PC,3.5043637,1877.0,0.536,10.9417
7411.01,440001383,PC,3.1551543,6608.0,2.97,13.1482
7612.01,289481977,PC,10.8739662,1272.4321897,3.15106,11.3708
7613.01,409796937,APC,6.3162561,4216.269969,2.9170735,12.8819
7614.01,132766482,PC,21.7456169,24716.6949884,6.4006849,14.525
7615.01,348899056,PC,2.1670093,701.7230168,1.1941662,11.6915
7616.01,285212983,APC,1.9622504,6198.1546526,1.5597912,12.8442
7617.01,385796857,PC,3.933506,2873.7813625,4.6133477,12.9022
7618.01,54391400,PC,6.7722112,1685.5850929,2.2996755,11.5546
7619.01,412386707,PC,39.2959509,3426.7799458,5.2772593,10.9238
762.01,178709444,CP,3.4716808,30624.6434599,1.3816978,13.6615
7620.01,167165932,PC,145.1966742,6534.2000521,7.7595494,12.9173
7621.01,130958848,PC,14.2391963,10746.6121872,3.3123124,12.9679
7622.01,141279435,PC,40.8216519,11161.6237251,3.7325005,13.7763
7623.01,279262080,PC,4.3507956,328.5061223,4.3566108,9.60434
7624.01,236817690,PC,16.7788188,200.6502765,6.1439468,9.09554
6902.01,167656187,PC,36.4358589,384.0441817,9.2522534,5.6801
6903.01,9216075,APC,4.9676784,540.7934769,0.926966,8.7302
6904.01,387294150,PC,16.8267434,1999.9128429,2.4103679,11.4353
6905.01,354846183,PC,1083.5575987,2930.0714108,8.3500813,10.4547
6906.01,195192253,PC,3.4770171,19986.4253524,2.5101218,13.6336
6907.01,198185513,PC,3.3795099,18575.2343451,2.7055281,13.8213
6908.01,197039766,PC,3.7120776,1532.3995669,3.0734816,11.2167
6909.01,252913663,PC,4.4284676,11582.5189831,2.4495032,14.0865
691.01,156991337,FP,6.9055908,803.795684,1.7156097,10.234
6910.01,288471046,PC,2.5139302,12564.1964526,2.9912384,13.7111
6911.01,428812049,PC,16.2520546,220.0,8.647,8.96016
6912.01,67181830,PC,7.63779,318.0,2.251,8.5627
6913.01,121070864,PC,0.5843146,1043.0,0.555,10.4371
6914.01,59369068,PC,9.3079811,6907.0,3.235,11.926
6915.01,367439938,PC,2.4915545,667.0,1.2,10.5681
6916.01,264159776,PC,3.9155539,12003.0,3.72,12.8463
6917.01,47220926,PC,9.7716812,4411.0,5.281,13.2757
7146.01,402848417,FP,28.4664618,4267.0,5.958,12.2041
7147.01,405542683,PC,1.3473988,11164.0,0.444,13.7182
7148.01,351599985,PC,1.3432587,2215.0,1.534,12.1285
7149.01,459323923,CP,2.6520679,126188.0,1.53,14.8294
715.01,271971130,CP,19.2879579,4773.5508832,2.1841643,13.5308
7150.01,352284958,PC,0.8818115,2067.0,1.558,13.085
7151.01,331619598,PC,7.1467369,1157.0,3.913,11.5576
7152.01,378860702,PC,3.1875721,4278.0,1.825,11.878
7153.01,154869806,PC,27.6174987,2176.0,4.509,12.1854
7154.01,377622130,CP,8.8600515,10563.0,2.493,11.9445
7155.01,468350765,PC,3.8949005,1071.0,2.171,11.8389
7156.01,376354189,PC,1.9299641,26801.0,0.37,14.6049
7157.01,469523619,PC,1.1838063,1853.0,1.233,12.3132
7158.01,431033767,PC,3.338577,3620.0,3.519,13.1238
7159.01,444159424,PC,8.8922064,5250.0,3.709,12.492
716.01,119081096,FP,0.83707,2745.5,2.497,12.4268
7160.01,154264903,PC,3.0825102,4011.0,3.708,12.934
7161.01,415461195,PC,3.8285502,2531.0,5.248,11.951
7162.01,341005781,PC,8.6393678,22505.0,2.325,14.4397
7412.01,177494632,PC,1.7636086,2047.0,1.346,11.7668
7413.01,154480367,PC,3.8037696,20290.0,1.507,14.6635
7414.01,127426341,PC,7.899462,8727.0,1.721,12.3016
7415.01,374177909,FP,0.1638211,14983.0,0.492,14.2981
7416.01,191373021,FP,0.3013943,4894.0,0.407,12.8953
7417.01,25624952,FP,3.1239462,5224.0,2.102,13.222
7418.01,291732201,FP,6.7415334,23765.0,3.446,11.8802
7419.01,199296714,FP,1.3777496,2957.0,1.862,13.1291
742.01,373424049,FP,0.961917,363.5801833,2.378514,8.6333
7420.01,259188347,PC,25.5249554,50048.0,3.66,13.4473
7421.01,354478327,PC,0.3489261,1107.0,0.31,12.0377
7422.01,302477411,PC,3.3593261,4811.0,5.044,13.2807
7423.01,279871772,PC,2.889977,466.0,2.528,10.8701
7424.01,61520064,PC,3.1271505,4435.0,2.492,12.7599
7425.01,285592400,PC,1.2815706,13655.0,2.23,12.0637
7426.01,186530554,PC,0.766526,3529.0,0.927,12.8474
7427.01,422707559,PC,3.5254649,4544.0,1.013,12.8449
7428.01,13036318,PC,3.1467998,1939.0,2.128,12.2457
7429.01,436875993,PC,4.7117395,3703.0,2.216,13.0455
7625.01,298308533,PC,9.3966438,282.7996345,3.9827408,8.41267
7626.01,229605578,PC,5.0712059,229.9404448,1.8141791,10.0308
7627.01,431838716,PC,5.2813531,10894.1304217,3.9653155,13.336
7628.01,429123881,PC,4.0391331,2421.5471966,4.2189582,11.9905
7629.01,414919755,PC,1.8202857,10503.3324752,1.3717774,13.4084
763.01,178819686,CP,5.6057748,701.1882316,3.0213897,9.5275
763.02,178819686,CP,12.2772444,869.4629182,3.8398889,9.5275
7630.01,391090520,PC,1.8307981,4934.6279837,2.2478701,11.2691
7631.01,357956179,PC,15.6862385,2979.6998661,6.1594733,13.4939
7632.01,434373518,PC,19.227477,22321.579452,1.5449241,13.2499
7633.01,234603808,PC,3.6746814,14227.9863678,2.7511417,13.0042
7634.01,124183167,PC,2.2807843,4329.748425,1.698886,13.0384
7635.01,67196266,PC,7.6516944,3842.3395773,5.7832996,13.1122
7636.01,97715482,PC,3.4291124,6592.1940847,2.5331935,13.1498
7637.01,53596439,PC,5.916282,12059.1468669,3.8558058,13.3764
6918.01,365509373,PC,14.2308461,4278.0,5.835,12.292
6919.01,69054388,APC,0.7603078,5657.0,0.363,12.3552
692.01,320417762,FA,1.03604,250.0,1.855,9.0188
6920.01,84126162,FP,3.6688102,8447.0,2.151,13.3268
6921.01,58474992,FP,25.714253,33131.0,6.373,12.1157
6922.01,114422211,PC,5.0989519,4236.0,2.118,12.7166
6923.01,418184767,PC,6.7274903,15103.0,2.944,12.7155
6924.01,91777086,PC,91.9283414,7033.0,4.343,12.24
6925.01,57147191,PC,5.9785287,59578.0,2.481,14.8966
6926.01,76731445,PC,8.2864221,3916.0,5.859,12.1756
6927.01,67349298,PC,4.3427321,7461.0,1.23,13.0985
6928.01,45376816,PC,3.8978437,14344.0,3.523,13.3511
6929.01,49524528,PC,719.5740937,19525.0,2.942,12.7026
693.01,458589703,FA,,9640.0,4.029,11.2248
6930.01,462507821,PC,7.2218817,8080.0,2.116,12.9171
6931.01,307375528,PC,2.2183625,4409.0,2.773,12.8582
6932.01,63307816,PC,8.9533044,6349.0,5.747,13.1823
6933.01,78290597,PC,9.765482,2552.0,5.01,11.7123
6934.01,19560484,PC,2.8398671,8268.0,3.091,12.8359
7163.01,343774169,FP,5.3913891,4086.0,1.995,11.2584
7164.01,326470400,FP,736.5528811,1432.0,4.735,9.8447
7165.01,239277658,KP,3.2509657,7218.2612358,3.2261161,14.1223
7166.01,288421619,CP,12.9228111,8723.2564459,1.5980207,13.123
7167.01,456482025,PC,13.723753,3129.0813648,2.3593878,11.8246
7168.01,427685831,KP,1.7497746,29973.7051609,1.8691036,11.3819
7169.01,372048733,PC,3.4375711,10435.0708429,3.9255437,11.908
717.01,275248683,FP,0.53079,1113.07,1.238,11.4407
7170.01,63100069,PC,1.917096,4017.0792074,1.0402081,12.8317
7171.01,420191136,PC,23.5367004,443.0,5.715,8.98453
7172.01,302173245,PC,2.7547949,1434.2026954,2.2653165,11.5702
7173.01,268727719,FP,0.6257352,13403.1636987,0.8361985,13.3892
7174.01,25472026,PC,4.2422767,4728.4740947,2.8605497,11.6951
7175.01,26999884,PC,2.9944941,2479.3671334,3.621007,9.54026
7176.01,44161614,PC,,15884.0,4.281,10.4361
7177.01,51768374,PC,6.8434236,767.0,3.179,9.94212
7178.01,419877797,PC,5.2169076,334.0,2.299,8.3898
743.01,434486077,PC,2.2284671,15402.4299594,1.5708912,14.3858
7430.01,264193444,PC,21.4930896,1244.0,3.609,11.7258
7431.01,347018922,FP,1.1919382,2692.0,1.404,13.0852
7432.01,192321638,PC,7.0309061,3270.0,5.12,12.7717
7433.01,450012972,PC,1.8179336,11040.0,3.057,12.3606
7434.01,250478345,PC,2.4228387,1617.0,1.829,12.1594
7435.01,77258176,PC,4.6821297,2890.0,4.503,12.9096
7436.01,305830609,PC,4.0616142,1882.0,2.202,12.1625
7437.01,73692250,PC,2.5726086,50028.0,0.927,13.9856
7438.01,387527174,PC,1.1253333,11926.0,2.394,13.48
7439.01,335037151,PC,3.5466109,4463.0,1.84,13.1632
744.01,437242640,KP,4.3176859,11283.0,1.822,9.7566
7440.01,252045206,PC,34.0796886,22876.0,4.571,13.441
7441.01,467602108,PC,2.2351679,16302.0,1.735,13.1634
7442.01,196389062,PC,2.6358758,7574.0,2.938,13.4818
7443.01,22659404,PC,2.7472062,12816.0,2.548,12.7658
7444.01,470898625,APC,5.885604,4046.0,1.87,11.8286
7445.01,245665919,PC,6.2144045,4499.0,2.994,11.1082
7446.01,374122973,PC,3.5044728,19700.0,2.087,13.4348
7638.01,120540061,PC,1.522851,18088.713056,1.499134,13.0509
7639.01,270471727,PC,10.4562977,780.6367648,3.3634093,11.1932
764.01,181159386,APC,5.6316663,13883.4017678,6.5350826,11.1689
7640.01,317801157,PC,7.00637,21596.1792858,3.6492414,13.3503
7641.01,148106497,PC,10.1083877,8066.4904711,3.8944479,13.1402
7642.01,64334960,PC,3.6822842,4203.914294,5.3670565,11.682
7643.01,265078278,PC,4.0521479,8739.0677857,3.4903499,11.4638
7644.01,64250123,PC,14.0580067,14523.6261278,3.4713692,13.3849
7645.01,264691112,PC,4.7554244,4327.157702,5.1010385,13.2617
7646.01,232399986,PC,4.5638391,13297.4853539,2.7675662,13.3433
7647.01,358340733,PC,3.958213,6700.0372101,4.9552521,12.521
7648.01,279909537,PC,2.6399819,8194.9101663,1.2750667,13.042
7649.01,300868410,PC,3.1455293,10430.805669,1.3250209,13.2252
765.01,219401954,FA,0.861484,286.708078,1.293669,9.647
7650.01,10485639,PC,3.4253517,10090.4107547,3.8269516,13.282
6935.01,270048796,PC,1.763034,21098.0,1.849,14.4404
6936.01,63082902,PC,10.298566,4219.0,2.022,12.2709
6937.01,294434193,PC,1.3809769,927.0,1.229,11.8356
6938.01,114600571,PC,4.8789974,4762.0,6.112,13.1593
6939.01,88929544,PC,1.9207699,8247.0,1.448,13.3117
694.01,55383975,FP,48.0511988,14503.3604877,4.3070574,11.2595
6940.01,421006834,PC,0.3052608,1620.0,0.309,12.5437
6941.01,74389253,PC,2.9371797,6422.0,4.009,13.4258
6942.01,238506223,PC,11.2320736,5174.0,2.549,10.9542
6943.01,262137985,PC,5.6906792,3155.0,5.548,12.3361
6944.01,421005422,PC,12.3027503,1304.0,3.596,10.7077
6945.01,392022763,PC,14.8547783,8228.0,5.931,12.9455
6946.01,14435301,PC,13.2272686,11013.0,1.676,13.0434
6947.01,457039843,PC,6.5202038,9263.0,4.73,11.9687
6948.01,438329568,APC,5.4911822,4727.0,0.523,12.4004
6949.01,45905504,PC,3.2232502,7301.0,3.185,13.4456
695.01,55559618,PC,21.3764237,786.0019744,4.7666334,10.749
6950.01,165965790,PC,2.0478359,40591.0,1.559,14.9577
6951.01,83180637,PC,3.7279887,13982.0,3.303,13.3694
7179.01,196201652,PC,2.7384363,871.0,3.018,10.3065
718.01,150247134,FA,12.8650769,1070.0,3.979,11.4845
7180.01,314992600,PC,3.2607791,574.0,3.152,10.3767
7181.01,419878733,PC,5.1794403,796.0,4.628,10.3618
7182.01,408469564,CP,14.7126653,305.0,3.56,8.1891
7183.01,422159302,FP,10.5739387,493.0,3.484,9.504
7184.01,426956677,PC,1.1976555,303.0,1.257,9.70916
7185.01,77490011,PC,2.6881318,22717.9494983,0.9223764,14.1398
7186.01,124895104,PC,1.7024504,8210.0,2.913,12.4401
7187.01,350064389,PC,2.1570981,8963.0,1.688,13.38
7188.01,317849098,PC,4.773664,9489.0,3.987,12.2275
7189.01,18885659,CP,2.8890956,36105.0,2.232,13.8273
719.01,184952758,FP,4.109953,434.0,4.641,9.0349
7190.01,277499689,PC,4.1223508,9275.0,3.103,11.854
7191.01,364007087,PC,5.6604695,3523.0,4.651,12.4188
7192.01,123234747,PC,16.3425332,748.0,3.985,10.3691
7193.01,325086150,FP,5.4934218,18470.0,3.658,11.9742
7194.01,24499407,PC,4.167309,7537.0,4.056,12.5502
7195.01,62682198,PC,3.8242663,20057.0,2.337,12.8559
7447.01,400503123,PC,1.5016329,3134.0,1.894,10.6796
7448.01,104153474,PC,5.0458476,9760.0,4.594,12.8502
7449.01,418262301,PC,12.915329,9844.0,3.48,12.9855
745.01,444842193,APC,1.0790928,572.7898907,3.8021094,10.5488
7450.01,73729607,APC,0.7938732,29672.0,0.428,14.997
7451.01,259381479,PC,3.9461778,3236.0,2.496,11.2333
7452.01,327249454,PC,3.0493323,3620.0,2.079,13.2056
7453.01,347944406,PC,8.3873861,7773.0,4.407,12.8868
7454.01,130087198,PC,3.1733972,6260.0,3.857,13.243
7455.01,196351790,PC,13.2026423,9621.0,3.137,13.3063
7456.01,158933249,KP,,2130.9227361,12.3268905,11.6455
7457.01,272840455,KP,6.8733768,3501.1631364,6.5660399,14.1348
7458.01,169081296,KP,16.2385246,684.9090611,3.2716962,9.85155
7459.01,417829948,PC,8.9511797,845.1516817,3.0794773,10.7276
746.01,167418903,PC,10.9803114,8276.212333,2.0361453,11.3786
7460.01,159303995,PC,46.1578388,2065.7501545,6.4735866,11.6906
7461.01,271052158,KP,5.9605542,737.904182,2.7022064,11.9838
7651.01,270711339,PC,1.4790072,2321.0441816,1.2986986,11.2734
7652.01,10313047,PC,4.5549553,10355.3297639,3.8221499,13.1814
7653.01,150429313,PC,11.0462788,3918.4050986,5.6624368,13.1355
7654.01,300654938,PC,26.9701399,4870.0930475,3.0632841,13.1733
7655.01,117885024,PC,35.0842983,2428.1081668,5.0442765,11.5062
7656.01,265129950,PC,0.7386173,3841.5323451,0.8425474,12.5542
7657.01,415084429,PC,3.8751672,3505.8552576,5.3782772,13.0667
7658.01,22730066,PC,1.642501,7249.7654566,2.407339,12.252
7659.01,142053623,PC,6.5570788,3477.7414153,2.8207622,13.1323
766.01,219698950,KP,3.4464529,16320.7911726,2.462599,11.5122
7660.01,140938327,PC,6.5462823,2458.6983303,4.3115127,13.0996
7661.01,88865512,PC,12.526776,3596.7260449,1.413612,11.803
7662.01,5045948,PC,5.028696,6065.8261932,4.1400457,12.5037
7663.01,88760990,PC,2.753152,5328.9667573,1.512577,13.099
7664.01,456787558,PC,5.9441544,8624.0401182,1.7144191,12.586
6952.01,400466395,FP,5.1391542,6171.0,0.633,12.2479
6953.01,70435923,APC,0.8204734,2903.0,1.171,12.9312
6954.01,443607377,PC,4.0207557,1556.0,2.017,11.4374
6955.01,81963214,PC,5.1185703,2687.0,6.274,12.1032
6956.01,294350792,PC,12.3900547,6904.0,5.787,13.4137
6957.01,30853990,PC,160.6760208,959.8285715,9.5344918,10.8865
6958.01,219108677,PC,5.9815745,41908.6246041,2.5574444,14.034
6959.01,230013442,PC,3.1381914,15708.9640285,2.7306785,14.3021
696.01,77156829,CP,0.8602406,719.5357708,0.5124345,10.4276
696.02,77156829,CP,3.6942604,832.8225921,1.1278521,10.4276
696.03,77156829,CP,4.9652069,633.0580849,0.9361524,10.4276
6960.01,204496071,APC,1.3059494,8517.9333335,1.086804,12.6862
6961.01,404715325,PC,17.2367433,946.1500622,5.529651,11.0921
6962.01,435339558,KP,21.9903619,1122.3021089,3.8732381,11.2235
6963.01,56658270,CP,8.8349261,6132.2553437,6.2442811,12.8131
6964.01,243208884,PC,4.7645838,855.7217275,0.9332304,10.0394
7196.01,39464158,PC,2.7998534,27117.0,1.415,13.3874
7197.01,415377888,PC,2.5122863,11307.0,2.23,13.0147
7198.01,317170536,PC,4.2271814,15027.0,3.25,13.0084
7199.01,310586478,PC,3.1540886,23864.0,1.662,13.1385
720.01,131419878,FP,3.16043,203.33,1.922,8.8154
7200.01,205044976,PC,5.0660693,18438.0,2.042,13.3775
7201.01,159893748,PC,7.2229767,16049.0,4.132,13.129
7202.01,116262653,PC,7.7600907,16068.0,1.477,13.3328
7203.01,44388479,PC,5.7351935,18384.0,2.927,13.4285
7204.01,71083829,PC,3.8080897,8079.0,2.916,11.5415
7205.01,345009464,PC,3.4844157,11801.0,2.963,13.335
7206.01,120313529,PC,3.5689392,3138.0,0.9,12.6594
7207.01,342276668,PC,12.0080349,2736.0,4.649,11.0587
7208.01,388371132,PC,3.6366231,8385.0,3.385,12.4574
7209.01,425706173,PC,2.6343177,3792.0,4.765,12.6037
721.01,38571020,PC,12.2877122,295.538976,4.3698973,10.1805
7210.01,466928064,PC,2.2609143,3320.0,1.972,12.0768
7211.01,374800835,PC,10.548504,7496.0,2.901,12.2983
7212.01,377253700,PC,75.6979471,6920.0,6.261,12.5661
7462.01,298897095,PC,2.6236518,4496.6998934,1.4746043,13.497
7463.01,274198407,KP,4.662632,1943.3492565,2.8167212,12.7994
7464.01,251090642,PC,20.0417055,45278.8810079,3.8624508,13.0912
7465.01,167804011,PC,6.2061962,4394.5809009,3.834919,12.305
7466.01,229172128,PC,13.62285,804.4319022,3.033501,9.809
7467.01,319855425,PC,2.8766717,9746.1892654,3.1970994,10.1775
7468.01,2621212,KP,,2116.7296698,3.0241239,11.2309
7469.01,187309502,KP,3.5868547,13809.758268,2.1273101,14.1986
747.01,15445551,KP,1.6827917,8131.4342611,3.0314666,10.349
7470.01,437444661,KP,17.9758603,3159.4996574,3.3462754,11.3692
7471.01,46020827,KP,9.3911326,6074.3894093,4.5117643,10.4725
7472.01,145368316,KP,1.6096874,15269.5334453,2.2918133,11.6123
7473.01,187278212,KP,,744.3594775,1.6479258,9.2493
7474.01,50171060,KP,1.257813,7385.3106816,0.979333,10.0198
7475.01,376866659,CP,3.2527618,5247.3433342,4.4705283,8.14481
7665.01,182992572,PC,24.303103,941.9930047,2.9460988,9.7907
7665.02,182992572,PC,9.0270152,355.8491634,2.8432441,9.7907
7666.01,130295375,PC,5.0145963,6037.0236099,1.6707823,13.0907
7667.01,299801675,PC,16.9537015,10577.8578974,1.3123073,13.3074
7668.01,2093349,PC,16.2816997,3062.1499214,4.9154791,12.3383
7669.01,148273668,PC,13.1852332,19118.592596,2.965336,13.081
767.01,229047362,KP,3.764873,22257.118447,2.759996,11.2175
7670.01,176604975,PC,10.4865505,1286.3350953,5.5149541,11.5568
7671.01,140190514,PC,6.4287928,4522.5935626,2.0980147,12.796
7672.01,107779737,PC,1.0272009,7681.0967809,0.7806028,13.3291
7673.01,25154148,PC,27.4839254,534.1073876,12.5957779,11.3769
7674.01,458615187,PC,3.8831272,1662.3404951,5.1369217,12.2451
7675.01,289114603,PC,8.1761677,1624.765816,8.2295848,12.0681
7676.01,452973397,FP,1.9518831,9008.7240632,2.4551539,13.005
7677.01,349677805,PC,11.9096401,12410.7526809,1.7061658,13.3953
6965.01,80224448,PC,5.9693397,105.5424205,3.441038,6.3103
6965.02,80224448,PC,28.0693949,154.3008171,6.0393818,6.3103
6966.01,243030574,PC,2.1659522,431.2815173,1.5926216,10.6839
6967.01,27635334,KP,4.7335575,930.2503519,3.2089234,11.6736
6968.01,121990418,PC,2.3475051,1972.3718293,2.8281222,12.0086
6969.01,17129975,FP,1.5142292,5271.4558635,1.7190416,12.367
6969.02,17129975,PC,4.5565614,5389.4106193,2.7966471,12.367
697.01,77253676,APC,8.6078603,555.0621766,3.6798697,9.3553
6970.01,271749758,KP,11.714447,12763.9935022,3.5131822,13.9354
6971.01,354031707,PC,4.1866989,2199.8936304,6.5543918,8.49335
6972.01,219824470,PC,5.4809114,2237.0,4.908,10.388
6973.01,427765233,PC,31.6527509,940.0,3.72,8.7622
6974.01,348684814,PC,7.7517707,4381.0,3.975,11.5622
6975.01,158381418,APC,2.1449013,6115.0,3.043,11.9453
6976.01,5972036,PC,1.7346044,1007.0,1.084,9.9853
6977.01,436575927,KP,5.0957983,714.0,1.772,11.4398
7213.01,336264393,PC,36.9870862,5950.0,3.771,12.5392
7214.01,251803342,PC,8.9093753,9278.0,4.595,12.8891
7215.01,23912656,PC,2.7705702,10283.0,2.502,12.368
7216.01,69436501,PC,3.1243759,6498.0,3.93,12.9812
7217.01,151760597,PC,3.9859545,6488.0,3.729,12.3942
7218.01,279331929,PC,4.9030173,4872.0,3.098,12.0952
7219.01,242674266,PC,2.9069573,12330.0,1.568,11.9146
722.01,38509907,PC,15.3004892,1265.2897827,3.1952319,11.9755
7220.01,344416349,FP,7.8365317,4532.0,2.271,11.86
7221.01,110828766,PC,1.6233128,22087.0,2.169,13.3537
7222.01,466890210,PC,5.1869453,2193.0,4.736,11.7068
7223.01,157808355,PC,5.3384038,4170.0,3.152,13.325
7224.01,466966249,PC,5.5698339,4318.0,3.807,12.0776
7225.01,209320688,PC,9.7461668,3751.0,4.218,11.8425
7226.01,350268913,PC,3.5191197,11040.0,3.162,13.0054
7227.01,287948915,PC,2.3593338,10088.0,2.092,12.9248
7228.01,397653875,PC,2.9324083,10392.0,2.758,12.9816
7229.01,363040636,PC,16.7880823,11919.0,2.882,13.018
723.01,177077336,PC,1.4178609,204.3717367,1.4842152,10.0686
7476.01,442530946,KP,3.7130279,10664.9875098,3.3859417,10.5959
7477.01,126325985,KP,3.312816,9473.166386,3.0522559,12.5192
7478.01,11270200,KP,3.1432403,4968.9753741,4.3767436,12.2994
7479.01,77202722,KP,3.3566052,17292.2979757,2.4455576,12.4035
748.01,104024556,KP,2.0219583,10040.0,2.681,10.3182
7480.01,71841620,KP,5.084334,5787.6432946,5.0844391,9.9543
7481.01,431016234,PC,12.3832847,1735.0237682,5.4046197,11.0962
7482.01,188500604,PC,5.8767209,10167.398667,2.4735452,13.6023
7483.01,76835246,PC,0.5127744,1833.4273968,0.6309024,12.3001
7484.01,68952448,KP,4.6144478,15541.995749,1.8613266,11.355
7485.01,441122551,PC,3.3870505,18938.3068072,2.7109339,13.7585
7486.01,336732544,KP,3.2771118,15566.1440892,2.6850132,13.3102
7487.01,301258470,KP,12.4563692,10352.6423902,3.6674288,11.9039
7488.01,128168083,PC,3.9072366,17049.2629683,3.2205284,14.2707
7489.01,262016897,PC,15.1458746,1229.6500262,3.8705032,10.0139
749.01,5868998,APC,0.63554,51164.635251,1.257326,13.9372
7692.01,207463446,PC,19.6869936,346.8196064,3.507533,10.3513
7693.01,341872729,PC,32.6045634,1196.7834952,3.2887383,11.0063
7694.01,199572211,PC,13.6715652,2261.5519372,2.9736006,13.2528
7695.01,319482278,PC,7.2728976,176.331905,2.4441685,7.7558
7696.01,327996774,PC,2.5824371,286.0252212,2.9953359,10.0985
7697.01,29848696,PC,2.5354573,5504.7399657,2.7261038,9.0072
7698.01,241577487,PC,4.5701356,341.378599,2.2214351,9.81828
7698.02,241577487,PC,14.7157672,552.9051044,3.5782343,9.81828
7698.03,241577487,PC,1.2377157,240.1012027,1.417461,9.81828
7699.01,358289302,PC,27.4713051,5091.3435617,5.9765536,12.4439
770.01,248111245,KP,4.6370479,7765.9973286,4.8238322,12.3335
7700.01,164695417,PC,3.5907717,4309.8809131,1.5820185,11.1993
7701.01,122522333,PC,20.6126718,1894.8921433,7.9769092,10.7124
7702.01,25030847,PC,9.0663359,4031.8282747,6.1814329,11.5448
7703.01,88507544,PC,2.1523127,24794.8199845,2.1712774,12.1451
6978.01,320847025,PC,9.1258136,169.7218223,3.173012,7.5621
6979.01,26078330,KP,8.754708,1527.6748939,3.4644403,11.584
698.01,141527579,PC,15.0867738,1911.9221796,2.1250291,12.1293
6980.01,422912527,PC,,409.3413481,2.85547,7.9859
6981.01,443823169,PC,425.4506963,4753.2829943,2.9472616,11.6627
6982.01,113921235,CP,59.8473992,11392.7507656,4.3696664,11.3281
6983.01,368628986,PC,31.1571613,336.5990841,5.9839922,9.57157
6984.01,83181153,KP,,3407.8486864,5.1289452,12.7079
6985.01,59490344,PC,748.7146251,1655.3509066,6.6689152,8.3323
6986.01,366302410,PC,1.2117417,33487.0,1.046,14.7975
6987.01,21035365,PC,4.6017382,17212.0,2.615,12.9994
6988.01,70897115,PC,13.414031,6670.0,4.578,13.1421
6989.01,261141602,FP,1.4956727,3708.0,1.965,11.9409
699.01,149302744,PC,14.8011377,316.8331324,3.2784247,9.8106
699.02,149302744,PC,33.6335925,384.0,5.352,9.8106
699.03,149302744,PC,672.6366236,423.1260918,7.4883769,9.8106
7230.01,238239232,PC,4.3041912,19405.0,2.64,13.4721
7231.01,89362689,PC,11.0658881,13656.0,2.254,12.8434
7232.01,282113152,PC,3.3221412,63580.0,1.052,14.0292
7233.01,394924803,PC,3.8413801,11058.0,3.631,13.1494
7234.01,418629890,PC,3.4202745,7438.0,3.766,12.6402
7235.01,20607624,PC,3.4940194,8323.0,2.014,10.84
7236.01,374521355,PC,4.626302,11063.0,3.09,13.4732
7237.01,439598736,PC,5.7694396,5455.0,4.625,12.635
7238.01,251743761,PC,3.930467,19093.0,2.281,12.5489
7239.01,383364626,PC,14.3938942,6518.0,3.298,10.88
724.01,339961200,PC,3.21264,510.1236296,0.6006982,9.7333
7240.01,41839508,PC,6.8911882,4518.0,4.811,12.9258
7241.01,456401439,PC,6.3377947,9130.0,1.639,11.629
7242.01,426122272,PC,2.9383886,13226.0,3.088,12.371
7243.01,288953761,PC,3.7352012,14256.0,2.892,13.434
7244.01,435673126,FP,11.5175506,12852.0,4.259,13.1744
7245.01,305026599,FP,1.6877647,1655.0,2.189,11.7356
7246.01,407135911,PC,2.5698331,10411.0,2.412,12.9658
7247.01,51318828,FP,6.8782937,11342.0,4.407,11.3321
7248.01,358975793,PC,3.8148598,8744.0,1.404,12.9402
7490.01,250977648,KP,4.6080854,435.5578168,8.9037215,9.9735
7491.01,119262291,KP,4.1747143,14026.6940585,3.8092867,13.7805
7492.01,102068384,KP,2.5001361,13027.0636057,2.4822655,12.9376
7493.01,12611594,KP,1.9155258,7383.1867077,3.5663951,12.5866
7494.01,111778581,PC,11.4212059,41150.9809092,2.3067411,13.8727
7495.01,377240984,PC,11.5843559,2500.5579554,3.4607621,11.811
7496.01,96847781,KP,3.5841,7727.5058354,2.689763,13.8205
7497.01,130633912,KP,5.2913602,11253.2758897,3.5122145,11.8543
7498.01,441012828,PC,2.789278,11140.279198,4.127423,12.6438
7499.01,301031110,KP,3.8304162,12299.893921,3.1251205,13.4041
750.01,14614418,KP,0.8378453,21355.7850721,2.1590096,13.3898
7500.01,154796579,PC,7.4647583,10583.825883,1.0430706,13.2735
7501.01,271898990,KP,1.747633,16779.7987149,2.1850556,14.0739
7502.01,169504920,KP,3.1052319,13036.1538292,2.8083392,11.9801
7503.01,11439959,KP,3.6188769,12658.2718767,4.3583808,13.3735
7717.01,317132251,PC,25.2087445,4558.9548055,7.3820567,9.95471
7718.01,37348844,KP,0.7668221,27011.2228725,1.1630505,13.605
7719.01,1333933,KP,3.2757945,11304.975042,2.391701,13.9636
772.01,286864983,PC,11.0163421,6918.5557902,3.5235771,10.8815
772.02,286864983,PC,744.2007603,4290.7780126,4.3105796,10.8815
772.03,286864983,PC,2.7912365,876.8413933,2.2947027,10.8815
7720.01,421184129,PC,8.0315366,1640.8668641,8.8823906,10.8967
7721.01,163029327,PC,2.5639669,5340.9220367,2.1282744,12.3648
7722.01,334981118,PC,5.5902105,5057.8273297,5.2299095,12.238
7723.01,162093661,PC,6.3340388,10427.0758961,1.761396,13.4955
7724.01,77552382,PC,3.5102641,4729.4036538,2.3934222,13.0262
7725.01,19269186,PC,0.9621292,4852.9442987,1.291472,11.9412
7726.01,289819148,PC,7.6621403,5499.6820057,3.6958062,13.4645
7727.01,386563408,PC,2.5766418,1249.3307959,2.1202,12.1428
7728.01,52024670,PC,4.3739988,2328.301665,1.1236356,11.5564
6990.01,353302490,PC,1.5829358,11242.0,1.64,13.4815
6991.01,440562226,APC,0.9902419,16490.0,1.405,13.4136
6992.01,259330386,PC,15.1389808,1596.0,2.71,10.7962
6993.01,408656366,APC,0.3695622,2001.0,0.446,12.2414
6994.01,55390413,FP,1.8819016,5107.0,1.162,13.2387
6995.01,383829317,PC,9.9444971,3078.0,3.171,11.2722
6996.01,41875043,FP,0.9602835,3132.0,1.497,12.9691
6997.01,357858008,PC,16.179367,10730.0,3.903,12.6255
6998.01,350733403,PC,27.035894,3817.0,3.477,12.6338
6999.01,444977814,FP,11.3689753,5979.0,5.492,12.4889
700.01,150428135,CP,16.051106,2768.5212418,1.3968229,10.9102
700.02,150428135,CP,37.4236838,737.5519387,3.3650101,10.9102
700.03,150428135,CP,9.977273,459.8525479,2.2583631,10.9102
700.04,150428135,CP,27.8096898,406.8232517,2.9558823,10.9102
7000.01,154926644,PC,2.7897577,3360.0,3.375,12.5322
7001.01,85113291,PC,16.3475547,46329.0,1.873,14.5962
7002.01,317290270,PC,4.9792822,4376.0,4.331,12.866
7003.01,219707850,PC,0.7331156,45524.0,0.559,14.2717
7249.01,219089784,PC,6.0387706,29537.0,1.637,14.9881
725.01,410245915,FP,0.9889446,979.0,1.681,10.2658
7250.01,459728249,CP,8.9653531,7094.0,1.893,12.2685
7251.01,298291597,PC,11.5588657,4691.0,2.368,12.4963
7252.01,289047954,FP,1.4207284,4092.0,1.988,13.1872
7253.01,383358873,PC,5.4240992,2519.0,2.487,11.7715
7254.01,260767135,APC,5.0769983,3683.0,1.171,11.8653
7255.01,166099360,FP,1.6831237,2192.0,1.382,12.6221
7256.01,334798754,PC,8.5748036,795.0,11.208,11.6578
7257.01,274057129,PC,1.0495702,573.0,1.54,11.5276
7258.01,298189225,PC,6.2384297,13808.0,2.066,13.033
7259.01,160103855,PC,16.4591808,4396.0,5.575,12.1708
726.01,174143743,FP,0.46132,220.0,1.32,10.1007
7260.01,418866096,FP,6.6308943,6379.0,1.72,12.2011
7261.01,297413553,PC,2.3273503,11266.0,1.74,13.4962
7262.01,87932853,PC,6.4093679,11126.0,3.114,12.3598
7263.01,269130683,PC,49.2145201,3135.0,4.537,10.7836
7264.01,258279359,PC,10.5637482,9607.0,2.227,13.4315
7265.01,275717567,CP,4.1723,46257.0,1.684,14.0157
7504.01,110795273,PC,9.4715404,1186.7670333,1.6493835,10.4003
7504.02,110795273,PC,4.4443069,686.1966722,2.2975903,10.4003
7505.01,55871761,FP,3.8618241,823.5651883,3.1764029,10.4653
7506.01,270204383,PC,3.3335134,23835.5812123,2.4192187,14.4469
7507.01,397231954,PC,17.280857,3636.1790628,7.7272657,10.8487
7508.01,327302178,PC,1.0065503,2252.9662955,1.0105137,12.0974
7509.01,355058141,PC,0.7105047,874.2673267,0.610124,10.2892
751.01,14661418,KP,4.722816,22675.3812671,2.1894174,12.4806
7510.01,118798035,CP,11.5317273,3881.313889,4.8139956,11.2937
7510.02,118798035,CP,22.5709991,5726.0209964,5.2019019,11.2937
7510.03,118798035,CP,48.8621728,4220.566289,4.974589,11.2937
7511.01,146364192,KP,2.3691651,316.0727654,2.2926887,10.4222
7512.01,380255458,KP,6.569208,14456.0192142,3.6617022,12.0213
7513.01,56815340,KP,9.5802888,354.2093066,3.1392827,8.56338
7513.02,56815340,KP,1221.2709773,1006.9865302,4.4921649,8.56338
7678.01,284586930,PC,1.6571231,4226.1925497,1.0892543,13.1144
7679.01,114011911,PC,5.2484099,3222.1681835,7.3647387,13.1127
768.01,229811538,APC,11.5294381,25630.0,4.881,12.2864
7680.01,334380435,PC,13.3040542,8831.3704763,3.6565057,11.1994
7681.01,59537824,PC,1.6498042,11301.8158216,1.8697972,13.2799
7682.01,159671133,PC,1.3409758,754.7806204,2.4101739,9.5973
7683.01,441422655,KP,1.5435057,25465.6222993,1.9863723,14.5499
7684.01,115942852,PC,3.2129849,8892.7682246,1.8680517,13.8825
7685.01,33945661,PC,3.4828151,16675.7467467,2.773212,14.1467
7686.01,273861354,PC,14.0016382,17673.1510385,1.6984804,14.2665
7687.01,51992761,PC,14.5421415,3139.9865234,7.0191153,11.5502
7688.01,80429950,PC,2.5395614,4894.950338,1.7793158,13.5883
7689.01,12999193,PC,1.4826121,26874.0134214,0.3394876,13.3664
769.01,248075138,KP,4.9816784,18110.0,2.733,11.3728
7690.01,410774020,PC,37.3522191,878.0,2.737,8.5644
7691.01,47762924,PC,2.7045293,2030.2035181,1.0051635,12.5558
7004.01,390207998,PC,9.8162989,2369.0,5.37,12.5926
7005.01,99834321,APC,8.1420107,5380.0,1.89,12.8725
7006.01,343336312,PC,51.9120896,15569.0,4.975,12.8066
7007.01,289441015,FP,1.5342604,1768.0,3.271,12.695
7008.01,335661164,PC,0.8406912,2554.0,1.489,12.9055
7009.01,405837291,PC,2.3206673,2935.0,0.969,12.9341
701.01,219239945,FP,13.697384,1061.94658,4.783848,10.966
7010.01,233867481,PC,4.1976032,10045.0,1.971,13.0287
7011.01,167631701,PC,19.394038,10061.0,4.082,12.9664
7012.01,322369867,PC,4.0197822,5109.0,3.18,13.3792
7013.01,67246795,PC,4.2451891,5546.0,2.663,12.6968
7014.01,158657991,APC,0.7406805,2428.0,0.598,12.5233
7015.01,11894726,PC,7.0687489,50423.0,0.515,14.3528
7016.01,16740548,PC,1.598803,14208.0,2.438,13.3901
7017.01,1881298619,PC,5.0826878,7327.0,5.11,13.1719
7018.01,156512187,PC,20.3158735,39235.0,5.276,12.9092
7019.01,366119858,CP,48.2590904,6743.0,6.299,12.7199
702.01,237914496,PC,3.568141,906.9993541,1.4556337,11.8371
7266.01,125695940,PC,3.8789319,4722.0,4.488,11.679
7267.01,276385231,PC,10.3486661,5059.0,5.78,13.4182
7268.01,406548952,PC,13.5647678,10194.0,3.17,12.8391
7269.01,267817947,PC,11.656295,2171.0,2.665,12.6975
727.01,149788158,PC,4.7244442,1480.0,0.999,11.0002
727.02,149788158,PC,0.7499711,441.8866633,1.0576059,11.0002
7270.01,184527843,PC,8.9197222,4742.0,2.763,12.716
7271.01,63232997,PC,7.1304113,4490.0,3.081,12.5873
7272.01,398099429,PC,7.5801393,3799.0,5.019,12.5626
7273.01,63550960,APC,2.2473177,6242.0,1.325,12.1475
7274.01,83299322,PC,8.908871,70444.0,1.142,14.6826
7275.01,172376068,FP,6.1211661,4248.0,2.501,12.585
7276.01,267808774,PC,14.2317652,912.0,8.372,12.0813
7277.01,396723723,PC,7.915274,13798.0,4.614,13.3795
7278.01,170440216,PC,7.6316525,30467.0,3.452,13.4783
7279.01,41067039,PC,3.1168715,31842.0,1.742,14.9114
728.01,96097215,FA,1.60245,890.0,0.312,10.5656
7280.01,396731435,APC,0.4246068,1952.0,0.486,12.7871
7281.01,198358065,PC,4.3095502,17371.0,0.224,14.654
7514.01,187495749,PC,1.8460559,3338.0988277,2.2618375,12.8411
7515.01,317882327,PC,3.5881072,8390.4905597,1.6300007,12.9161
7516.01,431871952,PC,6.2494565,33225.0008955,1.3020438,13.6742
7517.01,461547946,APC,10.3067866,1651.3666446,3.3685664,12.6552
7518.01,368184695,PC,6.4856471,5230.1437932,4.3165669,10.7963
7519.01,156678143,FP,7.2585779,3827.3398509,3.2188995,11.0139
752.01,61538902,KP,5.7481323,12259.4473284,2.6600483,11.3743
7520.01,456130294,APC,10.2461099,7150.3041017,5.4440926,12.9273
7521.01,316138059,PC,0.8618404,1895.2745767,1.0295836,11.8182
7522.01,459021929,PC,21.7262508,36253.1454935,2.2507397,14.2244
7523.01,238959233,PC,4.6612817,14867.1869469,,13.1631
7524.01,366564164,PC,7.5243992,3444.9327426,1.140716,12.3044
7525.01,367710318,PC,1.718454,22129.4474522,1.2725275,12.4099
7526.01,141524447,PC,33.0179222,824.1461516,6.3670028,10.9694
7704.01,138733600,PC,3.3434739,10443.7558073,3.1594251,12.7639
7705.01,70514245,PC,4.0477821,20129.9319902,2.0598956,12.8588
7706.01,25004866,PC,21.7201348,11992.2628563,3.3388274,11.4384
7707.01,123365281,PC,2.6103949,13059.7027321,2.9272954,12.9726
7708.01,321011198,PC,7.4163881,5782.7537042,2.7611562,13.173
7709.01,399789568,PC,20.9202791,1933.4858136,2.9410389,12.6363
771.01,277634430,CP,2.3260077,3279.7891318,0.9960868,12.0874
7710.01,261746870,PC,3.8458539,206.068797,2.4242355,9.0387
7711.01,1309019,,3.2425265,8033.0220549,3.2746471,13.7671
7712.01,264460009,PC,3.0925618,21170.4176526,2.6268061,14.2441
7713.01,77287067,,4.0764373,13033.1861811,3.980576,13.5861
7714.01,423785115,PC,24.7349922,20632.2954454,4.791716,11.2457
7715.01,200001699,PC,0.3236317,488.0446303,0.9465613,10.6396
7715.02,200001699,PC,6.8896201,2202.7528544,2.57116,10.6396
7716.01,46432937,KP,1.4404544,47151.6468557,1.2294066,12.3718
7020.01,233287217,PC,3.1642475,2330.0,1.115,11.3226
7021.01,233855268,PC,49.5355004,5687.0,8.483,12.2564
7022.01,125366299,PC,2.8583729,11829.0,1.236,12.9085
7023.01,230856987,PC,2.3404152,11265.0,2.522,13.1587
7024.01,354032153,PC,1.9639208,30553.0,1.467,14.0905
7025.01,219803922,PC,66.9954225,5477.0,2.024,11.3683
7026.01,219809549,PC,65.5580424,6381.0,4.167,13.0172
7027.01,164783371,PC,4.2885021,4402.0,1.427,13.0105
7028.01,416195843,PC,2.4596079,2195.0,2.168,12.9405
7029.01,446166017,PC,1.9271521,58745.0,1.201,14.8347
703.01,237928815,PC,8.6729683,724.6732153,2.9598885,10.2036
703.02,237928815,PC,22.5682711,869.846616,4.9745502,10.2036
7030.01,430930679,PC,2.5604496,423.0,1.339,9.6396
7031.01,284592989,PC,1.7911016,12254.9439752,1.3192751,14.367
7032.01,22903436,PC,17.7456043,1203.0,2.675,8.1532
7033.01,29953537,PC,0.7312783,322.0,1.289,10.2097
7034.01,418981325,APC,0.9082202,605.0,1.461,10.4875
7035.01,366074071,PC,4.18142,7013.0,4.43,10.2955
7282.01,387346503,PC,5.3346707,11290.0,3.181,13.1439
7283.01,298189384,PC,9.0612809,1732.0,6.985,11.4542
7284.01,96885837,APC,0.8760587,2336.0,0.969,12.5965
7285.01,60446303,PC,2.1384533,1240.0,1.111,11.2298
7286.01,452741216,PC,10.7994273,9221.0,4.858,12.7283
7287.01,199417958,PC,3.9258703,7452.0,2.993,12.7478
7288.01,405689470,PC,7.9871247,1897.0,2.382,12.1096
7289.01,291976834,PC,2.855993,9706.0,2.734,12.3769
729.01,144138509,FA,,1351.8684487,2.9940024,10.5568
7290.01,62501513,PC,3.776966,9271.0,3.671,12.4646
7291.01,233533589,PC,23.9712428,2387.0,1.645,12.2089
7292.01,160255140,PC,10.641726,10160.0,3.708,13.4003
7293.01,417514666,PC,3.3202789,7240.0,3.766,12.4712
7294.01,42110638,PC,1.6047466,5940.0,2.097,13.0581
7295.01,99796664,APC,0.7729056,2749.0,1.022,13.0363
7296.01,233735354,PC,170.3363911,12411.0,4.173,12.8771
7297.01,418375357,PC,8.1563148,12127.0,1.852,13.0138
7298.01,276909255,PC,5.2554768,935.0,2.109,11.2213
7299.01,85216969,PC,2.7299474,10021.0,1.104,12.9491
7527.01,187495621,FP,3.2662137,5722.062959,3.2117542,11.6429
7528.01,252851803,PC,4.9826868,5791.0068352,3.2173931,12.9479
7529.01,117174065,PC,16.6036329,5889.405664,4.6013901,12.9594
753.01,61988212,APC,0.555255,23416.400387,1.622036,14.3042
7530.01,318491006,PC,5.1818499,1738.6870112,2.5265146,11.3999
7531.01,117772549,PC,7.8764851,267.1422784,4.7892505,8.855
7532.01,150271800,PC,11.4031046,1851.3526437,3.0991671,12.6445
7533.01,63303430,FP,1.7518061,1399.9851481,2.5290142,12.2232
7534.01,220621072,PC,14.0287826,1335.0506474,7.3211075,11.9801
7535.01,60527976,PC,7.5811936,11448.0793188,4.7346415,12.7289
7536.01,438298111,PC,3.3287841,3382.2006635,5.2180408,12.9163
7537.01,231949697,PC,0.9072056,780.190035,0.571043,11.3301
7538.01,37075377,PC,28.2864647,217.9257929,4.285398,8.83335
7539.01,72214252,PC,8.6001093,7924.0477471,1.3418737,12.5597
679.01,308050066,FP,11.1755425,7873.0,5.482,9.99028
6790.01,129458276,PC,6.1030299,13335.0,3.689,12.6118
6791.01,101272159,PC,18.8224069,13388.0,1.76,12.9998
6792.01,326327260,PC,7.9605908,6040.0,3.236,12.3197
6793.01,352438619,PC,6.5516113,6717.0,0.786,12.4415
6794.01,408609355,PC,7.3099457,4484.0,6.439,12.227
6795.01,269372232,PC,2.1250402,8318.0,2.897,13.2392
6796.01,32046665,PC,3.7871416,6722.0,3.257,13.1197
6797.01,164249928,APC,0.9898852,4914.0,1.352,13.1505
6798.01,290403522,PC,22.3751134,6829.0,11.966,10.2912
6799.01,387295547,PC,0.664786,1215.0,0.66,11.7301
680.01,335499997,APC,0.433569,741.9430791,0.9778227,8.98207
6800.01,254174907,PC,4.1518071,1556.0,2.653,11.6114
6801.01,90935995,PC,1.2245052,24584.0,1.091,12.0887
6802.01,262470965,APC,1.1079142,36019.0,1.106,14.8107
6803.01,166495921,PC,3.3522572,6919.0,1.934,12.3544
6804.01,100264497,PC,3.7724643,8796.0,2.099,12.0533
6805.01,112989868,APC,1.040425,9568.0,0.979,13.2735
6806.01,144327080,APC,23.2490769,48641.0,3.914,11.3272
7036.01,284300833,PC,3.0513298,23465.9068147,1.4911246,14.4804
7037.01,269343479,APC,4.1279985,3450.0,1.698,12.0302
7038.01,210904767,PC,8.6000492,639.0,3.059,8.9498
7039.01,329981856,PC,3.3206355,667.0,4.732,10.0679
704.01,260004324,CP,3.8143136,460.8504633,1.4870003,10.1428
7040.01,277039287,PC,21.0562422,2640.3371988,4.4190398,11.6081
7041.01,201175570,CP,9.6994666,512.9617961,15.7960068,10.264
7042.01,345724317,FP,2.817627,868.0,1.455,10.4875
7043.01,57299130,PC,17.3840061,561.0,3.932,9.094
7044.01,263723967,PC,15.9669794,2229.0,3.514,10.1135
7045.01,21720215,PC,2.2775983,1131.0,1.3,9.90787
7046.01,201899356,PC,3.1084574,9902.0,2.534,12.1788
7047.01,31142436,PC,5.2729668,1177.0,3.738,11.7732
7048.01,235015217,PC,4.0863647,4671.0,2.213,12.269
7049.01,337217173,PC,40.3833862,6555.0,2.345,11.5546
705.01,391904697,PC,47.0196372,1251.7456152,5.8659335,11.4994
7050.01,50592053,PC,1.4182984,2124.0,0.654,10.3139
730.01,11561667,CP,3.0876297,40411.8142459,2.2386246,14.9181
7300.01,125744840,APC,0.6439909,7794.0,0.645,13.0055
7301.01,375192273,PC,21.6836634,1546.0,2.641,11.098
7302.01,399613138,FP,8.1958135,8230.0,1.182,12.1245
7303.01,415739607,PC,2.3368358,5916.0,1.405,10.8249
7304.01,321785052,PC,3.4977997,4914.0,0.475,12.3846
7305.01,262148317,PC,13.9753579,14290.0,4.503,13.4847
7306.01,418543326,PC,6.1418356,18607.0,3.525,13.4192
7307.01,372077289,PC,23.955645,6259.0,6.011,12.1023
7308.01,287768299,PC,3.7002646,7616.0,4.459,12.4978
7309.01,161687285,PC,7.7561532,14454.0,2.036,14.1288
731.01,34068865,CP,0.3219233,204.0,0.199,8.031941
7310.01,375855364,PC,19.8088367,9500.0,2.87,13.3341
7311.01,387416841,APC,1.5525382,7123.0,1.49,12.9141
7312.01,292023054,PC,4.2990991,6567.0,3.805,11.6721
7313.01,341157650,PC,4.1186706,3571.0,5.025,12.4958
7314.01,265887000,FP,2.503415,1877.0,3.416,12.1678
7315.01,297924888,PC,9.6713674,3376.0,1.66,11.2755
7316.01,301623068,PC,0.7474746,8713.0,0.327,13.4237
754.01,72985822,PC,3.8639681,7640.7605465,2.0997185,12.2397
7540.01,89014296,PC,1.4945574,3710.3925904,1.1899779,12.8711
7541.01,59845928,PC,14.606276,4409.4213156,3.6872053,12.6364
7542.01,206763148,FP,8.945272,4259.7203739,3.0824843,12.149
7543.01,235283051,PC,9.3137821,4684.5153093,4.8048507,12.308
7544.01,237405551,PC,4.8744903,20453.4065473,1.6654244,13.8448
7545.01,283094471,PC,11.9039356,7176.2629607,3.4477753,12.7754
7546.01,410449566,PC,9.6414086,1643.3631888,2.0000004,11.4673
7547.01,358111035,PC,22.0089343,1870.9194621,8.357335,12.4111
7548.01,234187289,PC,5.1836578,5322.1093811,3.85094,12.4359
7549.01,72212948,APC,2.1610101,11790.0056121,1.35759,12.8058
755.01,73228647,CP,2.5404679,572.0,2.154,9.4628
755.02,73228647,KP,6.7418796,450.5420649,1.3710857,9.4628
7550.01,220599411,CP,4.9843963,1865.2340838,2.6251703,12.1198
6807.01,441076258,PC,6.6210878,13071.0,2.297,13.3396
6808.01,261680542,PC,3.0449187,19894.0,2.988,12.3079
6809.01,29821723,PC,2.6855972,31004.0,1.744,14.3972
681.01,410450228,FP,15.7785031,6885.0112437,3.4747272,10.6845
6810.01,214515989,PC,11.3498282,10625.0,4.564,13.29
6811.01,129711632,PC,1.1602698,18692.0,0.489,14.3355
6812.01,92443533,PC,12.6357243,8255.0,3.717,12.5372
6813.01,364267778,PC,2.3557153,740.0,1.866,12.0721
6814.01,211352962,PC,0.7941828,2393.0,0.905,11.417
6815.01,233964924,PC,17.9217736,44474.0,4.309,13.169
6816.01,278525028,PC,10.9267866,9304.0,6.548,13.0109
6817.01,402027382,PC,3.1998039,3672.0,1.816,13.2874
6818.01,281666033,PC,10.1956949,3293.0,1.526,11.5508
6819.01,327917279,PC,8.5467163,2387.0,3.813,11.4741
682.01,429304876,CP,6.8392388,1213.0,4.176,9.2231
6820.01,350821320,PC,2.014214,971.0,1.854,12.8958
6821.01,197643976,KP,3.535713,3116.0,2.148,12.5638
6822.01,261679541,PC,2.7492112,26414.0,1.866,14.3703
6823.01,259884973,PC,2.8411187,1915.0,1.993,12.3104
7051.01,18574158,FP,4.9131459,4488.0,1.25,10.3552
7052.01,22038430,PC,2.8862017,412.0,0.487,8.9588
7053.01,329821992,PC,2.8637988,266.0,2.746,7.78306
7054.01,62676654,PC,14.7595601,16406.5561433,5.5790065,11.9766
7055.01,167227214,KP,3.1290476,13426.2063185,3.409295,11.6961
7056.01,110178537,KP,2.993282,14780.3009546,2.5766956,12.419
7057.01,325670253,KP,3.3777419,17290.4349881,2.8147435,12.8999
7058.01,317520667,KP,2.4651801,11993.572763,3.5668145,10.1154
7059.01,104866616,KP,4.4626647,7983.8270519,3.0802705,11.1323
706.01,219345200,PC,719.0381327,4851.4092337,5.4244096,8.3643
7060.01,469810663,PC,5.8496819,439.1501485,3.4496487,10.0094
7060.02,469810663,PC,1064.700399,1294.0,3.285,10.0094
7061.01,244089109,KP,2.1376682,8819.0,1.879,9.13055
7062.01,23961340,PC,10.5137924,1611.0,2.275,8.863
7063.01,248769312,PC,3.7570477,340.0,1.938,8.8868
7064.01,376867898,PC,61.5555962,182.0,6.996,8.47427
7065.01,383723559,FP,2.6667526,190.0,2.594,9.58671
7317.01,427855645,PC,2.9712014,4680.0,1.241,12.0331
7318.01,387414814,PC,3.4220041,16151.0,2.448,13.316
7319.01,40093986,PC,2.5918359,6221.0,3.933,13.4184
732.01,36724087,CP,0.7683904,903.9933214,1.0241242,10.5848
732.02,36724087,CP,12.2534308,3729.6347091,1.369949,10.5848
7320.01,279528230,PC,6.6802019,5941.0,4.664,12.4285
7321.01,423903016,PC,3.0039961,6490.0,3.621,13.3081
7322.01,436222251,PC,5.5316291,4176.0,3.91,13.2688
7323.01,421330229,PC,4.776694,1412.0,1.706,11.6346
7324.01,210337597,FP,0.5257499,1028.0,0.864,11.8096
7325.01,286857537,PC,2.0394246,9236.0,2.635,12.2442
7326.01,193081156,PC,5.4584109,2807.0,4.164,13.1443
7327.01,279472966,PC,5.0789699,13539.0,4.451,13.4215
7328.01,99025225,PC,12.5069936,4522.0,5.739,11.883
7329.01,387377484,PC,4.8622127,3480.0,6.011,12.2993
733.01,106402532,CP,4.8847937,478.0,2.51,8.8411
7330.01,287444302,PC,2.8411706,4694.0,1.453,11.9104
7331.01,160512852,PC,6.0011971,23249.0,1.99,13.1678
7332.01,273069412,FP,3.5399394,6448.0,3.443,12.3711
7551.01,178739678,APC,17.5945149,5576.6685222,2.1415324,11.9184
7552.01,235057120,PC,13.1742812,612.7315779,3.0663785,11.1392
7553.01,10487354,PC,2.4971198,5451.051564,3.3565508,12.8786
7554.01,322818151,PC,2.2948595,46686.8063699,1.6228537,14.8294
7555.01,307036187,PC,2.8404588,1270.6921956,2.7474757,12.3521
7556.01,232131043,PC,11.1035428,4694.5524683,3.2765462,12.8074
7557.01,284613259,APC,6.3548995,3362.8405647,1.5383268,11.5995
7558.01,207334420,PC,4.1531567,7477.8161079,4.2761264,12.6478
7559.01,234009062,PC,9.5366313,5371.1867742,4.0301894,12.1027
756.01,73649615,CP,1.2392569,2917.3714571,1.0860452,12.5554
7560.01,60520371,FP,2.1974264,3435.0008185,1.4853911,12.419
7561.01,317924729,PC,1.9989903,12614.4497948,3.3795683,11.1375
7562.01,404970821,PC,13.2253756,1976.2501664,4.8244015,12.8107
7563.01,71581518,PC,13.758531,335.7196534,6.0009934,9.522121
6824.01,197642926,PC,5.407469,13091.0,2.87,12.5602
6825.01,197598125,PC,16.4547455,2186.0,4.517,11.5321
6826.01,55450156,PC,6.4375108,730.0,2.572,12.1851
6827.01,302453291,PC,4.4738444,2985.0,6.406,12.1331
6828.01,278666476,PC,3.4894537,8533.0,2.134,12.7844
6829.01,469967533,PC,23.842,12487.0,5.577,12.714
683.01,437248515,KP,3.4058895,15490.0795356,2.6582989,11.4553
6830.01,29430403,PC,1.8778647,15157.0212857,1.5178899,11.4907
6831.01,380884709,PC,57.1050077,3388.0,5.271,10.7052
6832.01,8995204,PC,5.1392756,862.0,2.426,12.449
6833.01,4610830,KP,8.2616616,1343.0,2.862,11.5018
6834.01,49735922,KP,6.3392677,1739.0,3.02,12.1093
6835.01,301235044,KP,0.2803246,507.0,0.868,10.0298
6836.01,422618449,KP,9.100412,1085.0,2.181,9.3742
6837.01,262584907,PC,0.9494413,136.0,1.392,7.13
6838.01,278892590,KP,1.5109447,10693.4881603,0.6401499,13.8529
6839.01,126982911,PC,2.9944742,3499.7547124,3.0998781,12.5377
684.01,462162948,PC,19.8507621,1766.0,2.249,9.8532
7066.01,405010127,KP,13.2341261,18389.5092472,2.3705157,13.8215
7067.01,139158696,KP,15.3573522,21072.3970721,3.5894467,14.5293
7068.01,137685450,KP,,4156.2818203,20.5949466,11.4605
7069.01,160428500,PC,8.7201675,957.0,3.11,10.4371
707.01,167342439,PC,52.7992033,541.2696023,6.11948,10.0906
707.02,167342439,PC,17.4757465,163.268484,4.6911418,10.0906
7070.01,289218489,PC,4.4563756,308.0,3.316,9.55763
7071.01,14203588,FP,5.5334128,169.0,6.74,8.58502
7072.01,298658399,PC,0.8118915,1245.0,0.909,10.032
7073.01,276922692,PC,13.1689848,2592.0,7.607,12.3907
7074.01,138609069,PC,4.6504794,6221.0,5.051,13.4554
7075.01,66266024,PC,2.8120379,11880.0,1.647,13.3337
7076.01,138225319,PC,3.4747684,4548.0,3.054,12.9805
7077.01,188814758,PC,6.403011,3868.0,5.82,11.86
7078.01,233266582,PC,6.3962557,2257.0,2.826,12.177
7079.01,287191183,APC,12.1252851,2706.0,6.998,11.9823
708.01,391821647,FP,1.995837,442.0829981,6.5277544,10.8623
7080.01,366725641,PC,36.6892187,7413.0,6.446,12.3503
7333.01,160585062,PC,6.2644714,780.0,2.508,12.1567
7334.01,352301423,PC,1.7085226,2089.0,0.917,13.1543
7335.01,75417968,FP,3.3815776,9454.0,3.38,11.599
7336.01,271017537,PC,0.5418555,120.0,0.776,8.715
7337.01,323407659,PC,4.2619292,1109.0,5.145,9.61315
7338.01,309133240,FP,3.3847215,612.0,3.475,8.5565
7339.01,202059363,PC,4.2471039,4956.8756791,4.2108332,11.2817
734.01,146846569,FP,4.7535388,225793.1060958,1.0905965,15.173
7340.01,238279960,PC,7.4894672,2097.1814085,1.826338,10.6498
7340.02,238279960,PC,3.4438328,1276.0,2.325,10.6498
7341.01,445276138,PC,0.4925418,545.0,0.377,9.99274
7342.01,90950296,PC,14.1532848,8715.0,4.443,12.9421
7343.01,44451202,PC,2.1011992,11915.0,1.267,12.7157
7344.01,17925767,PC,2.4364562,5295.0,0.978,13.0699
7345.01,243283955,FP,8.407133,1490.0,1.272,11.9125
7346.01,113542042,PC,1.7687035,6765.0,1.792,12.9846
7347.01,233747840,PC,60.8344877,42343.0,6.109,14.446
7348.01,289345412,PC,3.3390124,3534.0,0.433,12.3366
7564.01,318756174,PC,3.3799879,11218.871336,3.1523557,11.9468
7565.01,52555068,PC,2.6241681,8398.7787406,1.0387882,12.1177
7566.01,251186192,PC,2.9538158,4243.8992256,1.908387,12.0398
7567.01,5370009,PC,5.8119593,18302.6813256,5.1813021,12.1622
7568.01,234595543,PC,1.4893903,2119.5334755,1.5901153,12.3548
7569.01,95415033,PC,5.672796,1729.3187476,2.9168159,11.798
757.01,130924120,CP,17.4682298,926.0,3.491,9.0498
7570.01,172463434,PC,11.8106694,1193.6520261,4.0350608,11.1909
7571.01,261944532,PC,5.2456808,7349.1274058,3.956534,12.997
7572.01,237664324,APC,11.4961458,5108.73743,2.8220159,12.3219
7573.01,153696322,APC,0.7014613,5409.8371025,1.0557396,12.8907
7574.01,159084486,PC,4.4802689,16973.8319684,2.564873,11.7771
7575.01,393412295,PC,13.2442861,5825.3428624,3.019576,12.769
7576.01,206947218,PC,3.9531681,8834.2856136,2.1943565,12.6675
6840.01,380886534,PC,8.9000334,22163.2825659,1.8542477,13.8694
6841.01,257467784,PC,13.9285074,13364.3594607,3.9986123,12.8988
6842.01,58858008,PC,5.3920955,15466.3588483,4.2434029,11.5955
6843.01,369474541,PC,5.4977872,6357.7268879,4.9400249,11.1862
6844.01,311086350,PC,3.8068712,17898.9103154,2.2690911,14.1277
6845.01,399571743,PC,4.7443604,9002.0,1.139,12.6204
6846.01,254296853,PC,3.334884,12501.0,2.559,12.8903
6847.01,150063444,PC,1.3939452,5131.0,0.922,13.1315
6848.01,230982415,PC,7.5954765,45085.0,2.533,13.6193
6849.01,434100688,FP,1825.048364,2576.0,3.62,9.9309
685.01,281731203,KP,11.6332127,3480.0,5.081,9.9623
6850.01,9166136,PC,6.0803777,1366.0,2.486,10.508
6851.01,350861689,PC,12.0101118,1204.0,2.82,12.4722
6852.01,166671025,PC,16.7382238,15139.0,3.529,12.4031
6853.01,197808753,PC,10.636983,2913.0,5.378,12.5478
6854.01,55363630,APC,2.7663479,2476.0,1.212,13.1113
6855.01,274017513,PC,26.3333899,8665.0,2.783,12.1227
6856.01,254301731,PC,0.6541517,35193.0,0.823,14.9737
7081.01,142385671,PC,12.7617794,26352.0,4.223,13.4426
7082.01,22740615,PC,2.253174,81734.0,1.118,14.2582
7083.01,286923515,PC,7.6253466,2810.0,6.702,12.8442
7084.01,165337974,PC,21.8153374,2502.0,4.087,11.5681
7085.01,364571121,APC,2.202258,48647.0,1.046,14.7751
7086.01,199289712,FP,1.0092447,7501.0,1.472,13.3747
7087.01,233266797,PC,7.9039906,3040.0,3.996,13.0721
7088.01,274411493,APC,7.1554749,1811.0,2.213,11.5896
7089.01,195933415,PC,1.5852089,450.0,1.137,9.3672
709.01,396720998,APC,32.3766006,52579.8740908,3.8827521,13.987
709.02,396720998,PC,777.0516742,7211.9264886,4.3877266,13.987
7090.01,166178400,APC,60.6825768,8480.0,3.983,11.4434
7091.01,296327387,PC,4.8510805,9714.0,3.132,13.1968
7092.01,195483731,PC,1.102219,4361.0,1.538,13.0673
7093.01,62867537,APC,2.8371938,15303.0,1.904,11.9812
7094.01,452864692,PC,2.1125062,5858.0,1.228,12.527
7095.01,395214388,PC,4.6745746,1731.0,8.627,12.3311
7096.01,199488690,PC,3.3505745,3685.0,4.633,12.0366
7097.01,293949992,PC,4.1560086,2503.0,2.954,12.6142
7349.01,129198098,PC,2.980341,11829.0,3.635,13.2372
735.01,150271680,FP,2.593694,526.784827,3.054429,9.5215
7350.01,257052211,FP,2.2175244,1682.0,2.462,10.5702
7351.01,43921512,PC,3.8405138,8163.0,1.438,13.4407
7352.01,411347315,FP,4.0662367,6676.0,3.721,13.1678
7353.01,256778317,PC,6.2157513,4008.0,3.295,12.3053
7354.01,259415341,PC,3.648769,1202.0,2.156,11.5882
7355.01,160652910,PC,3.6814233,3225.0,5.084,13.0513
7356.01,402992891,PC,17.3986129,2584.0,3.485,11.0144
7357.01,270494650,PC,60.3541599,2598.0,6.682,11.6515
7358.01,258634801,PC,7.0548729,2068.0,2.44,12.2276
7359.01,18023524,PC,4.3656102,5746.0,4.791,13.3997
736.01,181804752,CP,4.9899176,18931.4105812,1.3819654,13.5571
736.02,181804752,CP,0.9479945,4200.52889,0.564663,13.5571
7360.01,258822347,PC,30.7331484,6436.0,5.473,13.2026
7361.01,120487017,PC,8.2158997,1177.0,3.659,11.6715
7362.01,430666395,APC,1.1930966,3691.0,1.196,12.9095
7363.01,306039307,PC,6.9929558,5562.0,4.832,13.4117
7364.01,236644754,PC,2.9257773,6858.0,1.448,12.6976
7577.01,12090836,PC,3.1969894,10968.3258056,3.4011226,12.4733
7578.01,125260728,APC,5.3603536,7919.779969,3.4146038,12.403
7579.01,95512789,PC,2.3277044,6497.6371863,1.330527,13.0266
758.01,131081852,FP,13.2735914,21146.5262939,6.6959309,9.957501
7580.01,143168991,PC,19.5099226,2576.836516,3.8702181,11.1773
7580.02,143168991,PC,5.9284809,1132.9636689,2.2274786,11.1773
7580.03,143168991,PC,12.2971298,1935.8354613,2.7679648,11.1773
7581.01,350934357,PC,226.2820777,541.8167026,9.4436248,10.3394
7582.01,142914189,PC,7.6324317,3254.4247883,4.8633783,12.1008
7583.01,110110529,PC,0.7180306,1363.8641109,1.4487293,11.8332
7584.01,57047535,PC,18.6883288,9017.6138138,3.7087607,11.7387
7585.01,100474173,PC,8.933107,1987.8147955,7.9630519,12.0045
7586.01,142711195,PC,10.449811,4837.9211194,5.5123056,12.572
7587.01,294668702,PC,36.9078303,1255.5875969,6.3213258,12.1653
6857.01,281596890,PC,10.0512067,22227.0,1.763,14.504
6858.01,201254754,PC,3.3024845,1241.0,1.465,11.8272
6859.01,237909527,PC,9.6804752,10071.0,3.922,12.6565
686.01,339857675,PC,3.5137609,333.5976712,1.7579691,9.9362
6860.01,36646052,PC,0.6183488,5306.0,0.587,12.9887
6861.01,293267224,PC,3.7942532,6913.0,3.769,12.3945
6862.01,408508003,PC,8.2241876,8621.0,3.501,11.8423
6863.01,419957314,PC,7.8407154,5326.0,2.891,13.0613
6864.01,25959926,PC,15.5106583,5014.0,4.356,12.6092
6865.01,405269313,PC,2.4465664,2778.0,1.753,12.7937
6866.01,344224831,FP,8.0179256,8684.0,1.018,12.5227
6867.01,405230669,PC,3.6810755,8544.0,2.49,13.0507
6868.01,408506314,PC,3.4106422,4984.0,4.174,12.8562
6869.01,28872266,PC,763.9701133,28404.0,3.659,14.2212
687.01,74534430,PC,36.2995129,1322.2472746,4.4333923,9.8445
6870.01,58726656,PC,6.6968572,589.0,3.398,10.1341
6871.01,426471754,PC,12.4652143,1127.0,3.635,8.9496
6872.01,150096001,KP,11.0248821,1943.0,2.917,12.3252
7098.01,313922260,PC,1.3821651,9250.0,2.435,13.1922
7099.01,430415564,PC,4.4264918,3584.0,6.059,12.9147
710.01,309402106,FP,216.24584,5045.1950681,1.0703729,8.488401
7100.01,325765282,PC,7.4156006,12272.0,2.76,13.1187
7101.01,444209952,PC,1.8471592,6589.0,1.958,12.308
7102.01,469523613,PC,1.1838059,4487.0,1.307,13.3122
7103.01,197604890,PC,5.3590843,3018.0,2.477,11.0011
7104.01,371579161,FP,2.2215349,3539.0,2.869,12.0545
7105.01,417564823,PC,17.0548288,5295.0,4.555,13.3592
7106.01,66545173,FP,2.7945508,8242.0,2.978,13.3622
7107.01,237019002,PC,8.6145655,6195.0,4.84,12.1748
7108.01,430406538,PC,2.4425105,5639.0,2.964,13.0372
7109.01,430845815,PC,3.2396607,6158.0,2.42,12.8137
711.01,38510224,PC,18.3841259,1010.0989222,3.4924479,11.7481
711.02,38510224,PC,35.9432773,1178.967443,2.7244261,11.7481
7110.01,266488971,PC,8.8182594,5493.0,2.169,13.2009
7111.01,200465781,PC,7.0634276,5286.0,2.056,12.9436
7112.01,66286602,PC,3.424993,6276.0,2.134,13.3724
7113.01,335624180,PC,4.6351977,11113.0,3.856,12.6686
7114.01,365712006,FP,3.0436916,8182.0,2.414,13.0267
7365.01,120737368,PC,3.1924816,14119.0,3.211,13.2497
7366.01,21349099,PC,3.753877,7099.0,1.209,12.6275
7367.01,240535286,PC,2.9814911,19021.0,2.431,12.3021
7368.01,256783400,PC,33.5792968,3860.0,4.713,10.9461
7369.01,139350191,PC,10.2887023,8079.0,2.967,11.5809
737.01,219189765,CP,1.7318529,36359.4301748,1.6919639,14.7599
7370.01,97248423,PC,13.3079913,4804.0,3.42,12.5013
7371.01,452727513,PC,18.9104241,10263.0,3.243,13.2777
7372.01,369581703,FP,8.508462,10649.0,2.716,12.7919
7373.01,10552342,FP,7.5414411,16900.0,2.454,12.5058
7374.01,88641387,PC,17.0303122,8080.0,4.125,13.2325
7375.01,395790368,FP,27.1970496,4620.0,5.476,11.7285
7376.01,245349211,PC,7.4861705,9456.0,2.425,13.4565
7377.01,255998336,PC,6.7735083,5189.0,2.36,13.283
7378.01,373196394,PC,7.0814677,1018.0,2.055,10.7934
7379.01,427715152,PC,10.9911631,18917.0,1.559,13.2782
738.01,260304800,PC,3.4405946,8647.4527322,2.5441317,12.7474
7380.01,53461742,PC,4.4136877,10509.3289627,3.411058,13.2956
7588.01,279154795,PC,4.1835297,6193.5950997,1.2519719,12.4341
7589.01,452837676,PC,1.4866436,16141.3790366,1.3546872,12.269
759.01,152147232,APC,4.2135662,6400.0,2.904,11.6713
7590.01,148322608,PC,7.3364117,3049.8077305,1.3725049,12.1307
7591.01,55967712,PC,14.2288072,5389.8258926,5.4489648,12.4582
7592.01,267834862,PC,18.0214321,5109.9698818,3.6135488,12.5472
7593.01,238394308,PC,34.3299701,5505.910973,4.6826306,12.3594
7594.01,308692360,PC,9.9892115,3903.5959461,4.544581,12.1132
7595.01,54272884,PC,15.482117,3730.4023882,2.0080257,12.3979
7596.01,47248224,PC,5.5378585,4517.7580365,2.4116925,12.3039
7597.01,167337562,PC,50.6660684,3507.5205293,6.9787124,12.743
7598.01,185620819,PC,13.3173115,9486.4562187,2.126603,12.5694
7599.01,142757891,APC,2.3428516,3030.8533884,1.2887115,11.8384
760.01,162362398,APC,12.3396368,13386.1311036,6.2659032,10.6171
6873.01,67395329,PC,18.8204255,983.8549658,2.4015591,8.6781
6874.01,4426490,FP,2.6687292,17904.5785612,2.885607,12.1616
6875.01,403693870,PC,3.5245689,20956.9478296,3.150024,13.1378
6876.01,377024332,FP,15.1771428,538.0,4.556,9.089871
6877.01,365007485,KP,33.5920255,3352.0,6.385,11.6575
6878.01,262135904,FP,2.0990769,501.0,2.343,10.1063
6879.01,364955057,PC,13.5853161,850.0,5.271,10.4398
688.01,339636032,FP,6.8787507,359.0,2.599,8.5885
6880.01,4486230,PC,14.9166631,659.0,3.709,10.2919
6881.01,431899136,PC,1.9769396,11495.0,3.021,12.7034
6882.01,293075732,FP,0.5666806,1530.0,0.722,12.7726
6883.01,393818343,CP,16.2499357,13412.0,4.003,8.9797
6884.01,156514476,CP,14.4217699,2348.45658,2.3406411,11.4834
6885.01,154067753,PC,11.6515287,15415.73003,4.1130736,12.4434
6886.01,397053253,PC,4.8003341,6286.5016158,1.9999398,12.7451
6887.01,39174810,PC,6.5883481,5547.4045934,5.3652099,12.1938
6888.01,312543349,PC,19.9253903,4510.2840364,7.1580751,10.6594
880.02,34077285,CP,2.5735943,739.6008283,2.4810064,9.2563
880.03,34077285,PC,14.3318853,990.0,1.596,9.2563
881.01,237808867,FP,0.56708,980.0,1.253,9.792
882.01,92013169,FP,2.3552639,912.0,1.033,9.73965
883.01,123846039,PC,10.0577297,4860.0,3.65,9.3722
884.01,167031605,FP,2.7809,2990.0,1.803,9.9534
885.01,25334160,APC,2.56876,360.521,2.767,10.1775
886.01,120269103,FP,20.4276727,2988.5020776,5.1878327,8.26522
887.01,437984134,APC,5.77114,1931.81,2.791,8.16507
888.01,438295981,FP,3.96643,828.371,2.025,9.52621
889.01,284288080,FP,1.83485,1200.0,2.673,10.8457
890.01,333607525,APC,3.2022978,41820.0,3.51,10.936
891.01,33690636,FP,4.99915,684.271,5.256,11.0427
892.01,66561343,CP,10.6265837,7530.0,5.415,10.9739
893.01,123958679,PC,5.6148305,2300.0,3.829,11.4847
894.01,42755801,FP,4.3433389,1100.0,4.514,9.1672
895.01,250484865,FP,0.76189,190.0,1.904,8.7973
896.01,102283403,FA,3.52985,560.0,1.907,9.08959
897.01,229384040,FP,1.2980202,250.0,3.007,9.11269
7808.01,166510722,PC,5.0184758,3002.7777636,6.2432727,11.9385
7809.01,206167837,PC,3.2526004,15651.7435426,2.519,13.3095
781.01,413376180,KP,1.3541342,20039.5506701,2.0812883,12.7492
7810.01,269244393,PC,24.7301276,3750.8576179,6.9796014,12.8211
7811.01,317916019,PC,6.1178462,1216.4018893,6.2576394,11.481
7812.01,206553642,PC,3.4662325,10730.0225704,1.7443305,13.9169
7813.01,13663443,PC,3.0135111,7121.0212522,3.9171719,13.2591
7814.01,279356,PC,3.5575696,7336.4465621,4.2539374,9.2344
7815.01,913035,PC,5.5248485,5984.4745562,4.1323304,11.6909
7816.01,442381495,PC,1.9979321,23770.9109755,1.8240289,13.4815
7817.01,155744976,PC,3.8804199,1673.2556311,2.1035794,9.43949
7818.01,51217656,PC,3.0448758,21290.9873295,2.2600775,12.7186
7819.01,169725951,PC,8.0094373,8078.5337729,3.1938161,12.2415
782.01,429358906,CP,8.0239811,4010.0577601,1.7082731,12.2875
7820.01,317916466,PC,14.1865468,3036.6199271,4.7818179,11.4199
898.01,124543547,FP,,6000.0,7.352,10.5672
899.01,177162886,PC,12.8461943,8527.3304874,3.116081,11.5865
900.01,210873792,PC,4.8495236,1558.4108001,3.060243,11.9085
901.01,214361331,PC,3.2310603,2817.1225488,0.9933215,9.6877
902.01,216935214,APC,18.2592673,1829.4851391,1.7158922,8.957
903.01,238197638,PC,7.2766004,2440.0,4.626,11.7874
904.01,261257684,CP,10.8772748,1827.2189379,2.6829533,10.846
904.02,261257684,CP,83.9993991,1856.5912767,4.9317658,10.846
905.01,261867566,CP,3.7395716,15256.9023477,2.0436597,10.5721
906.01,298372701,PC,1.6647888,1600.0,1.152,8.5097
907.01,305424003,CP,4.584911,2101.0682794,5.2493974,9.9444
908.01,350153977,CP,3.1837789,850.2084133,2.3252968,10.6513
909.01,364107753,FP,3.9043855,255.0,3.525,7.0514
910.01,369327947,CP,2.0291077,765.9246838,0.6269874,10.1508
911.01,389070884,APC,8.5841806,9234.7778037,2.1129476,7.9771
912.01,406941612,CP,4.6780659,1835.605525,1.5119742,10.4904
7821.01,422037052,PC,13.6915593,1179.6697455,9.4519463,11.8012
7822.01,146320244,PC,4.497299,1955.2045386,3.604097,10.8867
7823.01,1104064500,PC,2.0977256,7284.246412,3.3331513,12.4781
7824.01,73644471,PC,4.5947031,9707.8825569,4.5147632,12.4024
7825.01,193096383,PC,4.8578879,3669.9767986,3.0394561,12.2323
7826.01,434452008,PC,24.3344025,2442.5649678,7.55249,11.4135
7827.01,405421485,PC,13.1403668,1525.6203985,4.4461873,11.7392
7828.01,441058440,PC,3.8044688,4127.5480494,2.042,12.3723
7829.01,289909884,PC,21.1908211,6227.2431361,3.8425515,13.1182
783.01,451645081,CP,8.1125147,1224.9160656,2.0330298,9.9222
7830.01,340383885,PC,4.1483906,1709.080083,2.7479186,11.5747
7831.01,21355897,PC,5.3428266,2323.3281523,6.6871603,10.2849
7832.01,60091800,PC,1.7389103,25800.4907924,2.9047517,12.2083
7833.01,447419723,PC,13.8615779,24446.9296625,4.6172913,13.1865
7834.01,237164114,PC,3.9818576,8434.9597164,2.1734648,11.2699
913.01,407126408,CP,11.0993646,1122.5495138,3.2107652,9.6181
913.02,407126408,PC,1469.8512039,945.0433631,5.9485102,9.6181
914.01,153027658,FP,2.3374921,760.0,2.279,10.2413
915.01,259389219,FP,2.3250156,1130.0,1.775,11.2486
916.01,348844154,FP,29.17362,5558.85,8.075,11.2532
917.01,207237016,PC,26.4126517,5967.2243425,3.0511383,11.2459
918.01,294869729,FP,1.1140067,410.0,3.072,11.2716
919.01,150167117,APC,20.0272717,17515.7129689,2.5785744,11.1835
920.01,271722899,FP,19.2998,1864.78,3.17,11.191
921.01,278775625,PC,5.1287265,809.4472541,2.0606408,11.2559
922.01,278199349,FP,9.46516,10952.3,3.951,11.499
923.01,301051430,FP,3.2744665,918.0803144,1.5496651,11.0264
924.01,382068562,PC,12.1272702,19172.4644881,2.0368113,11.3593
925.01,300599466,FP,13.17741,1750.0,2.75,11.3377
926.01,176796997,PC,1.7957918,770.0,1.666,10.5926
927.01,261258875,FP,2.5852,290.0,1.963,9.2691
928.01,300557619,FP,30.57908,12972.8,6.297,11.4124
929.01,175532955,PC,5.830149,1310.0,2.618,11.4337
7835.01,326266811,PC,4.5880019,19907.425314,1.8570299,12.463
7836.01,161421929,PC,22.8439476,3751.0154965,6.8580574,12.2163
7837.01,265523693,PC,0.4669515,2827.8046474,1.0644287,10.9565
7838.01,323624496,PC,2.0706365,12051.1856602,1.7601,13.2732
7839.01,465283863,PC,4.5533194,11122.6150588,3.161849,11.5641
784.01,460984940,CP,2.7970316,481.0,2.185,8.7537
7840.01,395186430,PC,20.400339,22386.4747226,2.8420971,13.1516
7841.01,160679177,PC,6.0284737,4405.6042893,4.4898858,12.7851
7842.01,307398951,PC,4.4468439,9423.917877,3.3261786,12.5891
7843.01,55578720,PC,6.5835571,9592.4834678,3.0091775,12.206
7844.01,395745531,PC,20.2550822,1309.1019866,3.82953,10.7318
7845.01,263313709,PC,5.7023604,1918.1166863,2.5609404,11.8068
7846.01,194721330,PC,3.9374688,13808.868957,1.419565,12.103
7847.01,157703394,PC,6.1029034,8058.3471848,1.7082994,13.1063
930.01,100921768,PC,4.90038,240.0,3.506,8.1605
931.01,206474443,PC,3.2452094,7370.0,2.722,11.5458
932.01,260417932,PC,19.3106015,1222.9987584,3.7831012,10.7378
932.02,260417932,PC,7.9856481,460.0,2.729,10.7378
933.01,260130483,PC,88.9350637,4026.4400749,8.3086197,10.6361
934.01,220475245,PC,3.7817383,18870.7216253,2.4092233,12.708
935.01,260476837,FP,2.23294,16930.0,2.032,12.7918
936.01,278198753,PC,7.936533,6995.7727314,1.8486897,12.6327
937.01,425163745,FP,0.27664,15669.3,0.72,10.855
938.01,332660150,PC,8.8073507,1700.0,4.264,10.8479
939.01,67772767,PC,7.6107227,6400.0,4.249,10.9335
940.01,248434716,APC,0.7386689,1020.0,0.594,11.0057
941.01,408137826,PC,8.5145626,3260.0,3.78,10.9968
941.02,408137826,PC,,4243.6393708,7.5,10.9968
942.01,146520535,CP,4.32765,1480.0,3.181,11.0462
943.01,399871011,PC,12.35611,8020.0,5.963,11.0412
944.01,434234955,FP,6.0588453,2740.0,4.084,11.3818
945.01,167714792,PC,0.9298045,720.0,1.203,11.1224
7848.01,193164274,PC,4.0024596,12140.0761721,3.3614845,11.1016
7849.01,447462887,PC,1.608376,8620.3647562,1.721,13.237
785.01,374829238,PC,18.6286102,570.252799,30.0156194,11.5026
7850.01,410056850,PC,10.6129868,7245.4398873,5.172628,12.6847
7851.01,73232401,PC,11.0007983,1600.9880467,3.7515502,10.2429
7852.01,951438622,KP,0.2359467,284760.9684006,0.5,18.8086
7853.01,341497604,PC,1.6886248,3335.6164272,1.2286673,12.5828
7854.01,124095894,PC,1.1260914,10028.4768645,0.9727033,13.6239
7855.01,27846348,KP,130.1648184,16452.7523128,8.3003425,14.2045
7856.01,417679385,KP,0.6535255,5602.2704545,1.1193935,14.987
7857.01,408313280,PC,,3118.5413545,3.6197227,11.6684
7858.01,158490401,KP,12.7137939,66412.7085907,2.4993204,11.034
7859.01,416279912,KP,,6769.4027159,10.5974327,12.1351
786.01,375059587,CP,12.6693847,284.465483,4.5972129,9.8192
786.02,375059587,CP,38.5539344,290.9537277,6.1439257,9.8192
7860.01,299161524,KP,12.611812,5274.0385549,4.7520365,14.6048
946.01,219205407,FP,6.1253092,39400.0,1.992,10.8732
947.01,262330063,APC,7.31523,8225.0,1.832,10.642
948.01,146438872,APC,12.7009,2482.58,3.208,10.5068
949.01,189013222,FP,1.3228701,720.0,1.589,10.2892
950.01,245947683,FA,1.14288,2270.0,1.699,10.2098
951.01,449050247,FP,2.96845,17064.8,3.707,10.0938
952.01,319312479,PC,1.79011,430.0,1.372,10.0716
953.01,449050248,FP,2.96844,13028.0,3.663,9.87405
954.01,44792534,CP,3.68497,2070.0,4.536,9.77919
955.01,146467675,FP,1.6375303,770.0,1.606,9.70467
956.01,146434840,FP,17.95473,5962.04,3.139,9.49344
957.01,249067445,FP,0.8317937,200.0,1.875,8.95699
958.01,92880568,APC,0.5875044,1680.0,1.344,10.964
959.01,279999655,FP,1.54104,30644.8,1.686,10.649
960.01,5109298,FP,1.6187107,1352.1697973,4.739749,10.6698
961.01,265077027,FP,4.79586,26891.1,2.132,10.6596
962.01,141776043,FP,4.06269,4210.0,4.299,11.2295
963.01,25799609,PC,11.1178464,5715.8314771,4.5596639,10.6412
964.01,179155220,FP,0.60274,16763.6,1.834,10.6659
7861.01,317298542,PC,15.8908512,4939.2921281,5.6297168,13.3015
7862.01,379506569,PC,6.92163,1557.1874886,6.5179123,12.59
7863.01,464286189,PC,18.2993167,2886.7296635,2.4994248,10.8385
7864.01,379292252,PC,11.2170634,7668.2152885,3.5377065,12.873
7865.01,25170592,PC,4.5848064,6061.1391299,5.1355249,13.2854
7866.01,260949200,PC,30.2860263,8662.2160663,4.1255742,12.9927
7867.01,197953918,PC,2.5356543,126433.0201847,0.9016573,14.9505
7868.01,47353757,PC,0.4349172,31994.9868699,0.843421,14.8287
7869.01,188620407,PC,43.4488182,5134.3277128,6.2736347,11.5725
787.01,350584963,PC,2.1263165,137.5302097,2.6285127,9.4799
7870.01,55497198,PC,11.9192216,21583.1782103,1.5846768,14.8863
7871.01,279475441,PC,2.6812208,602.9054641,1.4489347,11.6823
7872.01,382521476,PC,2.9429008,21493.5012048,1.8592348,14.4288
7873.01,229149738,PC,6.3404043,7390.8526729,1.6825059,13.0907
965.01,179159972,FP,1.37101,1561.43,2.379,10.6124
966.01,178367144,KP,3.4091568,16294.3969402,3.2067861,10.5572
967.01,445586472,FP,1.7393631,428.8811939,3.6069028,10.5704
968.01,453209605,FP,2.80944,1606.43,3.151,10.5766
969.01,280437559,CP,1.8237371,1890.0,1.347,10.5424
970.01,174599051,PC,4.9857808,690.3429151,3.671241,10.5248
971.01,177722855,FP,2.3960724,680.0,4.53,10.5224
972.01,125894957,FP,2.67425,1920.0,3.779,10.5484
973.01,409459226,FP,1.27997,790.0,2.425,10.5816
974.01,333821572,FP,2.8259491,2206.0,2.409,10.4337
975.01,133654092,FP,1.97353,867.428,2.169,10.4527
976.01,347098457,FP,3.1510408,2025.1072724,2.9657375,10.4856
977.01,268371979,FP,2.78102,748.64,1.657,10.5153
978.01,73038411,PC,13.1660135,5697.0,4.668,10.339
979.01,5772442,FP,1.10578,672.523,1.87,10.351
980.01,93594834,FP,1.3387555,357.2449276,3.2413088,10.3138
981.01,127476180,FP,1.6038093,1190.6782952,2.253,10.2957
982.01,177126182,FP,6.3037582,1700.0,3.757,10.3075
7874.01,229155120,PC,29.5380462,2565.1529078,4.0012144,11.3866
7875.01,52285162,PC,35.52644,3605.7974534,5.0412057,12.3862
7876.01,141485843,PC,23.5255541,4681.7606381,1.8307,12.6053
7877.01,262846252,PC,5.6813692,9504.6780477,3.2957,12.2497
7878.01,206455849,PC,5.704974,3100.6861877,4.163299,13.3716
7879.01,237926599,PC,11.1827433,1594.5449929,2.5173747,12.3901
788.01,349829627,PC,6.4872362,112.7687265,2.5986372,9.0255
7880.01,328100489,PC,4.7071704,8122.8808663,4.2066858,11.9524
7881.01,294272188,PC,12.7999458,2945.9623413,5.2825263,13.4921
7882.01,307784994,PC,14.4921458,3783.8692356,3.6938386,13.1066
7883.01,398778455,PC,0.4346852,2693.3627123,0.829171,13.1523
7884.01,13133780,PC,2.7852582,1674.7122308,2.2301584,12.2721
7885.01,43724768,PC,2.6830053,2630.5090795,3.2698684,12.9399
7886.01,201369796,PC,0.6405727,3475.6773243,1.2102615,13.3632
7887.01,319608890,PC,35.7453903,10581.4917006,5.0023595,12.9974
983.01,148659924,FP,7.3816254,2546.0,4.696,10.3437
984.01,33091633,FP,7.52118,50623.3,6.133,10.2763
985.01,425220920,FP,8.76905,14361.0,3.504,10.2462
986.01,320536216,FP,0.5476699,2886.4723578,1.038,10.1796
987.01,52548453,FP,5.2146757,3754.150648,4.9830634,10.1887
988.01,113553629,FP,4.30438,672.002,3.037,10.1989
989.01,207277638,APC,3.121181,571.0,1.417,10.1094
990.01,88684250,PC,4.587386,3321.0,4.36,10.0998
991.01,7561203,PC,2.4843225,1476.0,1.999,10.1137
992.01,108835813,FP,4.76516,647.689,2.892,10.0813
993.01,259353953,PC,1.4635019,914.0,1.518,10.0634
994.01,93963408,FP,2.396722,384.8985474,3.9453168,10.0267
995.01,317951248,FP,3.4438,7260.75,2.572,10.0781
996.01,142918609,FP,14.5378,4040.0,6.826,9.7925
997.01,341729521,FP,8.4134856,17479.6053306,3.5568334,9.7727
998.01,54390047,FP,0.941436,339.9126618,1.3606996,9.6952
999.01,341186896,FP,1.5078959,1839.0,2.759,9.6171
7888.01,219396153,PC,10.2425834,8752.2606428,2.905954,13.6084
7889.01,161569903,PC,5.9025684,46616.6683669,1.8073731,14.2671
789.01,300710077,CP,5.4470648,862.2586997,1.583301,11.9802
789.02,300710077,PC,12.9707041,1208.7896248,2.2669808,11.9802
789.03,300710077,PC,8.0432343,878.9302211,2.0067185,11.9802
7890.01,141610717,PC,33.2972335,1331.4857099,5.8899079,11.7795
7891.01,450109396,PC,19.8562342,4629.0800702,6.5774033,12.528
7892.01,9432774,PC,1.6490973,3094.1578495,1.6263442,12.3956
7893.01,259644493,PC,20.6103477,8602.406768,5.2870039,13.3334
7894.01,167418067,PC,2.1055935,4051.3062813,1.5592947,14.113
7895.01,349522456,PC,51.1148728,3350.350828,2.9460776,12.7552
7896.01,220436159,PC,5.0337941,2387.354185,3.2158708,13.0279
7897.01,455073386,PC,3.2637989,12216.4316633,2.404391,12.6832
7898.01,260131577,PC,14.2501371,2131.01741,6.2240306,12.537
7899.01,293225862,PC,4.4277822,2080.6947432,2.8157937,13.1111
790.01,308994098,PC,199.5779073,1766.6170108,11.8968751,8.9914
790.02,308994098,PC,41.0175174,229.2846536,8.2090013,8.9914
790.03,308994098,PC,,1628.2500301,17.3550472,8.9914
7900.01,177037840,PC,11.243234,537.9019091,3.3894085,11.7085
7901.01,237158650,KP,4.1470144,2122.5107053,2.7715875,13.7592
7902.01,169556484,KP,5.3338848,4807.5367749,7.4448687,13.9271
7903.01,169176556,KP,8.0250116,3499.9191249,5.0411326,13.6051
7904.01,26584326,KP,4.959174,16934.66655,1.7965588,14.7897
7905.01,13574905,FP,2.1983246,440.8203612,1.7690359,10.3041
7906.01,417660218,KP,,2063.5687976,15.7113764,11.6488
7907.01,121865656,KP,179.5989909,981.6642828,14.60536,11.8234
7908.01,391880567,KP,6.2123114,8220.6122538,2.5257039,13.4202
7909.01,27454084,KP,348.5786062,3951.4233244,3.7493976,12.6087
791.01,306472057,CP,139.3048512,5057.6776282,12.1948293,10.7525
791.02,306472057,CP,928.0455814,6356.9944677,11.576689,10.7525
7910.01,270619211,PC,77.480501,1359.7181614,10.0109467,9.7548
7911.01,167902377,PC,15.5244019,662.9801397,5.949898,10.0349
7912.01,170598489,PC,0.6770227,5117.5240323,1.5485192,13.3388
7913.01,364700298,PC,25.1571987,6022.1198621,4.1780129,12.7337
7914.01,447485237,PC,3.7573254,5567.9793087,4.5781,13.3676
7915.01,193666100,PC,5.9445059,9449.2979175,2.8950538,13.4132
7916.01,220400080,PC,69.6579999,13153.9724291,1.3336071,12.4979
7917.01,421356266,PC,0.5514251,4399.2019112,0.751803,13.1175
7918.01,290355317,PC,16.1163526,6573.5782282,1.539581,12.5262
7919.01,463559233,PC,9.0441437,6888.0926826,3.8881635,12.858
792.01,294780517,FP,15.6477055,1515.1689468,1.336067,11.7345
7920.01,325210265,PC,0.4772048,167613.5575389,0.3626736,16.4487
7921.01,392747437,KP,4.5184447,17173.0782566,3.8712531,14.2229
7922.01,288769849,,1.2294447,498.0919894,1.3538946,10.2217
7923.01,347030355,,3.1117561,306.9991219,4.1556376,9.3895
7924.01,263350617,,12.5337478,542.2320843,4.4551968,9.7213
7925.01,410399327,,2.607096,392.7482631,2.1228303,10.4741
7926.01,225040372,,7.5760123,1195.7932493,1.6845624,9.8401
7927.01,346792281,,1.7154769,339.7294407,1.2602108,10.3403
793.01,300013921,FP,54.6616036,2020.0,2.388,10.8578
794.01,299945285,PC,52.4072665,372.4627072,8.7541225,10.0176
795.01,278895705,PC,8.7609762,505.9969974,0.9513482,10.2477
796.01,277099925,FA,0.8086308,889.7191222,3.0190282,10.721
797.01,271596225,CP,1.8007935,622.5482076,1.1863073,11.7144
797.02,271596225,PC,4.1400062,740.3454035,1.0309175,11.7144
797.03,271596225,PC,2.7309449,456.1893836,1.1118337,11.7144
798.01,260640693,APC,95.2391755,5934.3582239,1.5992619,11.908
799.01,255685030,PC,5.5451661,439.0185686,2.2293365,10.5868
800.01,179308757,APC,0.9657303,997.3701416,3.4341219,12.3323
7729.01,79936069,PC,13.6161353,4228.5933341,3.5810678,13.1066
773.01,286865921,KP,4.971298,12130.0,3.283,11.5037
7730.01,78010250,PC,2.7875862,4697.2768898,2.8314799,13.3664
7731.01,455279465,PC,3.2874829,16797.4377464,3.4725114,12.7722
7732.01,44566945,PC,1.5925045,4873.9286221,1.3016732,13.4469
7733.01,296882354,PC,1.1838811,2144.5596883,1.2490474,11.0252
7734.01,133420230,PC,26.3125734,3165.8244163,6.9362951,12.3908
7735.01,2405205,PC,3.1613631,2001.7306728,1.1876437,11.8505
7736.01,179240138,PC,3.1509928,3180.2871163,1.5487927,12.6305
7737.01,238334463,PC,6.1682253,2138.6858326,6.4653678,12.3429
7738.01,332713106,PC,22.539834,15297.8588308,3.637936,13.1795
7739.01,47055436,PC,1.3451227,1150.4885826,1.5733763,11.9749
774.01,294301883,KP,4.4656306,17361.1064238,3.4927618,11.3473
7740.01,36715978,PC,10.1963799,3591.7842727,2.9772944,12.9305
7741.01,308664375,PC,3.5686332,3524.6135913,5.4427122,12.7293
801.01,177258735,PC,0.775701,44.1399239,1.2010343,7.5412
802.01,167303382,PC,3.693912,72.4121503,1.8529228,7.5209
803.01,143526444,FP,15.3050693,770.0,3.872,9.3309
804.01,41227743,FP,1.4188153,136.3471608,4.5754288,10.714
805.01,38460940,PC,4.1177649,1948.1405783,1.212675,13.1018
806.01,33831980,PC,21.9166429,1306.4224091,3.3787978,11.9763
807.01,30853470,PC,5.2702557,511.6141762,2.0186676,11.3042
808.01,30122649,PC,9.7394089,641.7240822,3.5625788,10.0659
809.01,149301575,APC,183.458919,645.283132,10.764682,10.3046
810.01,388106759,PC,28.3057042,357.0692138,4.8265036,10.5173
810.02,388106759,PC,90.8479191,314.2730564,11.1179142,10.5173
811.01,100757807,PC,25.1760133,12570.0,4.418,10.9339
812.01,363914762,PC,13.8665912,7930.0,6.491,10.9582
813.01,55525572,CP,83.8962434,1217.6723245,13.0330846,9.8467
814.01,255760319,FP,7.21048,250.094,2.671,8.9944
815.01,102840239,CP,11.1972769,1301.0,3.061,9.36
815.02,102840239,CP,734.4987702,1004.0,2.529,9.36
7742.01,73635140,PC,18.4903481,2351.8088888,4.9223594,11.4614
7743.01,454039549,PC,10.9655113,2198.7112391,8.560897,11.8342
7744.01,71125919,PC,9.2617884,8815.6625835,3.7225216,12.5022
7745.01,385699758,PC,1.5427029,6433.3224184,1.9199963,11.9222
7746.01,362360634,PC,4.7902507,5475.7820468,,13.4195
7747.01,371315483,PC,9.6505034,4539.4185326,3.233932,12.7727
7748.01,309257123,PC,8.3256491,2720.4931927,3.1393816,13.3219
7749.01,457542392,PC,20.6447986,3830.3512981,1.9066216,11.2906
775.01,304042899,FP,12.4458741,7049.3777392,11.5424587,9.5369
7750.01,178658245,PC,1.3404613,1145.4443926,1.4282057,11.578
7751.01,362264027,PC,2.6759638,902.09105,5.2016542,11.5437
7752.01,23326828,PC,7.0939347,970.111381,3.7212999,10.3123
7753.01,38579332,PC,10.6780539,2936.8028854,3.3431356,12.0894
7753.02,38579332,PC,4.8632352,1751.8974923,1.6496798,12.0894
7754.01,105712339,PC,23.7290955,5556.1143946,2.1548711,12.1993
816.01,175180796,FP,1.55747,3127.94,2.714,11.143
817.01,30312676,FP,1.10223,1015.0,2.598,11.3029
818.01,46096489,KP,3.118536,12242.731322,2.043274,10.6481
819.01,73717937,KP,16.2546802,4950.0,4.74,11.7528
820.01,111991770,KP,3.752062,9500.430305,3.680056,10.4445
821.01,125405602,FA,13.8233035,2556.532346,1.365217,11.1825
822.01,127530399,KP,7.1335149,18037.5300175,3.1376265,11.1116
822.02,127530399,CP,1.0115336,640.6892788,1.6201453,11.1116
823.01,158978373,APC,13.5337579,2234.8547566,3.557125,9.9623
824.01,193641523,CP,1.3929721,1576.0776119,1.0799517,10.0732
825.01,220029715,KP,3.1853186,4917.3378908,2.2396998,12.4284
826.01,243200602,KP,11.5509742,10842.0,3.571,10.491
827.01,270507305,APC,1.2282706,7013.5398278,2.0554176,11.5746
828.01,271168962,KP,5.3220505,6562.7794806,3.8815964,9.47199
829.01,276128561,PC,3.2877916,1779.1851978,2.3400995,10.5623
830.01,281924357,PC,15.0405221,17981.6903217,2.2981691,10.9303
831.01,307610438,APC,1.5617357,4445.0857356,2.1307551,8.8098
7755.01,269895488,PC,7.9250597,5145.8921488,6.5440114,13.3557
7756.01,458032939,PC,12.0550983,1540.3893247,4.0038135,11.7696
7757.01,93532796,PC,0.8258114,3331.2964432,1.1749004,13.2463
7758.01,142064910,PC,4.1757292,11534.4862536,1.8423026,13.9673
7759.01,163262279,PC,20.0077079,4200.4031233,4.1657999,12.8831
776.01,306996324,CP,15.6653322,1317.653048,2.9937799,9.73597
776.02,306996324,CP,8.2466133,1071.2067848,2.4120909,9.73597
7760.01,281170011,PC,2.700189,9429.7886359,2.464545,12.563
7761.01,45636452,PC,26.655615,5008.3356004,1.7793829,11.4804
7762.01,193318850,PC,15.7178563,7182.4176121,3.2398652,12.7639
7763.01,33977715,PC,6.6687462,2033.319012,2.9507301,11.7783
7764.01,158200069,PC,22.4340775,1104.9127799,6.5252323,11.562
7765.01,23224540,PC,10.5037051,5016.7103347,6.2026507,13.4245
7766.01,384482338,PC,3.6727161,2986.6498195,5.4003368,12.39
7767.01,163493945,PC,2.5082441,4971.0689248,2.082629,13.2189
832.01,350332997,FP,1.9160221,2430.0,1.405,11.7611
833.01,362249359,CP,1.041889,465.3854112,1.2737667,10.1461
834.01,404340025,KP,2.6755521,14340.9908648,3.2277336,10.7036
835.01,405700729,PC,4.7920153,2042.5421095,1.4903703,10.849
836.01,440887364,CP,8.5954792,1140.0,2.47,8.6486
836.02,440887364,CP,3.8167262,580.0,1.602,8.6486
837.01,460205581,CP,8.3249172,4535.0,1.406,9.9322
838.01,461271719,FP,7.6246239,1256.0632059,2.0328127,8.7823
839.01,466840711,KP,2.4855428,17549.6797518,2.7385746,14.1491
840.01,287563610,KP,3.7993182,7590.0,2.302,13.0546
841.01,238932509,PC,3.4934316,14230.0,1.453,12.5528
842.01,141768070,PC,2.7863813,11628.7594512,1.8415464,12.6264
843.01,437333618,KP,4.2986466,15275.7584547,3.1434483,12.472
844.01,380886535,FP,8.9066251,2178.8336338,1.9618338,11.7952
845.01,32283946,FP,7.06181,22745.5,5.853,11.7582
846.01,229141709,FP,14.20489,8761.57,4.924,11.766
847.01,231289421,PC,3.2063107,6909.9609504,2.8362399,12.0594
7768.01,36811910,PC,5.4018835,2222.8874196,7.6932562,12.3026
7769.01,303865520,PC,3.143678,1579.1093916,1.7234478,12.5045
777.01,334305570,PC,8.3008562,2683.1006768,4.850157,9.3712
7770.01,73983171,PC,2.9997292,13040.2299244,2.0820526,13.2109
7771.01,198294279,PC,0.5853027,2873.2583446,1.1154809,12.0623
7772.01,309694541,KP,3.3119514,5629.2157825,4.5870457,12.8222
7773.01,49729638,PC,3.2397806,11226.9527235,2.618982,12.5813
7774.01,31061885,PC,1.7985326,29056.7653578,1.6745297,14.9939
7775.01,354809215,PC,6.271354,3792.8383217,7.2154611,12.2256
7776.01,422568868,PC,2.2160533,20467.1330649,2.2664667,12.3564
7777.01,68123867,PC,6.2990916,5778.065969,4.7815744,12.8578
7778.01,347866089,PC,0.696404,28716.0446377,1.1354618,14.346
7779.01,434620877,PC,2.8987252,6833.4713954,2.4583534,11.4045
778.01,335630746,CP,4.6336155,7660.0,3.557,8.69009
7780.01,437346961,PC,2.6978073,33283.8914982,2.1567737,11.4508
848.01,42015200,FP,9.77742,6740.0,6.713,11.6818
849.01,33595516,CP,0.76566,1410.0,1.452,11.5485
850.01,423670610,APC,10.32103,58957.4,3.283,11.3488
851.01,40083958,APC,0.6296,790.0,0.309,10.9994
852.01,29918916,PC,4.943336,2010.0,3.147,10.9495
853.01,138727432,PC,6.8646554,5090.0,4.725,10.7598
854.01,160222069,FP,5.8508237,876.8239527,3.4458826,10.717
855.01,269558487,PC,1.8301156,1110.0,1.018,10.6541
856.01,306338882,APC,5.4014,1225.99,1.442,10.3244
857.01,404467699,KP,3.9080236,8100.0,3.292,10.2676
858.01,198008005,CP,3.2797206,11148.420202,3.5795839,10.6444
859.01,150430484,PC,5.1543265,2522.1346873,1.063382,11.9587
860.01,321011127,PC,6.4535152,11200.0,2.202,11.6704
861.01,372913430,FP,6.7391601,3040.0,2.537,8.3502
862.01,309254930,PC,3.3102159,5092.4594143,2.7252649,8.9904
863.01,238898571,PC,0.5251251,277.1920779,1.0447398,9.954701
864.01,231728511,PC,0.520671,626.6355136,0.5708161,11.4966
865.01,44797824,APC,0.7455787,784.6891758,0.4901724,9.7976
7781.01,67607738,PC,4.0160476,11445.5633028,3.0320997,12.4293
7782.01,77466620,PC,3.4695282,18214.0773343,1.598662,13.4066
7783.01,38691375,PC,3.0101625,4536.3657115,4.0712955,12.1775
7784.01,26040447,PC,0.6109884,6686.2526743,0.9534958,12.9426
7785.01,115018003,PC,1.2932682,37329.5408106,1.393879,14.4211
7786.01,346069206,PC,1.0730268,2069.5617813,1.3707004,10.9216
7787.01,17798086,PC,2.2189649,7841.3497368,3.3042618,12.272
7788.01,23847464,PC,3.2160092,13267.1371577,2.532896,12.7202
7789.01,37126544,PC,6.2948958,3948.2931684,5.6169845,11.1767
779.01,374095457,PC,0.7839149,918.1396434,1.6423921,8.2158
7790.01,434949776,PC,3.1764755,6605.2228675,3.7166335,12.7586
7791.01,51680381,PC,10.514189,7442.0188538,5.4540932,13.201
7792.01,33400193,PC,14.7310971,3958.1800259,4.6175765,11.247
7793.01,102181368,PC,3.6337832,14884.7409676,,13.4003
7794.01,441919395,PC,4.7464662,9024.1151982,3.964755,12.3998
866.01,381976956,FA,22.338916,605.5453887,3.4122327,9.0099
867.01,358460246,PC,15.4043768,281.5569106,4.7120319,10.4283
868.01,271596418,FP,0.556109,172.860189,1.096708,10.7109
869.01,200807066,FA,26.2588239,251.0105068,4.4279477,8.9043
870.01,219229644,PC,22.0379547,1208.1077142,2.5061632,10.7791
871.01,219344917,CP,14.362738,541.9770506,3.2043798,9.7607
872.01,220459826,PC,2.2395544,1152.7849514,1.1228525,11.8348
872.02,220459826,PC,4.9727711,825.5374706,0.7889782,11.8348
873.01,237920046,CP,5.9312003,1021.9253753,2.0314487,12.1249
874.01,232025086,PC,5.9049733,200.4796961,3.9528744,8.7542
875.01,14165625,PC,11.020153,1076.926754,3.638535,11.3877
876.01,32497972,PC,29.4829022,2066.5043819,2.3634407,11.534
877.01,255704097,APC,6.015802,5341.6796352,1.8775214,10.6237
878.01,219380235,FA,3.9773904,1134.0,2.82,10.8239
879.01,37084932,FP,6.58454,5500.94,3.395,9.5254
880.01,34077285,PC,6.3872524,3510.0,2.608,9.2563
7795.01,68792475,PC,3.9948066,6449.1673752,3.9176837,11.738
7796.01,301023390,PC,3.2569952,8284.2594828,4.0443804,13.3963
7797.01,127361441,PC,6.3586318,15929.5691381,3.425776,12.6866
7798.01,237343052,PC,7.7191755,12356.7423947,,12.622
7799.01,309845124,PC,2.3516995,90712.375959,1.2353523,14.6213
780.01,398943781,KP,3.0524018,22270.0,2.483,10.7875
7800.01,311010709,PC,1.6992461,13574.3442906,2.840154,12.4878
7801.01,301271430,PC,17.9697896,960.584926,3.7712651,10.2034
7801.02,301271430,PC,8.2485156,942.9139871,3.1106731,10.2034
7802.01,335919075,PC,3.6975993,6682.348727,3.5871256,12.5838
7803.01,449292005,PC,2.9924309,10139.3670875,3.1396855,13.0066
7804.01,250294534,PC,5.8597331,3694.3209466,2.9435533,12.8166
7805.01,353111680,PC,3.1063425,6549.9716696,3.8977525,12.1392
7806.01,422078739,PC,2.212242,5098.0547161,1.198409,12.8498
7807.01,69538264,PC,3.0780547,7819.7430792,3.9676098,12.2441
